ph,Hardness,Solids,Chloramines,Sulfate,Conductivity,Organic_carbon,Trihalomethanes,Turbidity,Potability
7.810169804926512,133.66036557257019,12246.682493658129,8.329335406501093,376.2377800411469,414.6199698779539,15.34527447897537,106.00056027707143,3.44632865482129,0
6.876751477278359,168.0891446956778,16482.574266529035,8.815992069808503,265.8736286565967,423.5710764187455,11.693706027507908,66.08567927266525,3.4132364164118156,1
8.032102151008019,182.77478611643056,13754.831696762374,7.90793006117416,321.93348668058843,431.40566913866246,16.56838962137654,61.47081749500368,5.081816627250888,0
9.318853888919797,258.41829329677205,17209.684618058134,4.050853648280404,332.27440675499855,502.7258747156278,12.325902800124355,58.16238396928061,5.424242657810798,0
6.7357945391566965,214.66390120342464,20136.584971423545,6.8744325566061395,334.35493891456264,365.8273693011862,16.761027173943376,72.33530817662995,3.245471682440071,1
6.7358186732847045,152.4727208236866,29353.615927199105,5.293982031631274,340.3031274666618,357.8166996158619,13.372691016489812,72.49640743122556,3.448184342697031,0
9.401442838795866,212.34601283315774,19198.414841088204,6.799882878789443,355.84129508791506,526.1412413625739,8.583334014165814,81.39140155920511,4.861167799213233,1
8.208129051854776,145.51011788359594,8112.544734838424,8.668406693091553,332.500375152901,388.8236784085723,11.028202244008098,51.79599966821607,4.38614559465107,0
6.389872652675621,231.9580549412681,32009.327025827763,7.602138320682457,320.47837368332733,324.1441130774373,12.855327314245088,61.47195577171232,4.49761392215032,0
7.877563264071368,180.88413269474634,14675.128267866217,8.933983568907944,319.0497210839986,387.00664937890946,18.808705668607793,98.42170605524568,4.6693490099853845,0
6.398775991565681,193.29217847614345,21499.274509875486,7.659971194727392,311.67981891433385,399.53843846493226,17.262785417051735,69.94179428635238,3.7822289138396212,1
6.395377262251722,239.9489358047118,25928.978259745814,5.068645015323134,362.2418157411729,551.866538027519,19.654981274786287,63.67929063263721,4.227376541492346,0
7.43568453920207,154.0609335006357,23764.12044853343,3.137061729615079,310.4144607517187,500.94520622216413,19.75353256505883,51.55068783674503,4.166709877544512,1
4.267478040353037,150.446725255336,31607.013754416705,7.355117843453753,364.3823078795579,518.9411410300515,12.509974836804071,74.37858400279326,3.300376551808541,0
4.5443707862058424,177.18709014300683,26213.620728847298,6.781996183165159,334.4666268328717,492.47207003804374,13.656108494198275,82.65915728275935,4.21577093570825,0
6.25343733201577,230.50151283300494,14462.790813592124,5.576425731776626,314.94185128021945,502.6759511032335,12.918663450465917,80.19224717442067,4.935414342996741,0
5.591138253108397,146.4290944990762,41114.045648684914,4.433008945550823,356.129236776993,370.6060833510445,12.057299896453436,62.31871038088739,3.7093760737021784,1
7.541943578915053,103.27704549010562,23717.85616978286,5.95910572271312,307.4898151605065,410.1609598258849,8.18465251209632,72.09694850864297,4.089004014017929,1
5.74520460898382,181.5404083240962,20722.32434495713,6.812703453913654,356.8439712319176,346.214943554567,14.231185053364252,92.76206931594861,4.131232954488468,0
5.003913559037121,214.50572009307194,30465.045886775493,8.172086961456097,341.4679220198711,409.2004622523023,10.024777884816224,83.28781374754408,3.747961650660489,0
9.234503690314686,235.82260371391533,24201.083816686507,7.418037108877408,312.22882573621797,481.4925243174364,14.166891072121375,54.033753555611355,4.497982965401599,0
6.748108838284793,181.14588602825293,25514.215389983456,9.660746250532911,352.88486222619093,437.08567524567763,21.283201379653477,26.24950013091943,3.43954880762111,0
7.179266460891248,182.846407424097,43863.6403180519,5.483745591448277,353.5337526863874,532.1907649801815,12.594067731145355,71.08010243671839,5.009463504582829,0
4.9856201662662185,234.29871713498642,19602.037160559506,8.512073049450745,375.61275855397184,333.9721898301184,14.924701958628901,78.99341935882279,4.458440338073151,0
6.279757394947982,134.91159033101152,19228.20715714387,7.194732014143391,368.69655302847195,466.63426111992476,17.281006157028727,49.22292976315866,3.2393204914751426,0
7.243056206873503,183.5993221197345,23036.16062787103,8.217577216107363,351.5346431090478,325.3346505809404,15.207764176407151,66.2613892361238,5.294447554211278,0
5.388039441189215,202.62923326183665,31408.31665590415,6.430306516040441,293.02886302331524,433.820400473922,15.248122662089,62.241465731181556,4.1011191397840445,0
7.632276086968138,211.1358193686391,8805.959654493829,8.813254990747133,422.2719337526104,486.03634387678903,13.080447944492455,68.04459530160179,3.40610093655666,1
6.197061125819356,179.6126539948157,4781.60942157044,7.586455118185484,283.05331013186475,408.87604757493483,13.51248390254732,57.81013955212214,4.83155252949313,1
6.651210187803883,197.502076054771,16866.715385960924,6.046476923829956,368.0863711185626,470.74654087626686,11.102365171558288,86.75135843259346,4.355843785169459,1
6.195491280022787,114.57867989331504,7689.111615646647,7.101002034317163,349.3665971422708,348.65403002215055,17.08040897942394,68.73346924757867,2.5878714306974504,0
9.802848931228139,174.73337468658642,18289.495865032797,6.741501742879382,291.3464946585325,291.76721286195027,8.515662616607342,52.537903705181904,3.559984952549794,0
7.060159079635238,211.27683138166535,26419.620410895597,7.892901794007714,329.28776406893104,471.22356379323935,17.49430240004509,80.86837816217297,4.187695923032805,0
5.525164934434827,164.0819950940487,14204.68984099869,5.255952735988276,330.93387069111867,567.14346701566,9.633758346493247,46.46376161121081,2.2855379914387264,1
8.289141020791687,198.30881136365008,9504.773231245312,7.073624310657203,380.9637593493923,345.719608384871,17.466230077193718,86.65647633372905,4.0363546666021675,1
5.285359834542597,211.0586991013847,22621.98484430565,7.744585459185943,308.00094406387313,524.9755116944301,13.10886398823768,82.02900711998984,4.093223910710103,1
7.38702948465699,185.11040776780527,29576.20711462266,7.172176825364993,324.31330746782385,429.7190456664542,10.202514642279503,88.3167564072088,3.0468763317468586,0
4.19928491789673,201.97314415265728,7153.868020634,9.248167166134614,249.35444447453153,318.2727681319825,16.197478515213596,63.90445470659572,4.181103011282771,0
5.127566508119307,164.7249805790948,29205.256089400173,8.342955983032263,396.47432734348604,334.77305659773174,17.354220541100815,58.57628253881616,3.9758217945175263,0
7.369386016727612,189.57868723639095,29179.601468600766,7.1081803411496205,295.0932776972546,427.48556753527413,12.829959674777292,67.72502316991489,3.0407905974096887,1
8.165545872593253,216.42780549439775,30378.773530180653,7.462368774046324,345.59455863360375,393.52540251285313,16.665220916127268,65.06843187917327,4.687257226553004,0
7.331911373349257,201.52970122703243,32696.786294229496,7.587151571341559,330.11512103385184,320.11350234816666,6.71637032264445,56.10634877666342,4.623525959918888,1
6.909997024889287,177.09071716943345,41319.652540693525,7.757213374583582,330.2382450604501,289.314685684175,9.90882628093875,57.669360336238626,3.7440050722551583,0
6.637377567483745,203.73999320903837,18892.14910858556,4.235460366849919,363.0484121332334,357.786611110259,18.557873559851494,60.62230019860787,3.815106567754378,1
4.906572674159882,219.85922381822564,22974.729244006,6.6435884526844315,394.17942531537335,441.8717059632377,13.539654702404897,47.94904186484337,4.53648587132437,0
6.0218290136597785,128.9884301731583,18363.078474874914,4.774586272254386,342.8689812317036,425.6927551821404,8.116073889454313,77.09148107698151,3.813482748372791,1
6.402861006689112,234.46876451510036,22031.421452648487,9.13968389698599,357.4545195571672,385.70496065441864,11.966752942737,65.57527414050523,2.4638916035942797,1
8.633969672541806,185.31730673955317,35453.143269735345,7.0238577583953745,345.6661401373152,442.5245041706947,11.223544435941982,61.536871540185395,4.349810514771944,1
7.585118885665638,210.35585410560637,10222.038666048524,6.814521299506196,370.55358566085283,510.25455923210376,13.730666668824618,48.88971488194976,3.335657729823964,0
4.488330971616781,235.72350638021865,14465.069482699802,8.536939784612512,317.05020204536413,458.0593633081835,13.052814243596686,48.100918142184085,3.665922417554277,0
7.556403435010349,151.2830855720346,34088.15202195088,7.787273179970802,372.64461463660916,416.407046265008,14.872264022785311,96.92936457989245,5.107139043002151,0
6.5139290477880145,173.05067425020655,30956.98466440721,5.336757467280853,373.9134651444964,501.20749885825023,14.050067369162377,56.50814981067305,3.865496790273138,1
6.084924659550241,186.88540436656558,18830.43133207591,7.0079695272067575,372.90288749380034,348.6444970779012,18.78073693417253,76.02803277668109,3.9713532499816213,0
7.9791641445960755,170.60802176064004,29504.82885628561,6.590436182302312,309.9222560744597,408.034252008532,15.685255865072104,68.9647455903258,4.367540474861606,1
8.595569298069048,253.39736524775589,25005.60777077143,4.363638036002435,327.6962778986679,409.9600839241342,15.79489303305077,22.635277968325234,4.364160476221746,1
8.448981775100812,168.20790127591334,35167.34256027173,6.029363551485217,342.4343369745249,326.25180718523364,18.136670080090866,94.66694948089561,3.253025741445329,0
5.846350240862721,178.1091773582667,22667.332746285894,6.8300062912139845,284.23776849987973,392.27996894580104,12.993175436078083,77.18800434529936,3.922967157883188,1
6.625457807498715,203.08826746878984,31006.04263770712,6.938377528242889,391.4204163202285,258.5325081868506,10.103185662483414,54.293841666613176,3.9981989717821453,0
7.566957244163239,156.85534507787895,45177.216082028215,4.778074350589852,333.33632607923136,580.7331080316433,18.275071774532744,65.9526602251453,4.182180979370485,1
8.514051336869867,183.3639750045716,27257.762855106797,8.939631621215012,344.0411538580346,350.4575917564615,14.729636186237851,48.2773782960442,4.195593113914963,0
6.375613870367424,206.80468869729327,22446.561375001525,6.958677166951526,312.92705954825885,554.3838829601561,14.741252498145453,95.19949694533209,5.9882041584464165,0
6.807081304304189,185.42887850794685,28347.948882238925,7.179333861123689,285.8266450044758,429.2876089071922,12.183677959734917,52.08623794103211,3.0528293789419494,1
5.453687588211139,193.30037394795872,18811.588701529156,7.753013788576942,311.95035993894174,471.856670519523,12.238208847427158,58.15096537212523,4.7344714637544065,0
5.321576262601414,178.97085346382207,42949.9521069076,5.8748395188322,341.70203934107786,386.7100882952612,17.08265094133149,54.894821797612494,4.893033128549786,1
8.274412958919472,146.5893609372282,23592.81420381934,7.84104243754966,358.1177172929184,443.0127984074229,17.53921069183549,67.66758314129862,4.354371499660352,0
9.073672841999109,206.94076885672078,19621.22080691928,6.540022059291271,339.6271462773823,478.7760678074655,16.874455473021438,88.00989120719699,3.462753991999002,1
6.974145121276909,254.05465006504483,14687.412284518188,5.703394845777438,346.3106059469841,479.91248060719386,16.904702914024522,94.61843506223065,5.268441063608749,0
8.555193359901276,196.97486160385162,31633.671780457713,8.026047039501531,321.599866819015,488.8194376519088,16.1634877683298,60.107830805614384,2.2602533655026456,0
7.611604956820022,203.77443153392696,29616.921501365738,9.476844696906856,351.71442318410976,396.44503370173413,14.715340236558697,72.36514415115364,3.4370519761700957,0
6.131673960730468,219.13979696069117,17653.66983430722,8.265230410107614,387.36957979118665,387.39213486597356,13.699493244897553,67.69164835676624,4.883912113833793,0
7.611251540097369,154.64710657851,27067.97152649766,8.578304552921882,359.25109044974494,297.38461115512496,18.28617194330654,50.92002189971721,3.681312949330436,1
9.340913752704974,252.33165681272013,8788.232858805199,6.2974036416315675,363.03684384146123,468.49132829320826,13.042983918676665,104.60370141137804,5.215242329344145,0
7.027335722508371,203.0205475384175,23635.769574898626,4.595760827913839,344.40575267094164,513.6770236620474,15.504631197945272,87.89071829741195,2.790792299150848,1
9.38002617404659,250.00913627305903,25983.50907261736,9.474417284917749,279.4559757846704,556.7974795541679,11.618716976771443,69.38235694994302,3.102560522720554,0
3.2289746969880757,172.2752054371265,36982.6431262619,10.36613352525952,296.02575158298686,450.8710006004508,12.097720188025008,91.34618599447904,3.5553222273009597,0
8.288196681431579,256.1296953944757,15256.144268152952,9.557634702556097,350.21921143599127,364.27076955125847,13.49832838039258,85.51492285955979,4.295571436478492,0
7.2079591903101115,221.84936108892333,10806.4784821854,6.5894582164119955,333.3846626621625,289.0676606607791,11.618963973033088,67.6909533488593,3.7968242827035823,1
6.6404591948151745,214.54842762196702,14163.667118139147,5.295677744808426,349.675921917128,510.38708870046554,16.920889542333175,71.54044605602246,3.5874885830013117,0
7.214888341507188,204.06238381458797,10296.086546984025,5.436221337445085,394.3659423208848,281.05289063870737,9.818006627385952,90.24622926527984,5.077909216256849,1
4.158273695536687,188.20086432389286,33732.87248666529,4.4597025431698025,360.0189410121481,398.68578447752617,14.608450053391351,51.479158025584944,5.150487080803538,1
6.757082324878858,235.8314756140362,35591.366886513584,6.950341782912129,379.27614747554554,408.083765233874,14.718601800547619,92.79410229675753,3.646783782748107,0
7.604955480122268,200.9836289219053,24821.50238869031,9.656971173770279,337.20178541547216,420.5973303102591,8.286253395761856,62.84997491799572,2.6363811102828634,1
9.252504245770028,131.71241884309032,32721.4636866592,6.896173041641855,304.6072254157123,429.10320810889624,12.820211154066854,90.44415223470614,2.287162613233844,1
6.318142779137738,159.64808100369083,23188.533932974457,7.597670182550274,331.6887170059937,437.3737040300637,15.126365470939351,66.31757655801134,4.156646289528678,1
5.891514403747014,190.2612501254244,21180.224308928413,9.29344320360065,304.69626945219034,231.024494791434,15.699089657803365,71.72405012839877,4.481645385330662,0
6.342417145930732,206.5596665766518,19094.272595103288,6.481529407304809,390.09677973775626,427.3943440766049,13.603743139533451,65.85895721685233,4.019138272751266,1
8.42564111302205,194.50993636986044,19292.820788664867,10.33613970161696,362.3447335059918,246.0379978560192,16.520499956831166,58.012826068266946,3.9146916764770086,0
7.563264131199737,236.43756986051773,8444.157761480772,10.267509163845977,352.591321628146,485.38054248648325,13.918163188548704,62.141234256264205,3.342456760538616,1
6.301252500462453,132.2372817290504,24330.87229114117,6.912844084884838,378.4469873285236,381.3503361595101,14.325191138968437,88.1485868279683,4.480884239252794,1
7.834503126676633,201.08973547292462,21660.47333235413,6.207495862849644,260.7751611791306,251.89986223470103,15.112974306345492,29.90563399325518,5.27898459554115,1
7.222703997541619,136.61302286152423,28548.838900957275,8.221636113296695,355.03530556152367,360.41412002048776,17.3483687711101,46.861507050427726,2.2408354116782663,0
8.503908136083346,221.34174315256462,22834.032003681474,6.570910590820205,286.41326135523997,380.14221184048813,12.043373412004588,54.95931114342274,3.909549072745582,0
6.047981952000292,193.26514205629138,20587.629226492412,5.292642757033608,333.517779057451,522.43043609462,12.668619601964435,49.394502623283955,3.213128287457392,1
6.5983366445012805,210.16257978043276,14376.1403315262,9.14435707256631,322.51488760823486,442.1002959108373,12.065952612376298,90.21237845625227,2.807436524637996,1
6.503601014895729,167.9741670854144,22646.67402246085,9.041986871897787,357.69516116118365,454.0445959529704,13.1804255595702,86.23356594074504,3.0886188207881555,0
4.928633026245786,238.42601230359028,28486.38559712838,7.365708333946426,342.0266886230489,521.6645202613668,19.00083539424402,75.73634163415309,4.266144827433836,0
7.515296807284927,230.61148970761445,11990.174097199844,5.124673689109479,382.39253465433,418.44058009282196,16.17572080698171,56.341829855879276,4.285870514121109,1
7.463751250104437,215.55110124000075,22780.992517482387,5.17734852307653,312.0274366038953,487.1559291310285,10.536092943491132,87.45376793934354,5.109024453716344,1
7.0875167812644175,192.1127680955987,24057.231155937836,7.289422275702261,359.40739404134683,481.4728166168442,12.292520543901487,41.35519106705027,3.97684960677346,1
6.735156913938534,215.429908967651,15718.650887118445,6.330203765482049,339.6427470587238,322.2504002246558,15.513859512354891,100.17906623513295,2.5985871287017286,1
4.999405009185891,173.13444129025584,16860.218567921434,6.5810731672162595,274.6806096396141,545.2418029082665,11.279459245112529,55.60338809851003,3.784227756946742,0
6.461651375534922,224.4921145120108,24035.90835162862,8.734701784994806,300.58120118897756,311.4354131524872,11.879124464903153,62.26770455156053,2.8886243236716886,1
6.576209660705649,250.58843699642728,12077.127245794367,8.278423321527642,328.36340786850883,500.3423989443049,18.731816495036433,59.629247477698364,3.028699208590836,0
5.90065241424422,231.56096910651584,25081.951694045933,9.29746543518623,373.978249139087,303.6153278876558,12.249726669753752,49.477096079663866,4.422836065557067,0
6.8429100038509665,172.38796681743045,14164.312274623851,5.554815307063933,350.5389513001141,474.79594485053667,17.43994716105727,96.75903396448523,4.121461106363648,0
7.673954759517372,208.2497872187669,31332.372783171606,6.577757321474995,291.58652022495096,576.6713413033154,18.435119757347405,78.84086832747136,4.428301164439558,1
9.85269327477948,153.86443745665326,42510.36354420066,8.319191078826979,328.7089715183756,408.9991947641774,11.852240478230728,85.56797044859826,3.6911555791280524,0
7.336629384862803,215.18446952834447,14467.637145415756,7.827963778800369,406.70352505938007,405.4939005010372,11.334223937795862,47.10273557960165,4.5866130594717776,0
7.458599074362463,211.18133418079165,26697.61319724712,9.541161004488442,337.7996113211486,475.5396563447946,13.366002793747343,69.25338953185307,3.6475457393337134,0
6.970564503823734,134.90913691957778,15642.576569261215,7.78444799532843,321.9504537168836,399.5914723936669,10.676642244570301,74.61662243075624,4.841012609538953,1
4.259406313510409,158.18216505060062,31140.374661145193,10.040012384486772,351.5514706169298,573.1451020494574,14.680622137844077,70.66983037638103,4.2388183727878035,0
7.041024603089651,187.06322446403237,10921.27851811583,7.973228126722563,361.36902589609235,441.74105567875716,13.59929217176529,48.10091067665765,3.8085424410219986,1
7.168538408613309,186.48074011148105,26227.504646090194,8.798224567190083,317.29407592207065,400.33710204068313,15.473519852583657,83.36063533323015,4.135432574457356,1
10.700965905353371,156.61449313278388,14360.394939818661,6.608846384080557,351.9430523457837,382.5495264907498,18.90388284013064,68.3168448055219,3.9560686532395644,0
6.79722938177175,209.15573083380627,20199.408500919108,7.142573794776703,321.8939335903169,350.81843412531816,16.985875286349756,51.34021715790985,5.21496308194408,0
7.52327459323041,204.63593752587462,12974.854276970276,8.559292158066372,359.77649953011587,375.4811195201272,15.899383656614898,37.142698991254505,4.161441345611456,0
7.028973698533292,189.98437363186608,29223.82571895138,9.668505509537026,339.91271072908216,397.8720830584488,7.772379753076191,75.96713091773542,3.9687421155322835,1
5.362043284699288,171.5271333897946,14676.09072714662,8.27219437991099,351.1983172696915,386.80388647057976,15.747574500758862,105.04368692725377,3.783977131500377,0
8.75994953733708,230.84100324531244,26853.287613341778,6.988588600343301,306.3431066415064,373.0228560969806,19.981897556932058,50.38944010932914,4.627683691011109,0
8.185341558049558,250.78323180721227,18997.30344367763,9.29618934665478,304.09871007960686,595.8173598247806,4.31517047100226,69.08794998501247,4.522172404461734,0
8.24281696215328,180.47533402596434,21010.484387793855,3.6566737230777884,367.9502725903905,342.9680168688843,16.561856217249318,83.91254209127418,3.75640352835615,1
5.743200441451734,176.24807343312105,23309.500024035628,4.872869487619139,330.9106147767282,438.05937940768735,13.752523117556102,46.377583763582486,3.0685996185942095,0
9.142107637076066,212.51599596209232,15334.997883892393,8.196982073396054,344.0811555794709,474.09162279877603,11.467178539994052,58.83108175152917,3.2664648520648845,0
5.019278937695347,184.60157428771657,23858.42686884907,7.142291202879937,322.70686926509313,477.12902712312143,16.931735612748565,52.8352960510477,3.8263532191570873,0
7.942679927886397,191.7880140141995,35430.88510264493,8.076711568776181,366.2599856128531,421.4739622060184,19.939126531010263,81.9283514773831,5.022163454772885,0
10.299969769940668,220.68239909718994,15192.354050803853,7.221763885442469,311.81374732172816,406.7588251690189,16.846013712452965,87.30349091871352,3.7748622291874074,0
5.6239116020578885,133.60946540363528,32287.61904241475,8.02209419747412,328.87937118998207,462.6995527670645,13.051354641324346,68.90800189481946,3.50658358422686,1
6.247542337483925,239.70259741790724,35148.256515243105,5.833243542830759,362.18578025109116,447.7476145347384,11.157114881209,53.12585373196303,2.596638935666056,1
7.226487506678833,198.75900883470544,14858.671495543662,8.021368016005912,376.17105264779656,405.28353656243723,14.75871746784339,59.417186908877845,5.150562319769792,1
6.339890788449187,182.84422033824114,9257.29161461196,8.691174954567984,314.8513392222956,299.99459261894873,17.170190357783056,56.45703843032871,4.413841953865539,0
4.800524756332785,193.43687335074097,24661.450662812902,9.048469954211347,404.6029791078856,388.39708399825025,12.998854483166362,50.98847005220519,4.5908877766045695,1
7.18078757296486,195.13505289952445,17214.84234417259,10.301415785544947,345.10055481008726,333.55728127080033,13.318832297635863,64.79085757309282,4.720116680504913,0
5.5184135408226265,139.4654131557653,38396.56420114245,7.505675540733771,296.0885726182322,372.29683675914015,23.6208208269651,75.46501365996357,3.841510421568009,0
7.7761808730337165,245.50861953638787,22319.255713296345,7.552779517218543,347.1175410360414,428.89476990455546,17.850337941126693,74.13135989863775,4.035980694323078,0
5.7284463756763095,197.72837353273525,14981.023283891736,4.71338750660532,319.93840838856784,455.19946779636655,18.086925925482923,66.27017561073882,5.131109514722556,1
9.358403575375783,210.93148002780524,11956.678720272794,6.280369986201289,349.4672351268,570.0883868319393,9.446453650945331,67.29973900673599,4.110073093668927,1
5.928617660265732,227.64744095876878,31569.537454489902,6.814930323069552,332.2311752095554,382.78219052078276,11.939205471538646,65.11394396143419,4.4282697262499155,0
6.606569571177657,162.80439001999292,17006.388726889898,8.779504892596641,336.46425116347183,488.8074975865849,14.52719622659353,45.94297402734787,4.649029559416399,0
8.275870309533415,211.93302132128795,22398.34716549345,6.154618223938386,300.8350153701767,450.93462957482154,10.966234683400154,68.9253273254199,4.471486439289662,0
5.270629454842086,187.57263734215667,30393.832501032495,8.378217231203156,369.5608128780892,530.9395717644014,19.577315059323563,57.19622451738018,3.870028047192135,1
7.41436610386807,224.20335538136615,17768.485649201466,7.117437687197859,291.99755695116164,472.7750428305225,18.948133734815038,45.152397433855676,3.943570602605143,0
9.00149984879517,126.44803469304635,21611.4213948044,6.840074378118676,293.70923668006344,344.71461586099275,12.513964933258782,72.24602679341277,4.5765595416212355,0
4.716999645194996,193.11277035106949,21868.83094035171,7.513252471230546,347.05640301819017,286.97065037297557,20.184770587870773,56.75301732567955,4.575282230749087,0
7.351411772042487,176.55528504438118,28004.953157099226,6.501972931840509,391.7067910930118,451.36305795013106,14.26592555985699,69.99167933825184,4.881221427235181,1
7.462027707545182,210.5784831873447,27193.281460616192,6.442121148013588,321.0372854720923,383.5058748596694,22.85087996455775,79.76724834364487,4.399855646981674,0
8.229279621512646,211.8203524387928,20084.30229193073,4.426438268851619,359.1131397425213,346.9908461897322,14.75891109203787,51.4147353675397,4.435352378601803,0
5.26168245500922,173.1103368372,22572.115961424115,6.7282323524219345,372.5705139918485,323.77704569668197,16.187198003587078,67.85275261829076,3.621937973908132,0
5.138928778766114,172.96084508453345,18754.617896800926,6.361650329085013,363.22269556380763,439.218429960018,18.91368039027124,37.849631155112206,3.516703381363917,0
7.84725410145684,192.73242933552058,9059.522177683637,6.304750036828454,322.5329324292631,548.047859181513,18.508966387863847,90.56804683890829,4.578891925994166,0
7.5165674696527836,166.8973699881491,24272.535965006602,7.778659438892264,294.34957164060614,393.18518774349474,15.970523138909806,44.96752134406391,3.522135646947228,1
7.448224490008439,224.0460040695114,38603.37037132849,8.160638485409006,253.9992309766372,473.90974383799676,13.812825542640903,58.2812939239934,3.953853217568848,1
7.589278867960554,184.23415932129245,14266.321038159094,7.486867317334878,324.2809443494291,417.94585623891635,15.981779236977223,87.50625108235761,5.0456381279576075,1
6.080363659279619,100.81729723089767,15236.760739079895,8.692756000910169,376.35607749983694,322.0150333795548,11.578430391090059,62.70157345570286,4.922044828029169,0
7.421412934826675,184.04959899884125,14380.219358611841,8.029387842811976,293.15264131070364,485.5901046690768,14.783562609440223,47.517038487044275,4.205395288021803,1
7.510816535749061,162.23306460885863,28366.75278017472,6.653811220107086,359.0855838893282,337.7479359221481,10.608192067431636,77.64516487315866,3.7390111277297065,1
6.02990341550124,142.74996394579873,25946.065128594655,6.38868706857128,299.4414875639253,427.95764801826596,8.385281771334203,77.28969692812419,3.8737644499320667,0
9.822688531382791,155.69578640162405,20624.15358691567,7.6142591340916175,337.6134629106203,398.6117352634213,14.446912589301556,56.41465142821028,4.64677491002338,0
7.776534393740327,199.96625646914973,13965.605742227017,8.026552033645004,359.35958893556233,498.3795874872535,18.458139818123236,58.121908767293114,3.941530563591991,0
5.328783859112106,240.04242402451936,22823.978578969294,9.328594005109768,309.94583491265917,340.7008182984438,17.344413363682957,59.53360053335278,3.5345397334519943,1
8.04513380469173,206.6643736559419,8296.687946557717,9.00205341100535,339.94131636038645,457.79619724947634,14.008870301148235,63.13523213998129,4.91830430999822,0
5.6472179447658375,176.43423362934865,23271.543699750022,6.264472649718673,318.7785990907466,358.34597151215144,20.062535900960892,36.54784611694312,4.111648108520839,0
8.237014367501404,211.355570895261,29654.94474344172,6.958830077398926,359.2640725340257,384.90758779171085,12.39640679629784,63.538945710167575,3.519740459626438,0
8.783135501140883,181.27970150310173,11044.53939333112,8.180208131770076,342.28436246903476,150.0,7.9319738894485425,94.53232690534826,4.343573347367452,0
5.873596992022986,173.53848586560744,8578.149787830669,8.807436489333176,335.8221873538737,595.2724855724432,7.057244716194814,52.27055361667718,4.727550362290157,1
8.496162909989152,158.42609909518183,35861.38526720392,8.60357176055357,390.09876755953104,470.7005057416878,10.370257986628175,57.19830603098183,3.184015009465547,0
7.686787962596653,138.787387122071,16650.65253574622,7.019073024126472,357.7157439851904,364.2006496613369,16.983027900197975,47.734349451392845,3.8136459475847113,0
8.2884284351919,183.55320776539105,31973.206033394054,5.138644209162944,308.8306835581959,335.3265738258107,12.17880311772295,76.05379357925473,3.7775869732810388,1
9.868285684501302,201.56521821367474,20663.957049747616,5.541680525531966,330.67687862516885,386.15662427982045,15.805773104547669,85.37442233790529,4.3227839893111115,1
6.71927946947578,193.19397996661058,20594.194870267485,7.550760952624675,331.037017907221,484.14103520875983,19.729197999662965,85.01361232383115,4.46296649183069,0
5.97200783839449,182.69716707837034,25857.754971407972,7.660716415490466,336.68274935467514,273.3106171634821,10.638679053867461,46.71887301314699,3.5398503492020015,1
5.772413788450481,165.2833269848968,14263.868703166903,5.384086589973672,425.0157652565948,414.76856307682453,15.863834112244394,74.28171558993706,2.8056540827933008,0
5.880758881100806,216.36305232068491,23175.722931369328,7.190419985205049,347.1825874025754,569.2955697137086,16.06396777049044,89.0102380395585,4.774803028587533,1
6.966660487161267,153.07587379135578,18669.48455767177,8.117334484015418,260.20248111641337,334.5757965904417,11.430957258154027,74.43738720858865,3.0964426889497743,1
7.581493402980467,221.87803752803504,10437.020268176106,5.301061881138712,314.1632451621489,432.7059149824909,18.762438162561224,73.94452070633136,4.181523679934225,1
7.486735475015128,163.42712658787855,24972.87297000353,8.865895578850974,263.94407275790144,604.2594661709794,13.327689646131232,58.96219653492356,3.867054898990068,0
8.295959376082955,171.63745374820576,19705.609896305727,6.523500785275476,321.8610909903633,477.2941731953113,13.009777633177938,69.87113192122608,4.0967062460591785,0
7.099112781060524,148.1567707844627,20637.417213314704,9.107028717871108,261.95860829768685,436.38590393342963,21.26943975296349,85.89673769397001,5.2579624979313495,1
9.216695093421256,179.88891143186913,11404.330672071093,6.277145135674077,302.280720375587,467.1512919211965,16.010357917233836,71.57585543212161,6.339859658625027,0
6.690954455140204,228.42852051017115,35966.26304626109,5.497931737042997,278.82112391902285,393.81607227786594,17.342711719458997,46.71470709741122,2.6959188191090853,1
11.07864867488674,213.31869526715286,29700.44491630995,6.396143556050083,347.6635488317446,531.2332041653709,18.764695603337287,59.208222796510235,4.737446801159681,0
7.999731001214559,228.53073482236152,30467.066392389097,6.969665965537835,333.79949256540766,393.9401408494339,12.12693106178999,85.47033832827944,3.848126737311436,1
5.819978392068065,213.53282548484847,19336.186041412213,6.50620174730106,344.72905779300413,267.8885341980457,18.416907831247677,71.52120216193677,4.787326520695791,0
5.505788027850165,160.09237273620676,6853.94589565893,6.778717753914481,330.0015128171334,394.5887961705714,12.618730479357712,68.27760897389332,4.716665199419748,0
7.789234450407482,185.4969581963532,39135.76586328351,7.647664936488381,283.3900793076123,348.08818264066355,12.477296581290235,57.66317504069954,5.069600949614568,1
6.751509705570999,170.72485462590902,21478.434094885713,6.849536595721689,352.33866228486613,403.4867118743257,13.379680091660068,85.14420907702805,4.192272633826904,1
8.129580726315375,240.10599709576326,15449.189964339104,7.015542417555829,403.249195608138,405.2734171856942,12.220965396332199,92.616246667657,3.2761303417350813,1
7.775659308123111,157.03155719196715,25668.28526785559,4.419422289259899,348.56894259084055,522.9737687762346,17.001337792095207,86.32049246999438,4.693566601193504,0
6.972941498394397,225.7458430502201,32246.50638620615,7.738882865296547,318.38708498066313,482.396605241749,15.164467268530133,89.14966987019353,4.06203810939237,0
5.835213234439445,225.72139371047524,21812.000473170818,6.979058789647165,282.1696522555492,447.4844840509678,12.654047187617355,60.74320258311756,3.787602292195377,1
4.853174579711779,256.50961603040776,33223.65256961312,9.664262909162936,300.96245967673485,425.971981310213,16.51261165974246,58.51233333441354,3.59854537305013,0
6.423623020461479,182.90360170026844,31508.999550963243,5.6354870357387465,350.1528531885142,340.64368430418546,13.369146132251194,63.934436613917846,4.754941743902001,1
8.338906227655505,219.78402938539992,12577.208562373053,4.262893380970767,372.5624854885294,249.94922904423657,13.19408707409292,67.00830002596553,5.220628203765754,1
7.3947178038714,271.36789586703173,16106.817171959068,8.096548220409467,343.20770355445217,435.3544605206508,14.441143659024108,88.96718193257529,3.037625004214285,1
5.248763995293378,176.0681180791894,30409.038544021278,7.667512688934541,362.6879266499742,490.42495566078736,15.814053777255179,84.78603388141694,4.455122749133566,0
7.334575961001238,145.91322706361134,320.0,5.52667582756079,359.35549173914455,417.45553889500474,15.570395719439258,74.89166223700337,3.679537995370337,1
7.64641654820139,134.57407018545183,20703.777563213116,4.702996651093535,352.086152904687,382.98842217560673,13.077645206743131,43.83018470259459,2.8255275294101514,1
5.780729568784334,219.79684438867196,9469.66376418013,9.549086834481178,309.9827642672582,463.7464199709605,17.083938096624422,39.779895510707284,4.085210540195146,1
7.305975905739926,134.47085266111435,17836.03321545796,9.354294417158716,340.065595722782,419.4759248675465,13.543875359926338,70.19209748552286,3.320152531452143,1
7.16556681611562,184.13187272993048,19394.26555086049,3.1898183212443154,303.1196261676995,562.4349881534158,12.112001342705138,80.2817507523233,2.739352482315846,1
5.399833662188984,210.74448445797066,18873.27914267796,6.396007613774729,334.4098823599058,525.8267773225381,9.420848342580065,65.14522763748862,3.3602424316648634,1
7.605947419711977,202.4567198955993,17172.288582640776,9.749423446558561,345.7374080127582,503.7478460880552,17.53432077210676,96.59804404350945,3.1683363440271943,0
7.904353253761305,210.35437268573375,12395.179280664774,6.367821158710971,394.45124679896094,487.4424937693023,14.321011152202164,49.32990473958253,3.465584254610555,1
8.672085327467657,203.67666756017408,42107.80321579079,6.3448326702378885,286.4462864463537,321.95157123817773,14.977987506669804,47.344289756454415,2.935810419976123,1
8.629089016491307,238.40631928361125,38386.55890674352,6.673240262345598,351.1816857840258,479.7865210628706,17.741607650965395,55.92428903253997,3.6617907152715534,0
5.054826029103076,165.06736056511573,11825.991678674509,5.348982781446308,387.3118904212767,456.6209006374197,12.699785373411228,55.32477294797422,3.4136656800945016,1
5.701397191324769,174.11716979886808,35884.87144553117,4.426454324119691,361.2047582574141,475.2151823012899,9.730738487550635,74.69952814911483,4.262978824173613,1
7.83710184279673,170.972684033948,18511.88416796169,8.783024750960903,363.88264830369695,466.01777262936275,14.510974124332373,59.749604096427966,4.432960409390686,1
7.835265347840947,223.658404855924,23146.706291817973,4.2081596881286725,355.0192937535027,462.79774472400214,15.299352737385778,41.99055592563551,4.172915889887185,0
7.837120098869891,225.96610160054576,21459.35264057296,7.510688894331834,380.70180846048356,644.4670194043027,13.409969591009165,80.460192262082,3.786353322858663,0
12.74351529126244,211.20177624599935,16229.921919938994,8.520795598557086,294.47853900441896,420.0534360111854,19.15807138343212,38.64555812584252,3.7653064753599947,0
7.919209050718956,235.27143683067192,30639.74978243412,4.82706244773617,283.69261029183525,501.87542374481814,6.05078866084231,49.50688862312112,3.3170815098191353,1
8.74928149106548,157.64779668933838,23117.76616746759,5.659655923899787,333.55108416358564,388.14931343256586,17.98738747144828,40.809917379369196,3.3358641656602495,0
8.482382592335007,251.17165654668588,17836.05406580957,9.036823117658713,255.67560157691838,490.10174639396274,16.898718582705587,69.66630253940768,4.518811017101415,1
8.037545139419523,246.43885349568194,10576.454290629183,7.961968917958723,378.2555393629933,502.1164403296847,15.79191127418852,69.33397242062462,2.597431973052638,0
6.616554210378692,220.5498950494677,14179.736987871316,6.144688583131359,377.8966471652052,455.6592712933074,3.2381658712572907,96.62248464242789,3.907034548115905,0
8.195684754125104,254.93773013130473,7623.733009089829,9.01955342531065,318.1187109392452,561.101845413445,18.529671872624586,80.81104636741533,3.7176473319822634,0
5.9439469346297695,141.91679516363158,22121.256660371928,9.026326443057798,320.3803506366892,354.75165350171466,10.882503093795219,89.13476031130651,4.4373230390724165,1
6.731876648092187,179.13138976104665,11522.647519356477,7.545103254964817,331.1653622480547,386.837675703791,12.59953955155099,70.95137420097724,2.8584906529305667,1
6.366515584691218,172.20057524738422,19685.85990783207,5.6977468399596125,335.66002630688786,443.37243475155816,13.715338279544872,50.99378518140182,3.979734950279033,1
7.200354984897894,220.08502537190387,34026.08807402845,6.466751048514563,338.37606543968144,497.38800183006,15.628553694698038,68.42025688343745,4.237527786260103,1
10.482548093010058,161.8518738892775,32528.625194705313,7.572491055449516,353.95450834258185,440.70969961584353,16.39650681965734,75.74247928649783,2.484309649473284,1
4.33512016689013,221.26886555872315,21731.111045716705,6.822020169946969,327.54128360227355,530.1121877404188,17.23530223479687,77.49904241810734,3.132024181167845,0
8.088802479850536,241.419523053172,21250.59817641599,8.603552341611065,367.86700598768743,372.7388415272117,16.980475118359887,58.95006048741145,3.898403919486023,0
4.709307669351212,219.22131932576107,38495.38254592034,4.702956953427249,349.89655266530843,334.0398522644299,15.117189045945446,74.10816269154844,4.371034587954758,0
6.386260157289533,205.69689614775353,26579.678681092504,4.759063624075343,311.84434106616294,451.1098508755149,15.656704001480625,51.68614889983326,4.112349462667906,1
8.680757377542028,163.89860328459238,19140.135370776752,7.405776356142243,382.0309718144401,419.9730618872522,10.669605200628364,49.947512340874,4.40715431730085,0
7.174491628070331,168.53400874345928,9511.86118303806,6.3433598261850905,284.6925925215333,470.07881724214775,11.794101269429035,48.804075101450906,3.1280894401402897,1
5.49571517644392,237.44497341710144,25467.267094490482,6.1292631887775695,330.4491275969118,423.9956208750778,17.243973340363695,66.7883518395407,2.7307747272121397,1
6.028503547387847,221.9872017583683,29284.96225870165,4.326470383704452,368.72439487486736,398.7330007197184,17.051163401071936,47.8255206804467,4.035914528490296,0
8.079008690933973,195.08742839806013,16476.255804738248,7.150882434781128,307.64813798847507,420.1542948290059,16.675776068431034,59.701780971734216,3.0111044741929907,1
6.0063610513758094,182.63331323067518,24567.13153092881,7.03664692935879,344.96734107416484,428.54127918823724,12.577280518916893,80.63899401579812,3.295048585682714,1
7.398194126685503,129.78169521082907,18826.55930162211,8.15249679148375,353.41629303554555,401.5644611592564,17.29372895673363,50.170624976705135,4.697177116764571,0
7.1469906046586065,161.1710809978425,20400.635628770528,7.228871690331136,302.68066741115797,409.79489933660375,10.436280862290014,58.44699923163693,4.117497654278144,1
6.122147489019449,259.1983453942827,320.0,6.910485556380015,331.16065521387156,393.5956224380878,17.846060970644125,67.5296252347602,3.526846973900777,1
10.231597811308228,154.28142538114892,20069.681423897786,8.979661006128733,328.1239515762391,495.4371083366467,13.416517647876102,70.29340643716385,3.4255354263800486,0
8.011860962807477,202.59820172353693,30512.773629150965,5.046301660551292,313.8401940347809,441.8888373741136,19.854604044987493,58.52618738299631,4.454318814373549,1
4.103040397613317,229.48468339892617,16478.438572760206,7.967494965779171,416.962529153115,608.578167275958,9.244026675263244,78.80878328395343,4.135337329806987,0
7.354087842711059,155.12069190276466,22474.600751208367,4.479587479623349,306.2013363864805,439.19653478881247,20.116867391990308,75.71143278337512,3.022645818988301,1
6.10717389679047,202.44143330605422,15386.496285769394,5.795388229598724,370.0981808276133,381.6952078227408,13.083553070468941,84.37553865078405,2.450697488181261,1
8.33307700215045,227.19928371797522,25174.165077644288,5.204001730455165,319.5841712499155,642.0272770426842,13.023923662601126,65.11313765304688,5.437805429459317,0
5.91499451450393,196.7808527110913,20115.781326864933,8.355469206014032,294.50896813368587,459.63514758309543,14.924916490842325,58.31284737487347,3.016466204252305,1
6.911337431043658,290.65440843976666,13779.54338728649,7.016651830919278,337.4957067476242,506.2219840288085,11.972668798629693,55.634893012868844,4.381603272574096,0
7.822331300101272,141.52314236067372,33696.87520385774,7.098664873543097,357.23823491176427,474.0578420725933,14.040591005689363,71.24182395774605,5.148340487223776,0
8.352660135430078,231.1704067772831,30158.25061700004,5.371361879387468,367.04721604287363,476.55552127755107,11.83845706195347,60.452253305066236,4.085126103689862,0
5.315564281628009,190.6900068917782,16710.73327208599,6.646484276426035,390.2402610990742,469.49620388979343,11.95947971245889,57.42419260597396,3.5016593923555805,1
6.588283183313806,221.7430154894815,26378.31459997682,5.913724820771604,440.22120091825445,337.15054632044615,15.891592495494892,59.33050984285127,2.8576817474773444,0
6.381830392593394,210.8757660763542,26725.704633486926,7.725858923469661,342.8335833237272,455.91002233343767,11.295818210545361,55.61820104959055,2.8467917816703765,0
6.119606028116643,172.27115580099442,27645.292656627033,5.55407600617605,309.81584883795045,319.1479580358622,11.737277082131854,69.5385629482683,4.263821981967581,1
9.675217733213213,203.89711142013851,7160.158880955076,9.22107509702402,350.14687817036736,412.1197391895031,9.736060963339385,44.12356321128017,5.101761531900988,1
7.6753231151126045,135.30077929253832,30839.241064737485,4.47258288959393,324.15906397230935,367.5728533351207,12.611989449327966,71.17856693233017,3.6615419045704676,0
5.226500587127484,216.19874534378172,17019.408161268642,5.845698664718633,367.24441593285957,455.09716571843535,18.621402718386182,77.06917395155453,3.536538039523496,0
8.429257062170521,206.17046877710857,18876.93020709572,9.769976805746433,286.90048232934276,453.21074204740273,11.479959651259174,57.23953599094402,4.514035250832726,0
10.19956960960857,217.36275974329877,45141.00603486819,6.432480778219986,419.3716103623518,465.0913994327347,11.85829389223023,96.71052253759525,3.4349611419542976,0
8.597723933010187,231.15034934561464,24660.683359658677,5.042491710241029,364.717578145187,449.4264360438537,14.921881642853881,66.67788807410498,4.184096667950168,0
4.8465261500476,208.4536641476932,18627.11200358526,7.466133068809516,272.92009479684657,377.1724441302411,13.052663804123567,41.77762115651476,4.0026051310667,1
6.368175912886611,201.23769922876934,2679.7670163432376,6.368880257301023,308.15569547033687,405.11830802549076,21.65519117438734,61.96479936707071,3.650614914309117,0
8.942359389304336,167.40928377394334,34198.47180805851,5.799324996123077,363.2731689342777,500.5872137909749,13.74203243692159,67.38808740563752,3.957880236185514,0
6.039725885540392,172.9593034988557,10220.327417796696,5.388524118938027,376.29307419003635,512.5034980921604,15.3895727259795,73.48021835134227,5.3452586494269845,0
7.732414559374956,235.37796696522886,13216.710342072049,11.49403029688899,287.80133215183685,333.5384577999885,17.403874677685756,62.340320634771956,4.441535696398746,1
8.218712058541126,243.5823447855555,19109.048182868035,6.722547997709064,359.54875423464676,302.49573801665304,17.340352736006036,50.447536752141765,4.8221506273196635,0
5.717412206780218,188.54330995842278,34432.09795254855,4.077603570674054,263.40313700199806,367.4700689432272,15.052181894954925,49.132155652369306,3.253418398482353,1
6.992497726589154,197.88211030221512,28793.262808295643,9.480061419228743,330.55140182187637,510.67322470402615,13.746668019069336,56.09273927268505,4.8248301951339085,0
2.315337010098464,166.63532549395492,20630.29224860318,8.085492030074702,373.96937287360987,524.384778479091,20.97953445541534,57.603882533079116,4.468435970865809,0
5.574150167238594,234.9185175039409,24716.95742909618,5.908983038988735,313.84822151407826,351.4840329447813,13.949793488709776,48.501457419538724,2.8003150446836935,0
6.708724817452055,218.24225099474876,16750.370541889657,5.645671839875896,279.3198281091522,451.04366887543347,12.818005754341728,54.84353644939467,4.391036772029458,0
5.245758722511671,260.1778171365634,23238.46601676803,8.184087017930004,339.06420274108496,574.4503960310504,12.142239848746797,76.79966093040863,3.569646173300152,0
9.479644616779504,167.49952045310198,22657.050108921223,6.729869042566662,311.9254601597938,459.77132047579136,8.564281399040638,92.39546682334206,2.7642731324660197,1
4.97769217439787,183.9448803592712,30507.51849251443,4.07695504685674,356.53223934961926,541.0816804796863,16.99954813990501,78.31363122774509,4.071225071215544,0
6.433134604555434,203.97762747341557,30493.563050390432,9.943839144075376,301.78430273963926,506.91709412841516,6.507893605596264,86.99342932916603,4.390453221028836,0
7.2721886486105545,217.62011110504608,26344.903324594794,6.434295069698788,305.85690280793693,352.6568425497225,14.261057396604711,81.76184824404542,4.088254293542759,1
9.19867173492719,189.28100475380933,18837.305623055086,9.483003343642235,260.7409761235325,410.8576011672011,13.601911300561715,79.5384652788419,3.884871903820311,0
4.969282637766224,167.67576895678687,28517.81667404595,9.13992723358583,339.92180185740057,429.0185093907642,21.69428478628609,61.07295293158594,3.7121434360025014,0
8.789850715667791,225.34186547571778,21207.781304050663,5.538404919717154,327.9648955306837,434.62501908600444,8.217234432957895,68.62216455216216,5.893938647286414,1
7.095042599698793,220.07371936687326,12528.69788918716,8.752439985693774,290.83177799945383,500.2585427273709,11.297348120081777,59.766832969468545,3.047595876947656,1
5.637182282959512,166.25207031447036,18478.373172124662,6.090720771215384,340.7838855155427,459.23581563947573,13.82952072176374,62.94468004999871,4.650879146238619,0
7.759292107167008,240.92340487233764,22755.157508043445,4.170613072849772,370.89832066527913,188.9356017332905,13.626177892977053,67.47499517309647,3.9820299172934077,1
7.372617752493001,234.83443157129236,29994.161125019065,6.449134897685015,325.98937452483915,320.1193775313768,12.461007404418751,77.65293821040126,3.303516125111715,0
6.197681190576572,200.78432586453496,20405.056303218644,7.748267252806521,343.4715535665661,249.44774826078594,14.011930019878825,73.0758097264935,3.9322487405097086,1
7.182609064935328,198.98638173630033,11412.76678285879,6.388876096165786,343.6574685600078,440.3812650973575,10.110847367441156,63.847952522263604,2.8835125426808785,1
6.513589012613212,214.58187893657987,22511.557388050373,6.63486362133834,290.25552004575235,445.64380695348973,15.462308429473248,67.27584594386158,3.5055174826906543,0
7.2468704975193345,168.0458200806768,23008.78519806501,8.926834350987209,408.1050115603725,449.09740890533214,6.595883517723215,73.23572214203192,3.9333912258482275,1
8.053332091545938,197.35713472012338,23643.371235245082,7.288260488858345,316.76348713938063,348.71900668598187,14.194703432046278,76.92481028817207,2.760128694292679,1
9.411444719733668,125.62115288869626,30078.81515082116,5.787588668169775,357.49203953523016,480.6875770537463,12.292819341987572,42.44544627543392,4.364978380020686,0
5.260411216724532,225.17909706768148,30947.22439821336,8.229207911394376,361.57944011905784,484.09117233962183,17.643913090524464,49.40957603931377,3.2182663880890052,0
10.215559060744711,145.0437177783361,16804.506613329282,7.432327395787707,328.7350321060367,324.7814038791512,20.090079643796237,83.86228712022344,2.8376576527494293,0
4.210430934701922,245.7874097604612,16612.21859028956,3.1358644136899723,355.70957220565515,307.73945294091664,13.184217321436316,65.44008688218722,3.127274166053871,0
6.856875910297693,185.5189525113228,12894.428655349848,7.796797603758889,342.6639066764443,426.19935843600115,18.883302825458138,59.71231212260275,5.66724424623168,1
7.944826293532327,189.4125063039222,28140.7677089531,7.739089358191441,282.5464991738015,571.0039255306956,13.23365511111334,62.24461331195637,2.427109969342305,1
7.493058045570498,175.7363865070023,34716.22911842167,7.151791384737759,321.77166457682176,563.5662109970723,11.082121208442711,62.24136733105775,4.310176009240437,0
6.164631705863727,186.90216221418135,19251.69426917905,8.52888691808993,311.6424103889242,471.7387063678071,20.0589410225344,75.19867881463938,3.3837237086049567,0
6.774060291974806,242.99712531501598,19897.4127100261,6.057618136764127,317.09253420575095,367.218968969614,16.00377003206956,48.92658146692331,3.6969000262163023,1
6.355288626051516,114.59572945969195,34873.71003632141,7.651669666337024,286.6533251529839,497.8757553132725,14.294691509838485,66.79074506225393,4.44106612437066,0
6.213633807292009,238.34385224071872,26446.43197744221,4.6442041935555824,374.48931452320153,389.64959516078136,16.554557442576524,70.28127659343288,4.402758597574358,0
8.328915082620906,207.48083182381316,25838.668758202955,7.763202805770154,391.67601453772875,364.18775636638935,15.187651766280853,72.64914504423798,3.4390567930538034,1
7.60481276436862,156.69519843493333,11573.051081331963,10.205834318953038,369.1250275525825,252.95604033662661,14.050883759713575,69.91456522023633,2.9108972748260307,0
6.061422894966839,161.02448164047155,27964.6550908286,5.548126963101285,379.6969261606777,434.4835054484738,9.889500721610531,74.53584125205224,4.455269959486499,1
8.402411816886879,251.47303880433364,13868.138001392632,5.919512631459315,321.3248969905252,375.3104195162087,13.384523399996207,57.36858169781041,4.400854210547289,1
7.531730295688615,165.29118885628242,12071.874205265458,5.998175600231347,310.7856779836046,434.00253896969843,16.342975451647543,51.54777091123546,3.7477237831452133,1
8.274907314693271,158.45936871671083,18973.86382902358,7.325397196766521,305.6418641282247,240.39890456708304,13.873626580976657,105.1469600700606,4.314716619370535,1
8.00555439762771,233.75352900752864,16878.31046119894,5.440402688891125,357.056506315674,439.93369341148775,17.266698269341575,61.649055924264296,3.6222530048390826,1
5.861377333944554,207.498233043518,20071.274511396652,7.785570858331749,341.9860587406295,229.75109873945271,15.549898128999072,63.49115299777747,3.3249106992728654,0
6.256533870910455,165.54038629924858,9380.672584344098,8.458007113841282,330.98920734283286,514.1264518666317,11.373368787137302,77.08953834101104,3.973090501274439,0
8.178521599531194,203.49046294154982,30420.25308655257,7.9642685972569796,380.5866683872197,468.38403063045615,9.913540819575669,91.57032813790319,4.3748455380513835,0
7.977244290187193,162.6535092887441,31900.77511187327,4.325903627491845,348.4145805268865,403.691099821179,13.759739165231142,57.812791595939856,4.211215210250899,1
7.0492746568727025,232.55399936615103,4941.29064043843,8.692364910950598,303.47091298000606,471.6833918932328,12.544803836773815,50.648683220651186,4.3671468904598045,1
7.252471253463909,231.25726361537988,30592.45462757395,8.601040514520815,309.17195491503594,347.17181883415833,15.39322518984778,46.811241658016314,3.376748478834482,1
8.958167396808985,213.8570437552773,14907.999080768943,8.43165496830716,358.4272378350448,432.05866541683946,11.902964349495363,91.52328511310114,5.203867277311438,0
6.21039005841133,208.25779908318944,29527.39163710159,7.709090752876204,371.4282252949371,490.43569004797973,12.243051401751355,50.0290528235095,3.702942932835873,0
7.884233150319956,254.26025366439058,21414.003856100222,7.4678991164441095,353.71772359373074,176.16048578092477,17.76566076523916,65.96544288114951,3.877245791848259,0
6.782776800922176,196.35968958125096,22266.371988677853,8.751175249039708,402.33355934809697,390.0697994944593,14.770551826158341,50.98821819868238,2.9414483908100633,0
6.760008631255986,157.52179749741828,20391.29633506481,10.159151310413458,392.86915896953343,424.3801278436796,11.95397341343566,43.55942717379756,3.8187929780881187,1
8.69520197242117,211.14420751479793,32641.10552323195,5.614196067883538,349.71903507150654,410.3475127499646,14.338394386912915,61.78924068171258,4.385145434744183,1
8.293362033012404,264.9383665182849,11146.336788950197,8.82343812535574,303.4736949663385,543.9583985774366,18.844196214335568,51.6111042717999,4.564758277900278,0
8.275859164920938,163.01485545898106,27343.16605296773,6.983776985148225,286.4370513260139,335.3875500949817,15.25243393818933,55.49301973107436,5.188313775005691,0
8.999053846516864,184.4887188587687,31669.704861524613,6.915116577794811,319.7800237351682,376.01412153719104,16.242667179197177,98.03627738627246,4.37578321874386,0
7.110875647200156,210.05858127239475,28294.408244316306,4.692281509196379,361.0011339534799,271.38862398401426,11.790103684094165,73.1006115627988,4.1859922927237685,1
8.082470867803597,194.59814761318137,42395.260062623696,6.670032732965676,399.7950254463334,548.2562642893829,17.677448138315526,81.08927432336641,3.6218898130188313,0
6.6239078678076195,164.08168131299766,17376.692073437138,5.544321366409903,348.8665358236063,406.30729357578286,21.952918482135182,79.40488130613272,3.453842481578255,1
7.55652453815801,233.24546773429557,30407.001559786684,6.387110001380606,376.01764178351686,390.7821777577537,11.660242103282453,64.80942324304378,4.726793841441162,1
6.888689710079504,272.62973853270734,21083.96899911564,5.3848655136305235,324.9145874491728,421.9688744424712,10.367930944828714,59.46564147261488,4.711834874356349,1
7.2225840685392955,202.81684105811584,32827.64475478142,6.41072474804545,356.28687618572366,477.62421729545446,14.86104482709434,70.32569882904981,3.1299300933379577,1
7.954880827392263,166.6532753163777,21946.67880604174,6.478345635903023,363.536115817305,454.28043663813804,17.177921714984997,69.05646864183544,4.534014791979716,0
5.8772155956467955,145.4556675414923,18613.4938089819,7.272872771133304,262.23746287068957,640.1855232975482,13.977500185513634,57.4299385713031,4.477299279288757,0
10.155809295257626,204.84967050274022,33464.72540794946,4.568695217579696,318.8383216821129,462.89255914190903,10.793886829098785,68.44770028646239,3.1012290696889284,0
5.601154449195438,232.6544482748054,17704.453421375067,4.83608132656239,368.10217188780217,388.61351686884655,13.920586424506908,55.26118052539948,4.391556307735558,0
5.295142739202034,211.9887638273032,9628.398344794277,7.691824547754232,343.69928564990545,380.8467620406898,16.259685422893373,63.69610843379396,3.1513537616041907,0
8.7824229840451,196.2909857489973,17482.774500431915,5.860047775029244,290.53794615982525,394.47114905519766,12.932724652808544,61.1125796068616,2.075151485214679,1
8.243744160125516,177.00064080568552,27441.29422031938,8.817757068563292,245.9553773412133,304.84655812066273,16.29001410876879,46.389879214606864,3.845120117320201,1
7.997456131066668,160.4705813925564,34218.41390407689,7.475926160783774,320.56068386478546,429.43142660739505,18.135192699144103,29.322234979221086,4.171095470098892,1
8.003667898618492,223.80827609629887,22988.38679298084,8.078684197326124,331.1928930588152,489.52205766274255,15.075163371300182,51.59097254845095,3.8802447721911717,0
7.061997243915036,226.4056731949442,33571.02687376616,9.348893866265014,301.83502459320357,376.6440874336363,14.18749287706885,94.85073056052597,6.2063433174066205,0
5.761036073915828,145.5618619114756,10106.658083173998,6.630656917345616,338.9510896241917,360.96561765168093,17.025128392498992,61.516318297280804,4.26550395880328,1
7.191432700544778,248.62800721279908,18127.897253344538,6.2123110054422845,352.08081704499676,548.713527272037,11.446306261182766,78.6370178973363,4.084770619052986,0
6.084572284077196,215.23972103078583,19484.08557563305,8.497290085246124,358.018634350046,310.9358961134436,11.119910450476425,32.89750009341775,4.305081216584991,0
8.513426008124094,242.37467598594225,21009.721150680103,7.925031431008904,248.63709005294584,259.1095969968693,13.397645736885059,50.499328708202555,3.625771176567924,1
6.863825649191856,152.25426090729428,22751.36484349877,6.824018110482345,286.2817365652145,333.043993933855,12.651879004564114,45.03969873419574,4.694993668432961,1
5.866519120715008,151.47536001149453,28071.465272977555,9.318503587790389,322.7709374884598,301.72763212918557,11.620938061788525,63.2097288409262,4.251581518018139,0
6.6075628127701,191.47337878794895,18114.366144186533,6.7846539904529095,354.4583369556939,457.42092824029123,20.33885065224594,104.5942379280408,4.215833929036143,1
7.687009237785168,212.89652411204503,23232.986475116053,7.171782347338135,351.46091724969824,397.06146931866994,21.469297523426103,73.65796813470428,3.4831862261637876,1
6.251324907378157,255.4163802496093,21618.487242264266,7.153531788318128,350.833379916263,408.45708989162347,13.109236310134023,93.13980964979542,2.749822345369707,0
5.871336018517345,219.57881389710337,13896.600257908394,5.643341646060415,319.92327557724275,519.3786108413315,14.583589723667089,62.38753280439709,3.5789188505197136,0
7.438220200893111,188.39306643118846,21017.547993484568,7.242584915388498,321.939327575618,370.343229869436,13.658240265588852,87.9239900256945,4.190454407882716,1
7.440100859529823,162.63324414402214,20754.59385970009,9.326881080289617,307.4581802392383,488.8449753631652,17.945822484791098,99.09525826438919,3.6231344057989423,0
6.334793532204439,236.80011882527847,20566.790718088345,7.823049938294358,361.54253578974533,548.3399954036108,18.601686809690555,64.67524982270707,4.19754719031255,0
6.387573690741066,164.66013265557402,22292.53246052459,7.169080213710312,300.5135352110916,389.3879135355161,8.39725682633727,57.89579550394446,3.7887577360520823,1
7.421113407915725,249.89776139536622,22677.537335471898,6.864407695758243,364.50031532215104,485.7688169575057,15.85559574821722,45.618121523665295,4.305851998008689,0
4.951316017998934,187.02227656743403,18224.058736874842,7.6427699048820354,341.2918160262945,406.6686944885331,9.954421360756598,61.5261197222412,3.208077181817255,1
5.011028251666463,248.65243272694875,33172.27279711489,8.304631273012912,332.1520925486307,500.88636979162413,20.09988084256717,67.69151056791648,4.120454209270363,0
6.023886994758919,218.6864715042485,11760.984343232438,8.08259735280581,310.04648615207844,299.21795875196136,15.737220979996417,98.42813854559608,3.4700557658459106,0
6.766232686983584,191.8669582620264,15693.179235919471,6.595653518321273,284.7907171375284,293.2361554714207,11.554713028019673,45.978260428504726,2.770139305138104,1
7.537034121429067,179.29744125807522,46386.67048520148,7.633154918693981,310.3738293844974,394.5916559583216,13.481226205925704,67.34086806360135,3.841179784037868,1
9.248773638915841,185.16435807163435,12913.781052797774,7.878304791014281,321.8535517678966,354.37598617987993,13.323485275139015,37.788360925685744,5.168327707578077,0
8.340759646106969,210.44876967837405,10145.411403244363,5.528631919707374,248.16346137945354,384.45473686697096,16.01812384095205,59.66995018921579,2.832310401880134,1
6.844890360953762,198.90613403067636,28453.416553077026,7.385804255070237,326.6475846862052,408.4700568724466,17.728730719827453,71.31070478638755,4.063125955307476,0
7.052046174383047,176.85141901678168,3803.5025043980786,3.705139859642268,367.1862752804598,484.3942935076875,10.47943386357364,74.48343631789857,4.592110109346095,1
5.606281833982421,190.92569554285944,19951.389518272335,7.882403261517473,354.27925510238015,393.2669486460868,20.366277398019097,75.68889396595311,5.7640239344126725,0
7.052785690091187,198.95282696686846,40827.03065787834,8.163342026209037,315.84711965070187,359.63376748854836,19.59483425688699,72.66706159862555,3.5855122736915837,1
6.655671800787397,126.39851031658513,8469.281435219043,8.301122878742607,335.4762778247263,397.80420402411335,11.38267899127364,75.55325399531773,3.477039528408636,0
7.554396283696992,211.42998593310452,4637.751501696981,6.495825973572083,313.6802124610889,364.0553699388272,14.520973939339243,67.121306064372,3.0599800871673724,1
5.863970512978085,164.16656334355855,8870.42359076041,7.608293999337975,339.15621290275203,350.733015378312,19.942776281018386,49.87514835455392,4.859602741180051,0
7.843439375934524,158.45996390662717,29890.21495839874,9.369847075955043,389.43949675010924,295.86211129484514,18.36096052190247,37.19936968276552,3.2934168231935215,0
9.333126202113789,140.90699131047097,31875.266202761217,9.353756044300189,368.781546726863,431.82452657182534,13.165380570541465,57.7787330512041,3.680934783215227,0
6.920122581768419,137.40475359508247,17520.10612146611,7.073907135222035,352.60150620773607,380.2528918498921,16.97546478621966,64.27711462059287,2.527828455650421,1
7.670516231485444,151.81644057269907,28003.97028473029,7.3401250165527046,315.96713926645236,504.2949849175538,24.200726345590347,86.17450444145733,4.65949803728925,0
8.094511667815336,173.06448112268578,34202.77821502294,8.875239608680404,360.8827735210264,309.245921800717,14.628079539927512,64.81351158278693,4.873441459006861,0
6.490205906327821,260.57362785049827,37684.1671049816,4.748732815885764,272.81626697737784,382.4042279165809,12.185934287733536,63.30010633040276,4.629704549595806,0
7.409415948261313,179.08433505332465,19854.4119327816,6.609540326570301,324.6599451608492,572.7110325014335,14.850709710422532,72.47976279029487,2.7178462805441,1
7.098510829149238,202.2126459930302,1836.5581126921643,9.230201319748076,354.8753307124375,350.28015492332275,15.096087436096122,62.14191095789455,4.4435778118078595,1
7.223583864866782,209.53382317446304,14817.255685082124,8.660816855861931,360.5388226756857,407.0957478981122,12.543783393909674,79.18224732339323,2.6653170999152795,1
5.943675617732464,200.67811267091494,18272.19945803776,7.703436768686849,357.98962547639684,327.95764774788194,15.741778974465058,97.61409116191376,4.015271435610107,0
7.116029956160646,193.8244334459366,19743.914014474038,4.74078479957762,344.4351811080383,317.24357269216887,10.12793249230197,100.94868755910275,4.129960512387362,0
7.812057488130812,157.08069399049282,20367.083423694323,7.041141831794964,326.70649925590845,551.2482005433153,12.07708290020127,67.9303306916456,4.2119429101244465,1
9.213181103458712,244.0619885119377,31823.6962858157,6.187933673925106,353.2224515495293,440.0317014000079,16.78979020907238,71.71279259124722,4.3870164954572255,0
8.490128114345254,255.7725536763773,33187.29713530817,7.643041466451198,299.34360199321105,437.01258691798233,8.471377481395148,91.29856101828983,3.963733789223768,1
10.245178212541987,141.06100872418733,20508.98759110102,5.841232238024089,303.25336370458194,289.1306850402581,17.26948472950271,64.03509889892581,2.4393049800717295,1
5.951999082554567,162.7101802175647,31644.759559867787,5.49935703594012,336.0110912072751,455.19989157303195,7.620341679514122,77.11086007814431,4.387394386863635,1
8.362311335979397,187.17263404606783,25149.789463369085,3.8575128612598464,340.0393628074941,519.7412674557611,8.549315643919396,48.49852475485454,4.046134350079644,0
7.3495127484353775,164.66564268130202,22579.628700459925,9.050451402263189,267.8022674466737,519.0992412855535,12.628380360485018,61.49806663170329,3.2659565627304383,0
10.299010311829978,213.00108774209428,29961.97113053919,6.4883625919199694,350.22899020751555,480.21800828447385,15.229519319732049,84.6319275044965,2.7458700115134453,0
5.8918015205279275,172.43169270689464,22647.5403248729,7.368290338250005,361.70640357800687,334.93627047451537,18.666622526351656,55.07405485516919,5.171217305021,0
5.845608891994259,267.535392948803,40055.393886186816,7.116463775970794,330.98691151796805,451.51350334336564,14.47073134605826,64.38063291143298,4.930414419866732,0
6.198892811197288,235.503332296074,9403.208466143738,5.433454385922411,419.5932114778835,480.15754065611463,13.463907558923474,41.57471388885458,4.520646777699815,0
3.957873285264584,203.3573083868809,17497.46823835349,5.130677439911855,309.09872525776916,281.20101388896586,16.1984139308297,98.03096600441698,3.442486069236932,0
6.307140118129281,230.1270384753196,20904.869731058418,5.531602100924368,320.7303099151985,335.59939621235696,11.397324904251137,86.31795266101257,2.0067434692750163,1
5.964074987516064,232.72094694862474,25866.87281136401,5.977393866649559,319.5022820125626,497.9819931700875,14.741464177436605,69.36633015822885,4.566449756839484,1
7.301078866120025,177.83304606752554,33130.59122134482,7.699237870281812,331.0265797279426,497.00325921285855,10.309832886167758,74.40347799273832,4.256015683606959,0
7.582381284392424,169.54093917190562,21800.18214937015,5.862766091637434,321.8998852593982,301.06900505305526,14.553374610857617,72.64331314649692,3.6777633989237026,0
9.837971133647352,198.9385624798123,9545.075549959696,9.879455197919501,282.93786691797993,490.4556841235418,13.850241761438474,88.2305963452955,4.847348919224344,0
8.477123042133494,224.69197941224743,29400.603108417206,8.742898636711178,314.02774457401375,433.91146768560384,11.617873180002428,58.21852333180346,4.6314380764910235,0
6.231951626176268,200.94091530373785,28632.987143282815,8.39720808847182,330.25198805472485,489.3233336218039,14.826284506939915,77.94786036626822,4.107354480820063,1
5.759330433117913,144.53412563038194,4989.3685057290895,6.930938934092423,378.18059504572057,374.93433185330315,14.804799351958417,83.39085818689878,3.9973455659394688,0
7.803121182114563,169.98116052733582,21980.738285157357,9.512563562438364,413.3690718996971,478.34727835062165,18.170752780842534,85.56569055441373,4.0097548197277515,0
5.139257185679656,193.9385119736528,8072.950837804772,6.775551102828624,382.04402666832266,494.3998032661833,8.965353435862173,30.769721161974132,4.500353100811102,0
9.7722443858059,193.88287158580997,16186.940958446994,7.0706069656362915,305.757801867632,397.8186238658239,14.028278115522788,56.949441477758675,3.3011684496964695,0
8.813776977460291,261.207461351081,14098.956491263933,7.388559772803846,308.63344067197033,427.6445832562632,11.763531456981482,50.32767930206898,4.302266834992329,0
6.390311791406084,150.81257633334494,29109.099740368085,8.228880404058483,328.021865208812,373.8029671197289,17.158912412563524,68.75900726344972,3.2519390633137193,1
4.56169224223641,212.9887183791452,23038.367007907596,8.126314764824716,398.2739582431686,559.6789434433059,16.77544893578596,34.60720343825993,5.0125130339667425,0
9.070192390023157,245.3171478707509,10743.018010441732,6.369302060057527,327.8015747541464,416.4908245830848,15.961082287177135,34.140527009787846,4.385060285828684,0
6.911626427478652,271.03255313204727,29729.8307124185,6.2778699233069934,285.80387929197724,351.7012142824319,11.950311915790078,100.62239802188861,3.433181955921635,0
8.89958997860099,183.07745669994318,9443.584566280088,8.131046672300293,315.6674582705173,368.3641078997814,17.210907629531714,76.14096165291288,4.032864742743205,1
4.7361913415722805,212.52328611091298,24908.273527230573,8.250073802548147,361.1400039057537,436.45433227829415,9.21526662585957,68.30831576524527,3.3040466235781283,0
6.198918716257954,215.09802294111952,14877.471239866994,6.498505222779861,358.7144416070245,487.0866919913973,8.536121571107927,72.13511765642076,5.143208013406621,0
7.087708238585729,202.79548451615668,18808.114911725952,4.612242849908043,326.54416967299153,318.2618326433863,10.05686699032463,68.70779636752457,5.235843267887544,1
7.149061472834171,193.12095823526403,26435.14763032456,6.792440568306974,358.47860630245947,575.5194048377792,14.16919837781794,82.12821985381757,4.513054472399022,1
6.418403756925512,210.70051105286652,26585.756814916676,8.105170762144857,251.62755659995747,451.15405051263434,16.51479416727125,56.42635509115106,5.18419212277057,1
7.9955894005508235,113.13507117882895,33735.60537075202,9.972558617343253,337.53238855408165,463.90430717565823,4.429332511028473,69.34291580718019,4.088400840120551,0
5.510597968807586,218.7896241383587,21292.952896629446,5.227226419501754,364.88517112826224,418.3561129636281,18.658278773522092,69.98643339537777,4.565539802396342,0
6.870702157018699,200.51746769336887,24700.81519929809,6.446017420527694,303.6803212359151,427.76631715164444,14.713981369350616,49.89104999511202,4.92528512708961,1
7.256834578616491,189.05725014289843,18176.346214897134,6.504742372789905,303.5547252910241,414.22723962408656,9.090673529477844,86.53802284142435,3.965519995497585,1
7.836225086066361,263.65036037330185,23609.63715862707,9.262172436301771,266.32656375912796,508.45809225779595,14.614134471658513,59.37167781175478,4.02546100870753,0
8.126073870790668,174.18491880235456,25867.165264681666,7.06479242927536,391.23882679645845,425.5692908478931,17.89625912258557,82.44473973288638,4.69825214911454,0
5.426776124998332,183.12089223943244,21152.18495610257,5.68642403619182,307.75363527044055,488.1953281563959,16.264149760663717,68.21217369487825,4.474268413164875,0
4.8248521690186355,261.83235704346964,6200.194643349745,8.002738547016474,342.4913040619367,391.1507816378786,17.917931837053626,92.16163280709085,3.380740638243179,0
8.958184928190809,169.0201449095852,24920.171586439115,6.480671138335305,355.6055618792091,442.0197110929182,9.757723656695562,49.97745177401557,2.2642730904082544,0
7.56850159761,178.28771064987598,25210.284321115083,5.185468108094432,388.4261356819721,361.2451969820124,12.90964267169188,49.29335370018021,3.8330881111743027,0
5.979724791261866,191.53727433182797,16050.852692957955,5.709418174503682,328.2181344481591,524.5176464723281,11.219268716967107,52.11718052986206,2.33440694020436,0
9.360193404018109,224.00494242759828,10753.573445733971,9.859786287987738,314.28500725284795,358.8348854774882,19.96519047869669,68.50207083161169,3.1970064778376726,0
7.2500417124105025,203.20046841670342,34953.46196467288,7.727050570206151,340.03466481933975,399.9484111092422,16.396291011940743,90.7089566014223,3.2880561733837004,0
8.813566860573825,153.88140483910513,26322.705826478727,7.290260887615018,380.18666119423824,400.75804906953203,23.70360173944979,91.523086358466,3.5264589974667016,0
7.1792521676728605,178.87761933000928,20005.68391327226,6.725167897416967,327.6299647151757,397.60718836208275,12.732212444388976,29.97179517108581,4.609941752447563,1
10.109299449576522,176.40625978031463,12045.461195882855,7.581595170547702,299.27103139155145,484.5948831286837,11.88132835933157,70.33788193247945,4.779390041769603,1
9.66035103839151,193.8317442435185,14809.050381819525,7.562772794683941,278.09701280748277,400.6208860316318,13.807243826250051,15.731721562178102,4.366817761449622,0
6.714022701735762,210.3674810591625,33434.19960441615,7.581626748567575,289.6423125203671,538.853041313024,18.842362402908638,78.93765138799,4.463355441328209,1
8.508209297902903,210.11642319603766,23221.00389783656,7.30145524263885,365.01910871627683,360.06902828982106,13.0681438281676,84.03353167289742,4.481773955967544,0
8.028702645890167,137.99249364442903,17186.966548579396,8.492701374522769,322.1926314262718,439.89739334607015,14.691888449071985,65.76534778810424,2.0224726068476793,1
9.091888389572553,231.34174026112532,26482.652718669742,7.156504866681155,311.8241943154655,363.51873420364876,14.600046226555373,67.72438947709229,3.977954191965551,0
5.661562512947246,204.67193796790903,14874.073779074966,5.574856639826831,307.90494455413227,460.2288105563678,14.410734279579247,67.56128534166758,2.568762197487396,0
8.088495646197705,241.8795684044117,35172.32604036504,6.1523718323766285,336.85355738763457,424.9211025630072,12.120561095869197,54.029350941450545,4.367128791023802,0
8.635883995668895,210.97079901804437,33874.40343356261,3.9931504642862548,325.1260929113118,413.6794361679159,13.825566565216686,73.20800023451974,2.3373756450906367,0
4.494652954958022,232.5704856207745,17923.52780572888,10.32237104334698,323.9090043259862,522.2506620431498,13.683860389527005,62.75069581392814,3.829257942426455,0
5.340609986381311,211.70534438736567,16502.39335012363,8.483152255285246,382.5445667510801,373.3326334000371,14.25496097647691,81.07070025549729,4.397260425295278,0
4.082328698692653,240.62044060638434,320.0,5.808488617695806,389.3639084264794,473.60628988711056,17.403040668085463,64.60810324263176,3.0981488003132767,0
6.6839719533665,213.53637840590437,9024.7306122317,6.674685137952582,275.59381674106885,364.07034945675,20.107678794607068,52.821665610680164,4.720138449200312,0
8.134787116020064,193.15152584942174,10270.650404897111,6.113735170753835,345.6192013035065,435.3160910249598,11.49816093556327,42.17941414045091,4.365165292562363,1
9.288464866581162,271.064929261089,23199.33481321484,9.557224593971105,305.70420375582285,329.59555772626334,12.982501101952662,37.00369770887143,4.26704326275357,0
7.18891932721707,225.59265020934006,19153.92407941058,4.876594080451932,324.80820474506004,372.67198940695226,11.549210616275522,87.09827235416145,4.5144412382582155,1
9.474064851989798,215.22897911841505,10219.224354668473,7.300872172933671,344.9573208384787,419.57202048725674,14.899306088205723,59.180661905413274,3.689823931542009,0
5.05125085642411,154.4178738283849,19549.06017198346,6.948526008747541,326.09230220211657,572.851799211378,12.498063295638666,71.73931497758761,4.088496713730311,0
4.576027814147922,154.02332861397352,26444.497000968262,8.4264050365204,342.10882008588266,434.3559607718543,15.073727519685981,94.52153539281107,3.9778402263426753,0
6.9983448826219705,205.99155789800272,26641.778983760432,6.955665420194982,358.10114324599346,559.9237466051885,17.933005073572243,57.52457569543226,3.9602118231994075,0
7.644576209940782,201.15328177064208,5359.243723545591,4.3420299748844124,344.4260055715271,444.01432520154304,5.919497119986746,56.50468007130921,3.44581576021528,1
7.031938720301683,176.18379128817665,20889.574565997744,6.723233821264944,310.4033359673821,394.92972220398013,15.907791434578286,64.31580916535654,3.00082495051629,0
4.040860112941381,201.00410133624843,9886.023239911188,5.583983695649547,311.0407262040925,550.605400591362,12.75678086814802,66.8641536856233,3.7072504875542096,0
6.948993541916201,248.588167124793,29919.752885429123,7.245735683559366,281.74905058022415,461.52539403975294,15.803997707028326,96.1666847935347,3.664280632388472,1
5.162429834257866,219.2278793384683,28888.88198584688,9.385999717702116,302.9193204476012,374.2716679983379,11.312686161046836,91.09299076886417,3.3953498297368263,0
8.064418646780156,158.8650502844275,14140.878760551419,4.371708114113,404.6891505990128,464.236879634138,18.239623871295755,76.1912053088494,4.634601949811819,0
7.618899421762367,192.70470485181144,15297.995520159144,5.855648078068152,305.15699083219783,402.565418259966,17.30295884571334,89.25725513708062,3.0556788380726223,1
5.698376714098788,169.91075177437634,17970.055676859727,6.246745133022075,290.65128971828034,265.4761466073976,16.161245611676147,63.589486171804914,3.8362228560648317,1
6.32461563151506,183.6263037476506,2263.3321659095636,6.517022869247127,345.3421929270701,501.8459910002545,16.905577125951424,71.11782522456231,4.879744975017777,1
5.522956122823241,182.77445307075365,24959.600249233426,8.289398549286286,329.79141759919213,514.6916210364243,11.811996253660105,61.645129825624785,4.679120895027651,0
6.987861727008437,180.66978969980636,19621.999107990418,6.845799820253008,326.71126042026896,574.7340954436758,12.22904537197845,46.05089060671909,4.918709230375881,0
8.48405921113682,155.11370032323453,30519.838089141413,7.776968306638303,384.7029212261329,460.32343176629917,16.770563824705857,85.385104678085,3.509191149648103,0
5.630982711886751,192.1739906184971,12384.08375200217,6.1312785909037935,353.6254380546793,406.11066009989054,11.738816537435893,74.78488903502011,4.581744738067612,0
7.820948377811232,177.94282697682894,16586.09671441475,7.483280465760341,314.62605544823634,493.68549562646353,19.065052004438268,66.68501867589119,3.1408830903570575,0
6.3005213009925125,100.07902155962546,8806.036561961728,8.34892025678679,318.43944033823306,494.8839837214208,13.208913554059786,66.361082016347,3.754818314463099,1
5.914476936574355,263.85119044536964,13209.24364301628,5.9629667114154,315.6165233874485,558.5995024092542,15.941270430438658,42.646991485804364,3.8282304675914496,0
6.9226653708668,232.15785853410202,11651.381984610829,8.354545829294294,365.39308992391045,422.60364178000077,21.228515908734348,50.985213996181685,3.520844634485552,1
5.55819378604352,184.00099517171537,30746.020316392925,7.202748974589558,322.6435446715636,412.8295632268127,11.942400698034666,71.70113549269817,3.6877850892940707,0
6.266135521139643,196.98858216497348,15892.26777177133,8.77182717996196,268.975432421307,368.38685543931336,14.50760139529623,58.05589323708105,3.585166776552065,0
5.319119497894393,157.85772160367173,23102.766788563516,6.801756557878382,332.03372681054077,469.6423112282635,17.769346274949488,62.96666534000018,3.2037328273406778,0
9.968145945387093,252.10841099364313,18675.849662760673,7.722366555156116,278.2318803192366,301.0949745902662,17.428728157181318,64.74957385843358,4.638002534684517,0
7.1318374213984415,258.7338793971922,10884.396035854486,7.055842153947923,412.7180939474221,488.9256206010238,13.194931323107724,55.63746751260017,3.82768899775807,0
6.051403503250899,201.52052284746327,20538.56148095688,6.967984625975886,298.88076159356103,473.71295619797445,12.569622251802663,51.13592809322073,4.127120504255483,0
7.394550468779307,230.0134522743723,27266.566704214463,7.52911007659659,327.9302073799716,473.48952306066104,13.508320063275878,40.97312016030686,4.097745959530427,1
6.91487776695448,202.13167642355808,11425.385620912146,7.968155801375348,343.11144683209903,437.3799813617137,19.072409205961016,64.08940673998801,4.012686611585817,0
6.7551746886861626,152.43183482414815,29107.767932283867,5.145687439160072,323.3478940730526,550.0899721829869,13.356159615448576,76.15545679581417,4.042387545924014,1
7.982825049063835,182.83336586216458,14564.391245593099,9.385141101932247,323.2983012910118,496.6757919411448,14.538562942120269,40.479889577191386,3.7317745683758035,0
8.193536333769538,200.70647226779423,17779.658833816407,4.181732395931318,349.0248381218541,377.1520921649297,12.867336781243463,66.02076579817574,5.076349557441594,1
6.300163313012525,181.429016484903,26666.710996547383,6.037996866612545,388.9374447508975,378.59844099393314,16.615365749474716,70.83362909494592,4.56338091407558,1
6.233547186252321,189.18286677071038,16197.592619340588,6.971054868191457,361.5177782168771,355.1235591379632,14.794787874401901,50.79431703319139,3.9843379855613956,0
6.6756740051870835,193.36569654467542,22343.517434015183,7.771522431155798,387.2134915716478,470.7592061215952,10.958634086390262,88.82717636811336,3.621297539946471,1
3.6961758878386903,193.71152377516228,19255.123125124173,9.610352593831378,295.9551854335008,345.3887737745991,11.073192182544169,60.31726863026431,3.8773197426713173,1
4.852669138568128,198.08773658265227,23148.28906941392,4.183899448604331,345.2494855658487,513.7589191229707,7.664615574701271,64.80313471304082,4.295744782769962,0
9.089305173143451,161.50791146754375,1141.6026918812313,6.317843277144258,339.3905923213862,533.1194730474033,11.52832613579421,63.85677997556988,5.139953272178324,0
9.498102538846886,172.80167917816473,5972.84869925324,3.7596030892771606,346.46843928119716,355.176695306114,16.90796061002249,38.47488735573906,2.8990229151612654,1
6.713917021852124,154.14571518644203,27414.41441442402,7.169962718778192,383.51702341876955,411.2158229195515,18.661647380820607,82.30802017045738,4.484624311740586,0
7.927538735691977,228.5107971181854,31107.297935048522,7.549260063510048,325.80068012651515,427.55314150389665,16.54919818224888,51.33146902202863,4.848844436687335,0
7.537537727178998,127.15738502170855,14031.643658197341,9.63345727263058,319.12510833273524,497.64467919755384,16.115832584120653,62.670071472051546,2.8103595934739194,1
11.6059547884292,234.28851458482734,19874.637309994665,7.3106029222116575,353.0780660187105,556.2610381830341,13.861198776060169,75.825113990154,3.828702316149606,0
8.725775119808828,241.93930468802967,24597.961475622644,8.76955970451896,269.51575342577024,290.00535973229023,16.844967176765294,89.4384470302993,3.13967598099523,1
6.891961140523273,186.43732410588123,28091.68815379024,8.042462588831713,325.22016694472444,400.49781621666875,15.227580918401037,49.36946791448685,4.3058130971080875,1
5.675355552317374,110.8048839231167,4236.976993489188,6.432307848731834,328.9300955092237,404.7131908317683,20.25272609727738,59.35895385517589,3.6904862727626693,1
4.718523909221369,184.49372182813516,14245.971365483763,4.893842020068577,300.5182396066677,313.02186902661805,13.954146010074963,88.20074179521282,3.8684915278335024,1
7.379091544724818,194.2602666184365,19098.290083598782,7.554503631301062,371.98211267042666,387.00825934003876,18.725356757166594,73.7127678761738,3.6493764703227902,1
5.968164404432074,163.1516365109366,28178.681831413807,4.7624788129103255,295.3906349312137,460.7780083929729,17.173317610817115,76.98437233224386,4.53172747755925,1
4.98928704689142,179.43477139552306,43918.4046897976,9.166427174818038,328.8695480321324,403.6899578615354,16.714317277335766,49.82365252680984,4.148645709266548,0
6.129537860163486,246.66751618663835,20015.111351742038,6.8639418787818185,344.374702123172,301.38916336483487,7.621963712721374,60.419865713058186,4.150122875950932,0
5.490124434686839,218.22615582485824,9678.794984918048,9.008380310188038,382.6937394317469,658.4646228261811,17.35561744872292,63.75323523136061,4.095285023563534,0
9.56009820355667,165.97957756039187,25540.866754481536,6.361261194070809,333.39849044340593,447.7198332871498,13.857948589810702,52.8709996767013,4.4165428867526675,1
8.376010442715693,143.85691529539815,33595.563915934996,7.544784242513567,367.6125908917935,435.23600265392037,12.810603303420507,39.99203700312249,3.765661953212068,1
7.068280217264572,185.62094077016684,22961.07464187511,7.450771194588809,359.09951765759536,337.48657060055194,9.371557833701107,58.3494377282981,5.296604334281923,1
9.255517884168338,189.3536756627511,14065.29367546693,7.04883029354274,338.2417560799528,447.27766494889875,14.261506586565313,87.75712490744647,3.006860094049555,1
7.193731412241999,212.68006728863222,30413.043223561865,6.4363979688333846,294.4049854249973,412.93988411160683,14.391055785468382,67.33316555188902,2.623783610427674,1
5.813912224047453,178.77413965790106,27831.547052868034,7.740080509183422,281.9342476869168,273.598423018468,9.967063638792997,88.07256770705214,2.559229156485313,1
9.318992393586395,213.18299104214438,13018.203240342797,5.656662043696531,337.6291052072894,339.722657892435,9.40344262772188,69.22315981739953,2.3479212669519,1
7.872197764216448,259.97851329677974,25358.136116815607,5.209092180244687,314.16693497715954,490.4479714882315,15.890710479224047,54.34055910439784,4.4950724555597965,1
5.555248153140109,223.1755186077429,30757.3466027459,9.083666491456388,367.0020958533619,583.3060662965356,17.16534398381316,86.54805183866426,4.40006680544046,0
6.800202143217096,194.78933076403752,32375.99183782361,8.268925422449518,360.73525456408254,455.8806363815284,14.909836431843216,69.74838323833278,4.912065663584964,0
5.792841167524407,190.34984401647822,21431.516550197677,7.2241087415915395,327.10815866104497,515.350159718887,18.08926269045524,81.56819838738006,3.145822192529693,1
5.047284395482427,184.64615407950765,18874.725137073292,9.750924964419175,291.9402549287625,413.6234135133908,13.994065701796538,49.552464741428594,4.551459934701491,1
8.441480994871513,235.177666792302,32773.881871165504,6.696930480414745,352.23798276280684,419.21620475540044,14.10009728173533,82.78118668722072,4.014322768476458,0
9.886842461491092,175.7502070315807,11404.334533450896,9.209871087582588,296.99130701667565,514.3720152219289,11.244637224867983,83.25638387533202,4.099937469341571,1
5.0241056664858625,197.85647044482943,25859.215516741366,7.397407054182799,306.36911382527853,560.5790327385929,9.115599054297196,70.96962786650258,4.457985858372695,0
7.907564777935139,198.0528750348313,10002.751451771755,5.500893814879303,298.38391522090427,531.3516237989569,20.418931663075224,53.67483870677974,3.380100234171294,1
6.123555423390915,179.87635358228493,31354.488815442557,10.039903502997943,328.77457306709005,340.03719987815276,18.02459985632666,65.67444077120211,5.988054325615501,0
6.363925685865897,151.25705744104962,19751.745614168358,8.685323137666055,376.07075095331004,420.799052073625,9.670783402771637,76.04006139194712,5.008866637334776,1
6.209180931368863,206.98617193391274,33136.05100106556,6.928786771004889,333.59782295012167,448.6367697525294,14.795538814921537,70.09916921439914,3.555269355883619,1
5.809933568570671,194.36479944511353,26322.41865990287,8.26893059006364,317.7620764556631,405.22542376895655,13.948846710246862,75.87907477995944,3.1192243149757886,1
7.151326793078896,212.81290423038007,11289.836902394147,6.482148574283308,278.64427642816486,457.55276808341426,13.373084913830326,82.36311796368632,3.9014347537923406,1
5.858503328875774,178.83055792734459,34504.12899149957,8.430055475394077,353.73378249213647,492.52081215096763,12.92615092373255,56.17399627632481,4.112161585993993,0
7.477571533896363,236.4983960919849,35614.21403718318,3.342095866851344,305.57617754173936,507.2470560554949,15.542000876464009,48.18445745745861,4.801179902572483,1
7.006149979109769,167.55044581156668,29749.298606510623,5.508713892762542,338.0270867563736,562.4451670010212,16.98816098931058,65.80801310235975,3.058397688976706,0
6.728746371106378,252.64476413566814,15337.074022018503,8.667230395973402,320.9785392207726,399.5878643271861,15.61191476948336,61.19995038462219,4.1926798156953495,0
5.745881416798851,138.92518792194505,19331.195278939096,6.725544249614107,364.0717247163237,315.982479949335,13.881084180804868,78.79279793547249,2.7773682809564644,1
6.232146144064551,210.660892021985,23289.083863256295,7.447916825924212,328.0974767920881,455.1589375423079,13.759579567090393,49.455160395080604,4.310358922860673,1
8.19042510196386,211.9974065346501,15844.499075669479,4.992078653857613,331.6504015475369,578.4407694300438,17.380855389014027,82.491422155782,3.8861467080427206,0
7.816348265807839,170.2200391767832,36851.281640496585,10.039629853209323,351.3349019090403,387.6655807571125,15.814002745164165,87.7464629675525,5.480610214582896,0
5.6429937901461305,210.3198287374915,23279.43337271066,9.00103683707393,409.9248181869915,481.71410421651916,14.520602122647283,66.40480928641631,2.764118015508652,0
7.226018488980962,238.4277786750164,320.0,6.802917354966979,365.88847206315813,482.43321748971425,14.161166704943643,67.35780870041718,5.039074537562282,1
8.18453907135653,123.5031647504319,24989.300462270716,6.480580546155944,330.5777753165612,441.68043184591784,15.422845386816675,54.29579167560049,2.6410115585703497,1
4.625974236751583,212.89522182222308,18961.714025901347,8.746774891043115,333.8955753808365,426.76958670754254,12.729765840868222,57.842237623178974,2.934775985962927,0
7.878739482798505,114.41618813575036,21357.19164940166,10.252303311266907,314.8115791038749,351.58768588565425,16.999293485290174,59.960530546217576,2.661866244391711,0
6.1059430743496055,164.62859790819215,18782.319237702643,8.62694120418194,299.4471552747982,241.8288879276931,10.71890816031666,89.15516486980417,4.165275034591822,1
7.918780042831944,249.92069841429407,29089.651555066648,10.551448214486632,313.80358655542307,336.36134439447983,12.918078952672944,65.2665977077641,3.0545149276120878,0
5.9580090398825005,177.2468245624032,31830.65028276656,5.662684900082169,305.87453645145035,394.66952171028356,16.30276117592634,45.549332473787075,2.9183014258811806,1
4.426823312023157,157.7845655698771,24495.682175748938,5.825368807811911,357.3927333903833,514.8927273706289,10.530157887797355,70.4269379751063,4.128158729266237,1
4.687512616311751,189.86378684827352,19039.27078078672,5.241473033475709,295.0670178366148,417.8762212813853,9.073341723830154,79.4305952652933,4.322384800982259,1
7.150684871592231,264.342081335436,21651.677217880897,7.817981826446178,381.96222968827476,384.2675316542244,14.488787105670784,65.99926270579846,4.0010824572372545,1
7.461792077530578,136.16260453433793,22185.92434644788,7.397453608690905,360.95895630398445,354.20946643574325,8.664723508782181,89.56949594449463,3.8434690637631888,0
5.750654561096519,161.81344320441474,14979.001281595807,6.879917224914262,334.5209324993475,479.2864790018511,9.980960236088338,78.66131168278322,5.396549513300999,0
8.01873091440274,245.59057942611432,27089.690615613188,8.398628632434813,333.79151461834755,535.9788426192572,16.78432653225629,49.855239929668556,4.083752287668737,0
4.637565508464629,257.4326760320853,26047.386863019194,9.06707919623917,313.63985347053,512.1462406841094,13.602160797325014,57.703904548508746,4.598439349659355,0
6.982862695988445,192.97021565757836,35519.492650607244,4.70945339332679,343.5408506261082,475.1929572374819,18.534961803536742,69.96758845806609,4.0814792580381685,1
5.299806186349189,155.64233766794928,33020.030254238525,6.1767841959162375,373.10366162035837,306.9657339647946,10.292064531497022,40.124195716320415,3.1136564951613463,1
6.121800921530826,265.2603759044671,16002.620292256284,8.415826878714435,308.36792545407485,397.79120443579484,13.969017669757138,71.7043457499116,4.398912391883574,0
7.149676046835129,248.7793214167961,29205.83451794623,6.380972879503441,278.36320990647704,583.5716547365746,15.602624871117683,38.61984512219421,3.458478097053562,1
5.8151923530325895,218.6869874877446,13676.862971132656,5.858834399354117,359.1943077305227,516.8748192516694,10.40559558127331,82.53954559425233,3.899030812329396,1
6.514703349982157,169.66633479042702,28115.486793331645,8.729289135687624,345.5025863091709,301.96436493445185,17.695131903893756,80.70770600916525,4.208214091876872,0
8.559250429545228,194.75840556665375,17484.81449820442,5.082589889836111,293.2960153159157,421.71772982026687,15.970347103279588,74.36040206163068,2.455693907828419,1
6.2319689518009715,191.09896413605642,13042.993642424875,6.643503903690054,307.27523585516377,455.5519843433385,8.953259743064592,55.741398194164056,2.7145883433644515,1
8.308467404735758,207.24508238271403,24469.311929856965,7.639257560771598,302.7319715358279,364.61997460285113,14.155074654549532,69.08409854415551,4.6793781545480995,0
5.419330923653302,244.064417271377,320.0,6.213364536022013,307.5954037971022,239.6032230299509,15.557516797016074,58.30403702189399,3.452277771652824,1
7.8588121415354655,225.27643814218644,6662.884414807253,8.357385936500815,322.08210526895147,434.1959710777778,12.326912410622128,50.14404307461246,3.4892688484950884,0
9.199105872367113,160.956648349511,20457.977831817592,6.221174379188157,324.14698042329377,362.5512552016923,9.381647162765827,61.05802270436486,4.09982194994924,0
3.446682584812885,241.6154383121422,22736.87592969399,9.345618799644553,310.2603173058258,362.8677490645666,15.201698593070928,77.41164751048035,3.6691753742449422,1
5.908563974458399,206.66265344223243,18776.18739870602,6.921320849956679,306.37995956327256,397.5482801139954,21.599214165435278,67.09094982095688,4.295718937681376,0
7.928296026955394,218.95385270988257,8166.808698794108,8.180606815994459,325.5117338107535,415.40764933674467,12.999082631788044,89.27769550359986,3.9301250047882257,0
6.781523282516801,244.57519804448768,14843.444104848031,8.29871784571285,339.8403720698245,425.47601940912756,19.474188310052384,78.47635910760394,4.1249103011407495,1
7.625584433855824,159.83235719848958,25443.912150035496,6.128486795664365,322.3490431757745,354.77477626811304,11.78992399996954,76.78755413529161,3.4225504556110433,1
6.192141775527744,195.19241322791856,27114.7045929061,3.875491253123696,375.6542262235546,408.4148679102702,14.993456051882939,41.02722831524283,4.121003962159124,1
7.207286987585163,178.9010888968226,21871.858196719335,7.68999409236886,352.1422899991672,284.19261743775337,16.833739577199953,61.90304997945127,4.831969487731646,1
6.851154463973643,144.83446068823747,32156.31783012092,7.234215588457294,276.2868307331267,451.3450668723944,14.25215076563478,49.614847087452674,3.527156391430925,0
8.796639630639916,207.76635696387373,25498.1611059825,7.9982051235687015,352.70752144205665,195.39438384790105,13.294495002203124,63.51404458833104,4.683948274212279,0
7.4539986396527835,278.92486385058,15460.974366947943,6.762086593635116,355.6643595306429,402.8163066001592,16.683482095669735,55.46703552573182,3.929782951708334,1
7.576275913250547,135.8866445380959,19554.863982268067,6.439924235894869,318.0686782519917,500.4894330786346,20.54071643154112,60.44516989027631,4.542895691662792,1
6.474540859799973,195.3089363148039,9714.83974054258,10.293387357351087,279.7435591948639,340.60467906132124,15.274942720555524,83.13453628953563,4.070441628315427,1
6.363218850613435,217.4246462759078,21066.01059927066,4.793680582812971,334.0715326851184,484.1047247575545,12.57184081568455,73.894691380422,3.943939482323618,1
6.444139463905158,200.41558048843868,31764.131911855897,8.279641755815497,333.5014093354317,519.6047604664893,13.65192234547045,82.28219454504038,4.242789152019566,0
7.6598446492960965,192.65148091380763,28022.18578938054,6.2121290640702425,293.24370501169034,158.89860483868603,22.62023230708619,41.157227370817914,4.9166060985957545,1
6.4611528131942135,153.66475813353577,34305.8282224779,6.5894697839701335,281.3329375243659,413.97836376204424,14.726542555079202,67.31426096562902,4.154155889487759,0
7.505969039637727,204.02170024044318,19358.625404008155,6.618977524533134,330.61581483117266,193.81874931335906,12.31249065770691,81.6449375566244,4.34325404810855,1
10.130839174008795,171.4951680754865,33815.656501459234,5.8505738468094135,325.3565902792833,416.6575755134118,10.489825196442792,90.15428657777045,3.682581767410173,0
8.360553314044587,124.38727355735496,20319.347386758564,8.022534252173259,318.7000296972487,425.63049444059897,8.236267378487273,41.986646094549386,5.1952914497161204,0
6.600745407713274,235.63624628828632,34915.81488345925,9.317216881600933,330.76553604625923,225.59562049854512,15.483463946430888,60.85710305773836,4.4694629465251445,0
8.845784465581,227.87214189820793,21822.46686812299,7.862621584769725,293.9256618501336,581.7561880396739,16.446864996249108,82.70975464905511,4.030612598819505,0
6.480129201658319,198.068096309095,28214.55011735807,7.283343554015111,318.0655830510186,449.322937414954,12.966935644315164,63.367771006963515,3.874330135641354,1
4.083956933288555,203.89968500132144,34946.73937374829,5.56142401142319,353.0543666064025,357.6004164534507,14.23044791631754,52.04271327834346,4.732768450033026,0
5.598113122951416,231.6828330779605,20318.265491873997,7.936583920002633,321.1320812961044,544.6273115361553,10.405771742254654,41.956512955117965,3.497160819904698,0
4.329935876091993,203.74404451829557,23928.75648326691,10.527032418132292,273.35491486941714,281.1064956398943,14.719993218579027,51.438976798361864,2.5793574873083607,0
6.563275178459277,226.0850570250044,33313.85208737145,6.518502494403754,316.6969010830701,326.8806887813848,15.873749511077182,39.76602068675,4.0264716875510755,0
7.107075017408641,186.59176005727656,20848.020671097427,6.525945944624052,295.104473128862,240.39099913223546,12.508606275675119,67.32192140427259,4.898203567029189,1
9.544362849044665,239.49490548692563,10433.52355404351,6.233479173050024,343.4343057541269,571.7524623323436,19.875398336329127,80.53481162972948,5.211220872724046,0
7.560583239433319,206.91422681140733,40802.32573916846,6.346725509498816,345.3027837581685,453.0669102786526,11.509178058467722,46.514428052011326,3.8863107241215737,1
6.757922222650969,202.74848738632508,17895.556895329522,2.782426705197632,273.8318850493908,479.49625863765687,15.218307559302831,70.46439801889831,4.003998377874591,1
8.299226204339728,154.6230920140355,23405.940812461155,7.759955909652026,361.2107287568403,450.533909712952,17.087929997222243,79.72992413436133,4.3752337373624455,0
3.829631095758409,205.80223893089718,32149.066352612004,5.784027561359711,293.5855870717929,472.57617277809385,14.024171754505543,66.35728968560153,3.7638074532862635,0
7.426353400419592,169.0236418619574,16679.283992390694,4.575784272308956,390.1288479780321,432.5194600599349,13.656141729459232,40.999350969155046,4.372796639745096,1
8.213171835013842,175.3896467790084,13177.880195161544,8.310040120577428,332.0172258009477,448.10315370418834,9.550453042011618,72.49055621702767,3.9033866341667514,0
4.906478218703633,169.5686030972491,24238.66324040322,5.410411899633741,288.73533896279463,434.90543368117665,18.772800350820898,65.53821768106431,4.758867240608341,1
8.761318443514186,161.32285778847248,6293.776811930562,6.584902894863663,292.5086234051665,377.0296961919466,13.717653502480257,63.93192169156451,4.533924800216303,0
7.577589719016789,266.2112360171675,19489.951205701265,9.436978978077956,346.3601638451946,422.4422527230026,16.05867955653427,57.776376634357476,4.601977709195898,1
6.4695267665658225,240.1311149675588,24162.400328945958,4.893439039121269,319.63842197907263,448.31917746527614,16.506704814817066,67.76863771234164,3.8098522370543715,1
8.010189343176238,259.49247979548187,19647.359631597516,4.698494789335536,330.2869277064004,435.1434743510077,12.200331991421237,74.43982841620857,5.472223309991763,1
10.417918500972462,156.1734407072086,8482.300587373624,7.545503779508494,392.06587760967096,306.79123597245444,13.626180319796077,104.10052107847633,4.347451315055989,0
7.347343394935988,198.71211075957103,35990.6148029705,8.936190035136383,308.5093195187612,317.5216273097544,18.697136580960997,68.17147671846622,4.162889361719729,1
7.444884261861494,153.85240435954137,22921.832809447827,4.632540085983498,335.9470576771228,513.7144162747836,10.582075726399125,90.23069609339986,3.3764644751577624,1
6.404739477675841,173.50250938653252,34561.32978140427,7.76414978420274,385.0931797736621,401.4018111521623,21.32340882744652,72.04179766564185,3.8942839802841283,0
5.830728776886756,166.1911660550972,19734.2923863305,8.037979273139474,343.5563570033557,473.46165529397433,11.814471080735533,64.83043827299494,4.059216213348056,0
8.30059365032004,237.11512629173413,14298.822553761285,3.8665264357661338,275.7173771441616,337.9557900953331,10.375797218519905,68.74259451200709,3.3556117087890462,1
5.821556775913965,183.34593048079515,24374.061039488646,8.381632113893408,352.0447588839994,307.1650817081939,14.717942858479049,47.13321744994913,3.7419926263001115,1
7.185202368712507,231.48762869852231,20122.234632441443,8.505037290150643,291.7490767197063,358.03895774131223,21.589632754964974,71.22341646975964,3.8406759858796526,1
6.377843553255278,216.2274536407746,11688.384412654426,6.627378794255481,384.6220240884093,408.22451663096206,7.9547027531898005,34.98513392776697,4.01361811552011,1
7.7841003438471965,272.0906057816844,34900.02664716949,9.098707252430852,304.04156475537303,372.4600124148266,13.813237971799118,52.79575153609786,2.595088547767549,1
7.570483294771814,147.74066838539727,16558.50383373707,8.915599807433257,441.0980736099283,530.7727680021727,15.856437207119198,68.1322255787202,3.864488978250674,0
8.605183718059111,237.7609965917921,5880.05134322875,7.282926322633184,386.81096821816226,440.71727799724226,14.391381362752607,85.22910044803038,3.6756699771976535,0
6.330275893683522,234.0535114100719,33658.427273236346,6.406716283286605,304.99042173364484,575.6227297659838,15.544160727709961,88.96094674066468,3.9537103632925783,0
6.683283845118744,164.37503759405138,17592.793306827094,5.582931929718928,334.50329891275817,458.8902229305112,11.903310498009771,62.66966043906246,4.7775157216206,1
5.641217337800009,229.47447276987276,16685.15813394352,7.060649655201418,361.01670433823335,231.25176840390006,12.294920689967128,68.85566212899506,5.570868483854541,0
6.426888907688116,207.41908493467216,6536.5309853632025,8.020219093132603,362.1014895385532,511.5487222179158,13.788721037903048,81.92339614530859,4.499134215722809,0
7.634631724775932,188.8928553353315,37277.32442953774,6.607800559555787,349.7660324355397,304.22313338820294,10.540070429041894,45.433886366517676,3.007150705788258,0
8.192773266468667,169.28724054323038,10708.917111397612,3.647948411685993,379.0330275959552,444.8394256473483,14.132088011232971,72.7828681588255,3.7005825775706236,1
5.724416973458891,172.73287233086526,22526.530040726993,9.124567953430981,329.33590226863384,363.6077813001847,12.99325307794733,53.3441294816412,4.434851380888252,1
8.358320702555321,263.74732358848337,30015.242270386225,7.420552690514932,320.52682345766215,599.3624786950509,12.724150437137384,63.69031904544815,4.346966587214638,0
9.072787652443278,196.39244425913245,25711.379346532744,6.5201932952506025,321.24433547640456,542.5439085156293,15.340876225701491,59.161203339704656,4.740114073653398,0
7.687749307738841,222.07861315033907,21491.0869262727,8.474310253708795,364.80160860347263,366.2634739440809,8.253617077510302,73.26559766354929,3.8940662244533355,1
9.838889844460358,170.37313732458753,7095.194037246816,9.528928982442755,346.9776427965376,415.91822683913296,13.52171175780176,75.07828893912335,3.6864698093949055,0
5.942529877317748,170.73623365769475,14915.046128115995,2.6929797202091317,344.30699167804585,445.9759700083532,21.95044096418519,80.45231074255696,5.336890723054511,0
5.250357586132218,231.9348406800456,23660.57875769654,7.806136566876873,362.5197657681545,495.98249112289375,10.684976938262182,71.89109552488435,4.015763070628317,1
4.46528123411071,152.00942992630115,15112.753878387906,4.865894246919652,259.65496598016165,428.5657660349843,18.53500664336341,69.1069799524095,3.176993986703531,1
9.2791851378891,182.72192344895373,23796.989158484997,7.908594600742328,344.9858872948479,343.3882431810321,14.460911760221032,95.63795533291676,5.120604252485679,0
8.041917514840465,197.48848100194428,27991.091266066374,7.322124979751836,341.67907964389605,368.2240863662437,12.284209652602506,42.36085746299052,2.8030455167123334,0
6.998290533761631,200.03081742248253,30452.574175473223,8.12444791177607,394.09072405820746,425.84782603479147,9.908676106956339,93.13976749423811,1.243864726458888,1
7.491553880690136,190.48320372151895,11263.893548803908,6.3311887690984445,278.53683032099104,525.9664684539747,14.742347305094118,61.82950849714538,4.570121671269308,1
5.425531100471387,209.380596204623,41272.591192593136,4.16028062332574,390.056724894096,460.7835775099177,19.09074442024658,75.40296031702817,4.680346757399213,1
10.675255410036735,219.14416869373147,28742.757933955312,6.408418257814464,336.5052859193374,363.71033978024053,12.991711109398711,61.264346837038914,4.292930094716859,0
7.269955137503585,220.51753611924818,21999.061620527973,7.762819263520857,351.452081638054,478.6050041667281,14.012017684121279,55.320918501970866,2.9540842544862014,1
7.240810348069193,163.96662880908855,31566.307817247016,8.724319879306853,394.34770498420284,394.93775517025585,17.624327514129998,74.041782330365,3.92408151291099,0
8.146876937131077,187.02982193108045,42752.163980911326,5.268506545253411,354.0459122257214,498.1638708991486,15.40828231935619,82.83436342684978,3.7530285126279805,1
7.787083570652968,235.64185526989496,9400.499968411183,8.742755474459369,348.2493099811769,630.4177119051346,9.075767169111645,73.85933544983598,3.5509145715039363,1
7.409109515690323,225.77705305555318,20039.16060287053,6.096361782358496,342.5364034548958,397.21324096405175,14.607316684480658,57.85083404401095,5.0714141560312385,0
5.918002550495391,151.24410982981743,1161.832598608762,7.692670812919352,316.3071002013032,490.98771295748804,19.28549755430313,123.35099049060311,3.1536004742672827,0
7.773058484989914,207.92314432457687,23703.110296577743,6.3143675544723,332.7504030401944,365.97476483803104,14.15772467279258,85.3015067895608,4.216561473422992,0
9.8465760098183,131.34573605305,25217.58535963335,7.407829591785121,307.92136863232383,417.1379649732712,5.205669988429882,81.11880813734838,4.901356647256809,0
9.057767467847817,197.91275023072436,21670.746726626778,8.529166662621034,332.16935225476306,428.5989284021345,15.56499162216645,60.833754081195444,4.26752438974885,0
9.421984341159913,258.7496018404403,16275.643640336488,5.181317757884114,249.35946460842877,410.5584234318136,13.62310918510924,56.541135518681855,4.938072330546392,1
6.328512955646158,165.21276638336843,4045.5248482382303,6.0457486831400065,349.2854899718912,625.2461361899096,8.225697489920773,61.98693777395685,4.409697483494565,1
5.6252809142198865,168.9458014946917,25288.94571521816,7.412240888000497,329.38041564825977,401.43421363523987,8.721821221921974,83.45378120506946,4.304892742983783,0
6.8950932274535175,221.4836589202999,34774.21887041695,10.914502184427956,321.6295969568631,473.6334728492052,17.507604644285955,50.7781696043142,4.256131197689075,1
7.161915621064381,145.65811419505894,16832.495264340185,5.756160254776412,341.7220571535967,270.2396800899734,11.855813112080284,49.55442557796543,4.448485747987117,1
8.688461532152294,175.57134216767878,25872.196611529587,10.343411539875133,281.9709998240289,461.1196422858982,11.276186979763866,74.90866460110325,3.669279504018437,0
4.592076994319216,215.9750201923122,8265.808131054331,10.28698881980677,403.50381767789315,518.499431607985,14.162036363316176,71.43372793200625,2.9545383955392266,0
9.328438969607102,175.52102418644932,26022.582088396917,6.966248381891486,330.0659839418381,383.57485874618686,12.147688075561001,54.25215550746058,4.714153860941382,0
6.847728389088886,188.61366652037538,18565.21691774411,6.648919008604158,328.509182192385,223.3589487825242,14.611160957944335,49.19171956839191,4.876158994394498,0
6.452484827177293,220.83138429805518,15329.796470935611,6.026536986109787,298.8905809657962,423.08655056106386,13.608996702564621,89.07563558542017,4.1665434725067145,1
5.592206568367554,210.22621976584676,15347.807073820704,7.012240002074383,334.64542226171625,427.5986269496545,10.30801462989004,72.0299597869741,3.5422670166851913,0
4.647360692357319,205.14032068622987,18563.206729652735,4.8973832965558985,383.90473043447633,484.72250485064717,12.587935286761816,44.89703942900893,2.7549806491068827,0
8.290060758424014,185.22305068039384,25366.970838339068,6.999542352633456,371.2180118088737,588.7110742917596,15.745513493533135,45.99952529598223,4.036929537940243,0
7.1877774117669535,208.53390885889056,10510.053417582621,9.485070832684354,364.65938032621966,395.4978644949892,14.41874871318985,60.6989561944561,2.917818731119983,1
5.1837574773806505,192.302906805121,18532.488551618375,6.154485601286786,353.5268581132552,357.0133567270127,14.008770383283037,77.95691529635268,2.8085897479424182,1
5.176234205066485,211.41807039826054,21650.497383772534,6.7396555996973,320.8222730538873,331.91137247117365,20.69274183830376,75.78328880924758,3.95382940814776,0
6.586396492043511,180.03584433437206,12378.560339507549,4.4321980506577585,281.37110314329357,442.21673304232354,16.699734209026122,84.24657052850921,3.374259789073349,1
9.533461642175407,190.3689578121445,37765.86705608126,7.711018099247049,326.51445878473976,464.94661765512313,17.101580586558644,42.897183536343235,4.239341453808521,0
6.698400713495501,163.83008735881532,14531.298822341805,7.537881062223171,325.25560527175287,382.1155875815595,13.730644570198798,69.93006229782519,3.8457494300017383,1
4.870379858916384,195.21929985909503,16144.982607685055,7.220649728429918,371.6834310497186,489.13535268210103,15.00868058006272,88.88660594070787,3.4968250383463646,0
6.718757695793662,169.71240161251987,13437.039193077702,6.777413260649014,344.9613705904979,463.8176872477576,12.853059034669956,87.41828328960808,2.6401662370314067,0
6.679096352470925,159.75129318317528,37781.778574359916,6.657442488339521,392.0489386184342,429.70355284020354,16.853689723884862,72.06001040687806,3.304747261852321,0
3.11557663487589,204.8721919300066,26861.537307334234,7.913002369247062,377.0572358369796,353.2858664166672,13.914576317432166,103.42825188147162,3.3334135377601495,0
7.000186546218816,203.3627564324413,13802.772465100554,7.074469769489975,317.282248672522,387.2705446656795,15.016070348960142,76.00842628587812,3.01426001465833,0
6.740526240593243,222.10305966775957,31712.676509783883,7.617655557057425,268.90403083415794,229.86147439427353,14.811623410133606,82.844114399908,3.71334544971094,0
8.103423356275725,182.1989025280665,23773.661613530283,7.459672851578186,383.8546889546451,445.2639526578431,14.219867622547945,67.10094367908975,3.075143446883772,0
9.797965459569657,209.78269707552417,24269.48991117139,8.895015113611304,382.9081819675591,428.33863954368024,24.005402502285598,54.0840196318456,3.8422806571128523,0
8.736050593435204,214.47471620063533,18993.979081109235,8.189650673852586,284.40511310479354,441.4409872699414,12.073490191492468,52.59795090371918,4.157520746661552,0
6.684733624884399,210.9897150634245,15443.787676671214,7.424721712177301,388.32393431656584,466.9640196477721,12.043394835174727,69.26407193730802,3.325587435576441,1
5.4534069141497445,169.2307634462936,24975.363076614474,9.519106808430443,347.58971454521355,457.38823431858793,16.577460231946915,63.06461335197224,4.301818730946496,0
10.862838910777295,201.27957766225398,17235.18488456576,7.784024275909367,339.5871739022611,417.2899351719939,12.309990613061156,38.50940398546441,2.9081408604267915,0
7.167051098001298,208.33929153131672,37942.00445827974,9.181841048288863,392.1382668084984,430.14286456798203,13.315444943935162,50.223235165721064,3.1025016292508933,0
7.100476059112031,196.60595620726406,10885.9229433795,8.078969321250888,382.3769221605544,312.7271903667825,10.683979744392904,61.37877563716696,3.88169050785268,1
7.044536121948295,127.78747936934246,35481.92974367706,4.209767855288162,357.31910060510666,379.03953462183745,15.907056713222563,77.869195758529,4.505892051673138,0
7.371184598328747,201.6452939400083,21038.13204925446,9.181638926044542,350.88206475844504,430.2885658481605,15.949091479242542,66.1465148152241,4.646571642361628,0
6.867790194471804,269.09589526498735,24636.24341988186,7.333578461321418,356.0564896597672,366.74567253052214,13.236714281653398,65.2635474004069,5.227664685282896,1
6.236716849886053,184.535509235958,29318.575766326576,7.037911461976771,319.32192433948546,495.7187858144605,16.64604323886904,50.83638787215771,3.6762606776423423,0
6.2761173563766235,172.4381057934956,16488.549473358256,7.564530389033532,331.7886336066739,372.98594153802395,8.129606204541812,66.7653290825793,3.8705489714309227,1
7.031852692782483,208.64196715771365,29591.154365781425,6.574926604107834,301.1702580329532,443.6896402829764,11.940315240987522,87.20222320282323,3.1645130873659704,1
6.2811655864333655,206.6378717780362,320.0,7.478705599414534,321.7439425047954,435.6296707272473,13.717368893641819,68.85341952820245,2.992062261047002,0
6.032116699464568,235.57520488723753,15701.776164650619,6.184835815177914,320.5298516249047,486.5166923396572,10.399744935251226,42.629664820031046,4.148286227335469,0
7.236452434707088,155.02387371527487,13912.618833595192,9.133350168800305,310.820063941873,499.0029347732271,8.49175984614403,46.66348553381755,3.364820230431931,1
6.7051834903913425,220.41046890214,11024.314483153921,6.94053078047874,338.72201860571545,482.2947752923192,13.26086435572274,75.68520059380913,4.9312557760134865,1
9.290869693216553,215.7771731533356,20129.53149494908,6.515517528498555,322.0713320556811,256.02363886622896,16.577206488171054,62.862544955739295,2.8293391291434355,0
3.1830743816622724,191.69764333076427,25396.0486935416,5.6586172111635475,351.93076279352033,522.7091118409407,18.523778775621754,65.22386977126759,4.349355500543263,0
8.684515072326018,207.50265214008596,28174.47181864307,7.544665746854854,275.1493330355633,549.6317775971654,12.468477106590214,56.73718206001729,3.1855233937227174,0
8.911745232971516,230.20826742013801,24125.91193203013,7.415629218197646,329.68335774096215,387.24953658398204,16.706944422527474,74.33881058639263,3.330050195917775,0
4.032116358360021,225.04300654153516,16177.80228378135,7.73371088961046,338.5342762760147,445.333437013093,16.386954146030458,61.65452766212085,4.390507410896584,0
6.576249236701887,158.79895521213655,25249.34198419394,5.496942017741897,322.5538592722951,354.2218919286315,18.313593057047182,63.457109493339914,3.4428132598358316,1
6.533981926986186,223.32859959865277,23103.731272467223,4.590133705877715,327.54972782889433,268.76153287097486,13.120867689528254,52.976207113472505,3.567688427334478,1
5.010957808764803,194.24368555258113,30220.70971721368,8.108434257960365,276.4892091722229,366.5144193915197,8.326963360938727,80.93507177171148,3.3365164764297766,0
5.9366094692414135,198.76537160177,28825.67277004228,9.465734141764882,346.6630825627554,382.5613642209456,14.512315171519283,62.91273587620904,5.362323237458485,0
5.447453507165232,198.7759850942257,22281.283730417355,5.498361276623964,357.1844802099739,397.53451239945974,10.924342717390216,75.98627285329862,3.488360677357593,0
9.655837551832725,191.4315129582012,14147.666526792844,9.631317228027484,351.6164378125241,348.72015238661606,11.885198089004755,47.57706103518355,4.0102107295975555,0
8.455447237926768,235.54142542990922,16289.525805284306,7.568579472803482,371.31959592824046,366.9419122694989,13.282964633183965,93.74333709223066,3.812507391780762,0
8.949185989641414,193.6181906597564,17193.960232500645,7.108840610809689,341.0632799529796,425.32057914920836,13.158149540234337,86.54418858735352,4.142705308144924,0
8.140857934143556,159.57051876004525,19250.077539299386,6.491873059457671,351.07953786872486,363.9679574948694,14.74856117342508,36.28249074947873,3.490505181366571,1
5.420293896310673,183.43467363427501,24364.149750277713,4.9324615293085055,339.4211192878306,470.1322013133677,16.607447407348932,53.75344601824522,3.813362557057513,0
6.308955208568733,202.24369534156034,28284.18836836242,8.680611055160867,358.6280830060727,481.29499723942706,13.06279521935655,73.93229434622589,4.27728256701527,0
7.799380605005039,236.77428995984405,21565.92066103479,5.8945419489285875,276.77892095018507,618.5691337675523,15.589758746872494,45.587879092530216,3.2968544323576667,1
5.28347212092884,216.19372229426816,22155.45972422466,5.887905452334591,301.48598381727464,517.176195314897,14.329040992869972,64.32476132428435,4.819670658169961,0
8.12810769235341,168.41290538758466,23270.489336385184,8.687243569621389,391.13055360517586,445.85515814351913,17.376486450357653,73.1279832648541,4.894674804852474,0
6.726721664707542,278.05819256123516,17491.029461546757,4.144886154258672,244.85984938944313,376.08644218628484,13.655760972838092,63.48687236808355,4.443064248403817,1
6.529013412902092,205.07316447184618,13900.963237024946,4.712715459144297,328.713969616112,449.9477234887758,14.01875270318622,74.89748635478001,4.024503579205257,1
8.125111153259132,238.2920935580276,6623.7622035606255,7.091347895257231,376.14601704023556,452.6022195208407,13.040734517123617,55.46618740442833,1.6373308704004619,1
7.733067067884479,191.38314656831648,15919.555693387701,7.583389397827666,330.4095595473206,384.7291692774525,13.74295733273738,31.009257080008723,4.300947083470481,1
6.549379736245952,213.90151837346812,26162.265012252938,7.8858807437909,319.14289987777175,489.5433341716,11.686654295175156,81.88795847284301,3.664762283921486,0
8.784214810945445,223.96332974351998,15851.503753076364,6.6431583804339205,338.45729940010494,313.22969943355764,11.35860298286497,81.78859708731191,3.777905959094319,0
5.490836908428151,236.4120601753624,19929.18100726818,11.117984076453869,321.01823669471156,406.46004929021376,16.84778342528582,105.882349848887,2.4900456821922035,0
7.985425342208067,231.12569619778225,26103.400375939887,6.759929757149982,334.8949006682358,471.1289220974396,10.694602428658968,31.592668612175864,4.354999018981871,1
7.951858849213524,225.0391153923988,26579.09457372171,6.755357879677699,309.0826093401625,402.97032503308264,13.22371912309994,78.24062236439929,2.840106783474976,1
6.624966734208434,186.01309914564965,12549.57719250434,5.860761063274074,373.84749353719985,409.50217665888056,17.640784622556996,35.353882682424995,4.062371145873287,1
7.5594155426959135,177.57670760090426,30755.538701681056,7.315772770103292,385.216794247313,415.0755245570518,13.112560368538059,94.0998990520198,4.675632835889676,1
5.240863042713604,207.30280886435636,31897.82752390009,8.091638746633905,328.95927375888596,358.6850637400232,17.023130901699254,74.09365996738607,3.6039240185723096,0
8.438319718234144,227.04191973785095,12108.436436297727,9.021653326162866,283.67227233621844,521.0729342805117,12.323638664394153,51.388082072145494,4.918520345678184,0
6.8081938594288065,189.04917056547293,14791.322681375985,4.766930862184456,314.84830782487387,343.9423757319173,10.800648462980858,78.70410842446465,3.3873475049983996,0
6.311597159837012,231.38220251303187,32456.655969999785,6.731327365397993,327.13064982387885,451.9204552479928,9.001126420278283,57.678480228303926,4.438337799850181,0
8.622043561980227,244.11751242413072,20726.59140284489,7.825791705078448,352.0501750112819,459.63688666019857,18.62511666929251,71.13756188992352,2.952267113862349,0
6.0446147749021435,166.2505313900567,2552.78618576171,8.047550904659367,297.35040211461165,349.5518641633034,10.516956388790085,69.64800049461726,4.774281739050808,1
5.009561894345568,168.8604164662163,9742.760321262453,7.130346879331172,305.9824738042727,432.1175547965079,16.753187613314058,93.90553150704284,4.653272498411846,0
4.791755114919862,191.7558718137816,19827.809141099067,7.977029871860721,352.2358356222173,352.70262412050056,10.970175341313904,95.02138160206431,4.33531917991171,0
7.97083462847809,206.48122840337888,11817.427585145331,5.841837049177236,367.71216518990957,538.6201424092709,18.64054076838081,56.98112506347682,3.6632383734412275,0
5.197768851830464,179.12748225747703,18389.508715363074,9.581490583063005,311.31559120753144,334.1849508629522,21.584450818475982,83.08632559579749,2.8764395137260728,0
9.659547447517017,240.81690205436303,22298.115056493083,8.6883524027075,285.59753567021096,373.3685758151149,8.697585502424985,71.9958292533436,3.6653005541288235,1
4.019563770410929,210.30907773811148,34834.01243213139,4.9950140964370275,452.4680317945441,327.2803770747855,10.689456202934325,44.12200380330101,4.836039597083536,0
9.573790861386357,197.6666244756731,19467.61371203024,5.421337183975526,362.0886151283861,316.4943658818331,16.839066469188673,55.420478441530726,4.07137025982391,0
7.390195676787849,149.1716539504415,31417.310641468277,5.465863634831088,324.13048404973944,554.796107656198,15.978172076340847,103.24102399068607,2.758631194980289,0
6.937831725550523,153.11913411402784,34540.358955413634,8.191192554016515,365.1867902976845,470.07162139887413,16.851611339256234,72.04336390542042,3.092712441252446,0
6.278968942390844,205.606774056763,34589.0127624336,5.090130129060402,329.2821374021208,437.54711173086093,12.380869128161514,82.16652396899133,4.947458092664778,0
7.666730088097545,126.27158176829055,24510.599013767755,6.596981551951233,365.1190499720807,373.15201559193525,20.858738072987347,63.05606119397256,4.350571946659751,1
7.024676987435473,229.65539165500064,4801.482484391712,7.838432946338504,339.54047016763263,499.55411045068934,14.670743734743153,57.88511600487598,3.0074799058228567,1
8.701853766564287,191.17148313548185,26054.24758471473,7.015457823416633,337.0785663997761,359.6045846747161,10.251853870647949,66.82996128539567,2.592651432983817,1
7.247914643533198,302.97046591057887,31205.652948435512,7.529042274826075,329.67515128213927,490.3439913748156,13.442078464857852,62.20353904876716,3.482467135011948,0
7.30094358934896,272.23120715775156,21303.356041213447,5.436031716068962,281.4716386086439,355.7023637374985,10.296193573482563,42.8514012776317,2.5259402077678628,1
6.545490048045632,190.40576909383412,37309.258043239824,8.059869909967647,403.82274966406806,374.12733261142694,19.546015896814087,50.57755753594992,3.8484490977945396,0
6.996289933130031,192.87470272679568,29552.44859510434,6.151125209887925,299.75296412152375,487.4867996221892,12.094303520131614,77.56333879228089,5.8822677900323175,0
7.5324686002713275,229.0947643652467,26996.273400375205,6.607100914451253,284.6287479521351,496.0158876812275,15.910120334504699,60.39650783285499,2.7243742609546464,1
4.566052462794761,252.3532836880059,31538.639562705157,7.4956161300914586,326.0872438371849,474.49178778819726,12.722071890108984,66.8053659895801,3.8248999826991525,0
5.098167429504602,142.52798488207813,24936.820161069907,7.28286359001874,299.03240865973027,341.38583470569336,12.24306800468608,70.10473650634101,4.993302728758376,0
8.172598218213391,137.65183845379147,320.0,7.157888430044637,331.9110997491518,390.1100019809382,7.9570586599597215,71.33679926987122,4.554288529474075,1
7.331172194048075,175.92371594142747,17638.024010500467,5.934009621276726,358.6357854870223,438.88898727625184,16.259957935898775,84.48155179694339,3.8539822424566723,0
6.809544495561561,215.52458435892493,32509.9374435282,6.646711930305276,369.7502468251261,357.5796054680455,18.580289946202598,49.07356699636925,3.855848037268806,1
7.107097881606128,212.70223491998473,14933.750975350016,7.123450073522517,363.22436827940754,536.9975006460481,11.248147305681346,75.39288545028296,3.0683903697088284,1
7.590945106881657,231.53338772531916,20054.85514791155,4.947365331596005,322.73445754004547,232.10866745935635,9.165291629354398,78.30678830380485,3.7612284993956684,1
6.286553269945239,156.93594224263234,12853.769723659578,6.389197913224861,335.5722486516897,363.28005976301876,16.938976101462213,81.94688255485374,4.159883757107302,0
5.9358920536586,120.23835122421303,37654.1496943308,7.732534208871898,348.5207488994353,385.0319309030889,8.830941134458307,44.11828945722747,4.83198856375379,0
7.367892524993592,224.57292659958154,36756.12111744894,5.101650165924358,270.25356249873346,196.39091244979343,18.316654017988736,70.41849907333217,3.4862630136584905,1
5.641792016905903,169.14718850763273,14265.008106455345,8.947399009518898,354.4009310623317,313.3807239856134,11.286452143020206,93.46251767470463,3.8219286001104993,0
7.680131550900274,130.0223038975455,23305.48544795119,9.125988954907752,281.1132037467203,476.7396455085245,10.628101021250487,64.83686941290006,3.229613485009788,1
4.577202101770375,201.13824532968488,16048.042169621609,5.152662089983065,407.5181260844805,428.657220669845,15.102410613944574,74.02471144997688,4.145753640041594,0
8.592858786868696,222.44168487174792,27405.45108765507,9.26503902021922,319.1608248410491,553.335121941287,10.84375896661214,78.70683852660837,4.581347971240992,0
7.774718299147173,192.35798206717362,26482.598765291263,6.8931410898348275,327.0986110961874,551.0797490919522,11.939462320919477,50.228340553839445,4.461125450475318,0
7.456363709441398,181.3205235461816,29130.49943861497,7.781253003468147,305.9627854335439,461.20447785498493,15.45168019714103,95.3194159763296,3.057254081154963,1
8.524555746399905,191.13176342936407,24924.09537229802,6.33529133763737,311.0128830487354,451.52278290174746,6.2396381639784,74.27712756819962,4.084553303376004,0
9.528247433359988,184.18894459988627,47749.47135483517,8.578410827018285,415.96574158883664,431.53789288426094,19.716407704022746,74.59255937983033,3.4416962279648535,0
8.571123995576652,152.0596914305267,13002.0459296849,7.761628549780895,367.76496054684594,211.65282213515837,14.424448838461592,40.189828248773864,4.75861901220921,0
4.373914879942482,172.87844614732452,7016.836952883561,5.8336378545757865,277.7918236323571,313.5156457281198,10.000282498944323,78.92997146782395,3.8441760762366406,1
5.199021858898519,213.5044704778041,18567.777799704127,5.278980840054844,388.1422542307642,434.34558740542485,10.912917827660554,74.386091083549,2.7847795961719544,1
6.161516690787352,206.94357365504555,8267.176238532056,4.812722152369428,376.90377582361134,475.9910375238993,17.562349512043255,92.01349723817695,3.798553889625968,1
7.118353843809926,201.89412582212938,8929.33001253536,7.416948006763755,323.6169816129012,449.6182175188831,16.26948521509528,61.49134757042035,4.327608603975127,0
7.840958760089611,163.65946940147944,13235.334124275958,8.024504830611983,344.8640274849583,354.0899059588977,18.87024397561405,50.824628142232584,4.160324729251384,1
6.013156594664405,190.40399106060062,13929.047762632674,8.148525772471517,333.23992096972233,501.96180168635993,12.02012118369798,55.64109105240877,3.5707991093514555,0
7.354547143781305,124.80987192342337,13644.733538040375,6.933589870520343,405.0690377467121,546.0063019636622,15.261692500969156,58.436493233934904,3.513486755900506,0
5.969587089440616,202.23652794191275,26557.434728913526,5.291945600050305,305.0020725698258,502.00893959954317,15.691939788003973,48.75579040906824,3.1997465693912734,0
6.181068829601836,243.33655285583197,17576.21407798081,6.042321819122423,339.0568234372947,506.17952182420595,16.581335425834904,86.74582357478971,3.662095296138461,0
5.012208187633114,147.915276819776,20440.244433740747,8.940710849559842,318.30682773792,381.01896326723937,18.011300518560148,87.33779529843238,3.302570406109874,0
5.722847128216971,177.1105573780454,29854.03440758783,6.354286867931871,281.98991977711074,513.1562364554516,11.905856471655209,63.31236487302134,4.726667069218306,0
5.09302362974399,207.18773981620197,15295.564171060538,7.3465998564767325,412.9858065376872,437.98875564406796,13.902096413712808,60.206176028732266,3.2671128352293395,0
5.6454663181233204,237.5509373936314,19694.755260498998,5.420472235951678,291.0781838312388,467.5488022598632,12.26040434212972,37.76985022695445,4.0653818806425175,0
8.628853441013524,181.6368568622141,25220.79192287339,7.651801211825275,341.7354688358082,455.74054721866474,14.105854699190395,77.37530899613785,4.012357044594539,0
5.684383633417044,173.61573167703,4991.918531368377,6.396858392547057,270.87108008541463,416.39262700936035,16.591812508628447,92.47475051618355,4.707620609350231,0
10.949601635310964,131.65149630878335,1105.0748747631878,8.773806087765706,319.3575907117546,356.71319998536677,8.805142494137074,56.3514393088168,4.81970726538753,0
7.805177314294907,199.77001131035746,25048.58022855526,8.342221175806765,349.0299532066051,419.5725362181975,17.952019894910233,64.5583080285062,4.512856555759436,0
7.351709101831465,263.49303943952486,26327.69236101453,6.336784604411658,303.9741139807846,505.9502063087869,10.509307168686988,73.24877634494908,4.2452841077663015,1
5.818214063133616,205.4867726447789,40111.582692882104,6.919870836790692,354.98701888558656,390.53434017266375,13.262604241802164,93.59407754681823,3.152056006046635,0
8.109455522731217,195.63768995423135,23400.144138545773,6.2492363407358065,324.0568549391647,498.40139229136423,18.39744777163787,69.55047101833945,3.1362813315641596,1
6.233812395430473,206.9568455549108,29200.936641336688,4.877295549458885,375.70538199808584,485.77268089261406,15.365712166525071,69.48192977573821,3.31036116058334,0
7.259354427528681,196.00540583020947,20300.336374973744,5.765240961315397,382.99403940811567,402.0528689468275,15.403844128752713,69.2278527632901,4.556498379709774,0
10.843324271255128,169.64621758380954,24619.949413897415,7.433183377798896,312.57504434721733,538.438936373498,10.372127790073183,43.92723736612908,4.027197344035496,0
6.938791947404765,223.4312108283262,36631.31420069176,7.63391000720274,336.5531255384614,397.478273501079,10.824075552423086,43.58411138910304,4.647552647773739,1
8.769431789639944,203.79078126468337,3392.556445144386,7.354705687676369,340.4100357447065,548.1964819677268,17.395558672974122,53.65791618305847,4.752186132769665,0
6.046330655064946,196.94894759105932,25640.358861870165,6.643261774745356,356.16328353701,461.291801378326,12.329934864446669,82.37328435256937,3.4037575177665866,0
7.028566918969466,164.30971868336394,40737.270047536185,8.594245237039157,334.2997653442677,424.92787512977156,12.641841699377498,61.11141899748969,3.9950179754946062,0
9.6830769343842,239.21630572269552,24486.748867678725,7.220396209206281,340.6542240706503,354.4667704549142,17.470678640991096,58.04814415038785,3.9598649306267997,0
6.158358425051982,218.21877923909932,36485.042800443916,8.231141048391597,324.98329000090433,419.0776908027873,10.804786164826863,57.77105649265279,3.7143256020931124,1
9.744299380255486,178.19549207573678,16497.642366280987,4.31743529112002,337.94476879236873,409.74419371451586,15.171168289853513,64.22915102648588,3.552822573470725,1
8.12039534511955,229.29998294052527,21733.122247743067,0.9226076024430192,380.68755859435964,324.5270691078743,14.422023249615059,93.24224212078288,4.894109292660625,0
6.253173839435426,180.01484654227824,22308.008776522296,7.568385083984166,357.1294483373964,408.6244976901853,14.271110247392668,64.0156172275564,4.010537946838091,0
8.009639376411616,170.66554520116222,2571.958961313405,4.868870267120046,359.1233788094833,361.25466501635447,12.563978058485462,54.00008991723849,3.9802529350766194,1
8.509655040951293,171.39855852842297,11772.40630233689,6.7843263097133715,359.91176151425975,473.5639948511753,12.360679349356383,66.79812357061736,3.3438334136024954,1
7.994060644459279,138.15497665999445,12397.533897772337,6.642686675181123,328.22135076737936,531.770525243596,10.710614617838996,94.07766846285944,4.496665695722534,1
4.771769661761029,211.86959804434642,29221.332381309116,9.628092951816548,345.3024093549642,327.0629441985816,15.877621236196724,58.470454182385346,3.1860161493463486,0
6.011108351537443,136.18026784901843,29660.456872746418,7.751994553650898,294.56182326494616,564.581587529331,12.068426176079603,47.775551017044,4.324826312498852,1
6.716147605739288,155.9910512662944,24854.99202159,7.382057262341903,379.6347086992948,415.82179091133764,17.486544696063604,58.499367676351326,4.346138900843027,0
6.970582859222932,128.14542214158863,29239.189640400247,8.442446024321205,233.20380997511597,347.4185218831186,13.536722812334938,68.43060412221479,3.6482382615276165,1
7.992387983399497,193.54088919796334,20574.95434430328,7.702226187205682,330.6304571009977,487.44416378862326,10.776528880016365,77.25355979451561,4.217768623322881,1
7.341220471371884,191.42896647086357,32551.70139113717,6.396870351078276,375.01198061421087,390.13201361220956,13.492836050088727,82.27855403581903,4.1148222560547,0
5.117043792696151,185.6314954725642,22091.14029789718,8.812931969802204,284.4898128786356,419.6048592098949,12.920062670858268,49.909038589614084,3.9392987126480836,0
7.638890840978766,162.10047117617816,22521.39741252128,5.366594797936527,348.22804622267296,393.5402750852219,17.620132292819854,51.405169075580474,3.9800963045132813,0
7.97756104556722,157.83867652453765,19685.57829788279,7.630730556303028,309.17710062063395,360.2094077259974,13.058609373577427,61.302154169459286,4.018189822090947,0
7.902891958458628,211.63383741477588,28014.824761048418,4.674839725264628,320.45144999607425,484.7162001883978,13.36574363822692,77.19445499947005,4.071331104684198,0
8.668747666565293,178.27335800474202,18321.34309902677,7.442231294875272,367.96630631750924,403.0739836321207,18.95221959517996,46.52967545402394,4.016988784448091,0
8.305865567186888,206.76869802889308,30574.68846311222,7.424923634001229,340.9377773014893,310.1141686739951,15.962364834043685,56.822454622712925,3.1089859316345296,0
7.754994716465802,167.2718756870968,12088.278089040405,9.768798839825168,260.2583789346591,470.74116863788953,19.783556912971573,57.052431387173584,3.8512754582156283,0
6.976856404155789,202.32153235488548,12379.638444059337,4.647341248361989,298.4919809941,328.78689021377033,18.447438963451525,81.25137944909613,4.17665990893356,0
4.638387427731493,239.20874908657902,28040.91847034774,6.1705982621509765,369.02863345887977,333.0150454461123,11.34349183251895,74.73067219567818,4.045885208260648,0
7.711538782124901,215.6372698589108,21237.802505581374,8.419838233987146,350.0047898354949,522.5845074242169,17.556737328064358,80.65163855375724,4.713925202328208,0
7.385300900129773,182.8139577952243,18034.71955955981,7.6498012651077465,396.9576195910276,329.5337727448227,19.328753896766898,87.51095165365527,4.453667539809574,0
7.479220890677199,204.82413015559933,29817.430853890823,7.404881981113255,394.59088404764054,239.01809111168947,19.35361146799052,61.579898000445205,3.2910805626585544,0
5.203179593544145,188.4593357131919,16690.089512582057,5.609305589325508,321.4112609964949,476.54343659973847,17.550597705638836,47.67460493795744,3.8400308557175724,0
5.490846885599854,196.6290216709157,20258.87955726017,6.186507010015542,424.2470142752113,401.65479626362986,17.48250111314937,47.7762037465525,3.7271574103111935,0
8.628134694399368,185.6671647158787,34281.44326070237,9.087164792992745,334.66469526844804,408.6212896608288,13.27819194543393,37.4130436990221,3.9666081804307964,0
7.021853923830717,190.9683017825472,35508.10494846151,7.038615473868794,298.9891591664578,400.7952232133703,11.508265300802908,59.165247096164144,3.9676745081258145,1
8.081806025137759,203.34150851554816,35799.66676102832,7.713068319908268,310.8802552459917,444.9312477721033,13.114160674449417,60.34080936410349,4.446986902007082,0
7.121628012911778,163.71829954474128,19540.628424691706,6.938002440533163,252.22195469484038,365.38275806181304,8.769548405257554,78.8197172253156,4.108316123250092,1
7.123741525058746,162.9780629568394,32803.945429666994,5.250724885905371,391.857666958129,545.4948430136594,18.724652494045845,66.66673720487505,4.92982510406267,1
8.459277194784717,150.7286062555681,13694.402299801612,8.595420473198494,391.4146982840452,306.9158148861975,13.342300304327372,58.667520432717104,4.157982447376641,0
6.32141424952046,143.76908879496307,14063.063909650506,7.915107167561344,297.07956116128656,462.1603420166783,18.554304713205017,64.57070008844757,3.3221393941369244,1
7.221297542103246,156.35791790671286,1407.1029351961224,10.76290620304016,325.5442618178779,478.0997983232667,10.203736399396504,50.01538816181818,3.605521116268789,1
6.400455325603588,201.61153259865173,36680.51028573085,5.5153814201521385,337.2352566442285,364.8225412070547,17.863488488517316,82.5706616207478,4.440955475170772,1
6.441290545674496,167.0240743657818,14439.379947784735,8.41966521549676,299.072840695584,343.48201947709947,12.641945021426451,54.00611157449406,2.7109487536855656,1
6.6255169785011,213.25250743927614,20904.749770864182,5.047760533661538,270.3506125898602,508.4078482470903,10.028737258496633,48.423283841570935,2.920213276487165,1
7.406536644301558,197.51104092149671,14033.067119716092,7.368607576923463,326.1776761995024,346.13854246790925,19.665760752648797,79.2979986149768,3.97834382155768,1
6.376239526154689,131.6652665042912,28108.763620117457,8.6628804107198,322.1761894193428,377.1854869479467,17.945201625517964,75.45456956589794,4.7117192524465095,0
8.925961504593076,217.89904745336696,18720.823300749114,3.8460265165675507,319.74281775066567,497.91343725637205,14.981032910814946,39.21748158012439,4.989487636924805,1
5.764927265737329,223.0209514805995,10574.460213689534,6.796206690698259,341.82895850239885,429.01743908228855,14.392334399796727,79.88337577938022,3.8006575173230184,0
6.805298683082802,163.70173387817837,25886.247282608958,6.2301286202126605,385.44284045912934,280.982820218892,15.734778162291281,54.70508408148673,4.79744637584899,1
6.433595344336963,210.1816960149584,9444.24911458302,6.010907468693707,322.826229110341,567.3898494713694,14.92422059290663,60.50037160031699,4.026368969619741,1
9.207057489999988,168.21690293635965,14672.361402842267,7.72863599056978,339.93980997379003,383.3798305829909,11.65756659169243,69.3493070983334,2.7754963138502804,1
7.3689355214720145,199.5804252837178,3542.5085475767846,8.8906834161477,360.049100728142,393.6631834026624,12.916106987011908,75.65107439886728,3.9637003015468717,1
8.596811473018894,154.80593736339029,9529.921719997776,6.9094196299379345,353.8067253641707,446.8799254304936,20.769976024048106,73.42520658482229,3.4872516627951904,0
4.896226251635651,137.43059090518847,23579.296292648465,7.4446685555448315,311.574733826455,476.7224559658991,23.124838818098723,65.61436492161235,4.6862200867726385,0
7.472563890827811,183.7867989774217,4790.5507106628975,7.300607829833612,337.2630692293412,584.6868377792634,19.45243275231356,59.70337470299609,3.9499732969235004,0
8.387757269566453,192.30302953594614,9028.544768724756,7.122849540043134,353.56808910090956,292.05989284652566,15.862921241938283,72.9007203375271,2.9732277768859534,0
7.2009574642348735,183.29826847088796,21993.32116741296,5.398838632414872,293.00138266236047,492.95519800330567,13.162050701756595,64.53302380508153,2.8002224474913238,1
8.646256151346066,157.45091555122448,17248.16331236611,8.87134247072217,379.44429985018576,486.2526133761867,11.638004691201042,94.87043982041583,3.953635633216728,1
6.319585978352453,183.22531782774954,39478.73335588153,7.586408681690961,385.517623034438,415.1257035522626,11.85614522147603,75.64767008722535,2.0822303722614297,0
9.151740737072803,205.22171851732872,38092.28281520128,7.743912754204073,307.658721568236,489.8295872780989,12.448684049746822,51.83773559390211,3.5658310739342376,1
10.459380241720298,194.8943660998722,14404.814146894205,5.84571478613958,340.7792344631028,501.7086833652093,21.400352977119297,58.868248766837524,4.150203654079417,0
6.546627316153701,202.36880887579616,26898.64364219556,6.394431771177,356.99193619609105,314.53358734520015,20.2587944010264,67.15999063538752,3.145527126836821,1
6.425111293540866,174.34331336106936,28583.222511150234,6.84170796761697,314.06150439027886,567.6086313402299,16.750181470686154,86.89203026166108,4.745309982386157,0
9.21647518136302,234.88436785672016,16775.85543156271,4.696082984350815,351.1855243831677,300.24642232390676,11.100370386073545,88.65312599369838,4.89898510880554,0
9.401971054224147,157.70918242744438,8902.333374966853,4.452905766187668,339.6800583341988,334.4650913130947,17.23601511741353,60.152955459835056,3.176973256853478,1
6.311395760084696,212.39610696524045,21906.266666272917,6.170818269591063,280.7294370601337,405.05493809443675,13.490177635629896,51.67658840438449,3.7375255441267408,1
6.46232537886909,235.21876022559394,20498.712214399482,7.945582810978976,350.37408995946504,581.764442870646,7.153538758087957,49.66018219817843,4.745860658030748,0
6.665776624975054,212.1774490086562,18193.642429224277,6.0880429239106935,294.02085307596474,401.29978174962883,15.230303109798168,70.38080150129286,3.968980123281031,1
5.103657748779613,189.71302865637904,25891.98371607772,5.510287787806673,367.72279105906637,423.62942234499394,11.493267834839276,102.73067855635986,2.8823067090827648,0
5.729581638668229,179.00487607618788,15432.270867572304,5.832796667884481,309.5224317446612,541.9362719815277,11.605343149711976,74.90151402410297,3.858209566519805,1
5.603913072874461,230.42620108989044,11914.26254093771,6.4005589714304065,327.9511444274862,401.9412908992841,13.451149541289894,41.26399945419321,3.3047159086092455,1
5.951337579296931,149.59681420664882,22970.445490140155,6.560902838744236,383.3741599319592,330.9805292280721,12.630550959560612,54.95091529181057,4.834394359212191,0
7.029013215541432,164.48201556132113,25397.978574672627,10.54152389448636,351.71923270555243,392.4932529643918,14.166609928765732,56.56087303690573,4.44262703357318,1
7.4242956568286855,183.30227624828711,11698.173148491138,8.786300593009964,294.7678125465759,536.9836880898449,14.007485879443049,53.43702025778791,3.7252695826928104,1
9.359235724436694,237.0516790094194,30150.873847399336,8.73914309740513,297.1009151313211,431.93660041202554,8.07107190267434,60.28291438078735,4.080875449773432,0
5.6124195601139775,208.85296219666427,6491.874654455436,8.966356975551943,312.12119721913854,582.2264939143363,19.312120143202176,72.2253569582845,2.949665169961461,0
8.526953925760578,164.55033591776825,16945.63634134445,5.5418630264522015,348.0424371725099,485.84252139124476,11.02502304703987,77.15484304021814,3.3820535823250633,1
6.765436398988502,186.17018572399823,19752.069821192235,5.188663908320162,346.72895531167023,374.1029898500426,11.127561345218133,83.61711025175548,5.181557766400145,1
7.007288346810924,176.17719825355482,16436.170379726624,5.37114493937619,303.3102827094839,430.33747616382294,13.192488736574115,74.666674576954,4.01174142901214,1
8.071984653484908,173.0392358252837,17060.07486446778,9.228519690673783,291.597049189897,357.2614438729547,13.921411655207635,35.583050710014184,4.6954669277372645,1
5.429598628303421,228.54609978976134,38418.23033352617,6.255436973565664,343.956424259802,372.19392679327285,19.109223193713387,49.726306654631195,4.150970208958262,0
7.642142326890554,151.2808033411086,14554.193488055498,5.142857232061926,327.2075772223435,788.1647983253914,15.171791626301722,63.906857038730564,4.99513983756303,0
7.324684746073192,249.25062672798884,43416.84232190743,6.439026003652695,411.7417821723612,508.5250466558322,16.155000752402557,68.72260332545315,2.410906724572609,1
7.803903358091979,223.59390991636855,25846.48101706147,6.743003259890889,335.10285614818963,495.7953284916292,15.188714780900662,79.98456753524857,3.8231902844651753,1
7.505077906544493,232.22662311274354,22821.158561495817,7.544092972437408,399.3470971930879,375.8507987199553,15.046137838070937,67.08101445893851,5.252929684048784,0
10.689291205669015,181.15317823972975,26189.398713430946,7.516502612725028,291.4823367645091,553.048088396174,15.305204655217999,67.19965339343015,4.715815279737303,0
6.142522223150566,191.44144856386967,44194.54846107419,5.8114747090798575,276.9240843642399,515.0537747808872,7.882649988096812,70.15006441670297,5.00379036185635,0
6.299434476147328,149.26229985657272,13303.031608142091,8.203337100171662,293.30012331052717,578.2638163930014,13.45276981518116,62.37830717942045,3.9647236169479374,1
6.163983426155596,179.1243466797142,12191.128408563321,6.11007421667475,376.75515030172824,574.3439543320786,18.12708427599053,67.7701786558731,3.551056995977561,0
6.263448634834425,212.59643484203036,15396.004435428757,6.873083388006032,397.2455114515243,306.6847946288392,27.32911564577013,84.15437346301532,3.168811721443416,0
6.143040922859419,238.9715928407545,22295.896362362106,8.205103031395302,305.5120345341518,336.52387087209877,10.293737433294222,65.07672512617629,3.114396088504022,0
8.8278543007281,159.97775543170343,6883.857621409463,6.105922181767941,317.13514368448955,345.09390663238355,15.680394668673607,65.92354529861186,4.599507238522645,1
9.168141244545087,184.3558198512943,22209.94324913128,6.2204247507418025,291.5330299049202,349.9301566123057,12.389835827235927,65.87035816682143,4.370304619328265,1
6.24100294818827,191.396794630957,36861.80723447834,8.054835518515148,268.30733592514144,452.34818555588214,21.057727801898572,86.86589304348674,3.9180727095223196,0
5.856437307536784,150.49040892393302,23341.51341730727,5.764781580964069,359.74339875764736,380.40661303613695,9.798979061780196,48.9259990358997,4.366388710784311,1
7.772980867888014,215.80764957659864,19448.049263508183,6.512028602705568,341.83995374905254,593.6966880790192,16.348549712945562,94.40510553085716,4.081112372060607,0
6.268232124906972,172.57243779562043,16594.53516948744,7.99807264130777,334.15903569383386,580.1271812710171,9.62213126064113,47.84845815429036,4.720529807091597,0
8.010409772100601,189.94751915681124,29891.54877149561,10.36546605746884,283.18195674691543,425.68783858247275,13.225544328718644,56.082946478861246,4.713095668828373,0
7.3782968406514104,181.51442414525658,14773.824135484192,8.07653911752514,393.04803448128774,584.2199115270646,14.166422875218132,78.14452251341059,3.138618201621823,1
4.8518561509540685,170.4244433169943,38201.867706955345,7.866770825524219,315.588687486892,546.4661592272807,17.8206794665581,82.6480942876198,4.183443870226436,0
9.354832645955192,196.13843132725418,38964.29958095374,7.958666502202913,353.0652589928674,389.7884029528857,10.714577805415272,44.26682050193385,2.668283934848616,1
9.719940179450417,189.28291315246912,24265.083304551583,5.424359366974062,281.21215081445564,263.8453080492943,16.475797891684845,49.16809161659346,4.073756175710665,1
6.179200624987953,184.14703140950027,21913.134574361797,7.302642847114255,326.8944196471318,408.59597481132346,14.342154264414104,70.78158110537105,4.441357338167236,0
6.510078706894103,172.42546649536715,31050.121590609648,7.0729689484284854,344.3102728484624,374.1180855875486,15.182946108606592,103.37149374503507,2.945298911061335,1
7.50022212436561,206.87277592863575,31612.44027268247,7.628103573788955,345.6004983804465,442.8977195680345,17.452081285607818,86.0535640563492,3.6451590663405513,1
7.571651481280927,250.7243996153414,14947.77511570396,7.304082722911876,339.3689983525716,433.42053786234845,10.034737346152497,62.48750952730636,3.977430574231446,1
8.04806008082906,200.9680933434221,17397.660040109913,7.719925490319038,351.6520428626426,431.30245701564667,16.96306936112184,28.250333492545337,4.152453634771244,0
10.035000671986534,229.11240572412882,10420.765900221571,6.627881832059262,292.9229907189688,468.52896395085025,12.396924936274004,67.68750592182168,3.752689111484629,0
6.819887575583747,150.6734053202057,25600.456399310497,7.212602089447433,340.9130459605893,328.2261014561679,17.907341135973294,72.11342059350616,3.055615241124356,1
5.906503050528473,201.5556185095862,27858.569978679756,5.180030865629952,337.8912026809772,459.4520240304081,15.387385770320382,60.36489762512419,3.9278743825029787,1
5.0524007348186455,160.29950335542105,10178.981449973513,6.614546500755396,342.15265080680945,390.68461867469574,13.586461057178546,52.984082669080195,2.681250017786037,1
6.005532841285379,147.82347763202642,18023.256505728627,9.317517006119097,336.3945561539152,442.37056157098453,12.327014042309381,68.9100361552683,3.7885396793879274,0
7.031303349875518,172.0668618368215,10202.405036163269,7.623717176612645,287.7660903507698,503.57828959321324,17.005106431316143,51.54054097229225,3.625728581316395,1
9.718000059371148,235.54773112217413,14134.10533963592,7.086944760934738,286.15471695878165,327.26625432600855,18.45375007894187,95.92851538095358,3.865272774717252,1
6.319111390416828,227.59702028837125,26844.98330092782,10.115874776481867,253.7563477621323,403.47865992777207,12.51626139975279,90.31906545710831,3.5337288575689674,0
7.408968288909181,204.35756521392813,15583.484020556189,4.969880734284295,363.325697185809,416.6312485481275,10.529748267263574,76.77528220021784,2.794008946238164,1
7.055858342773054,145.990132596418,19376.67965349495,5.367060222394973,363.6915424018301,384.6519244073765,16.577838552148695,67.81473567501163,3.6842522099401807,1
8.826938111968683,189.91825498887852,7747.073799388458,9.82608402981651,364.2659075247674,498.92522158250426,9.48536258186845,55.98921235410417,4.696039697529109,0
10.794590666034225,206.28687929260005,23653.47617640437,7.192618278957315,344.86738924335685,367.9954167253339,9.958753831600363,66.07218611004049,4.953939427111268,0
6.299622903807129,202.13987586624853,21625.9356220584,6.736718802662126,256.68907147166743,381.3280937210646,10.762462088002653,92.25171582221876,5.872680737401028,1
6.3605240194982136,135.7645049109879,15623.13659433176,5.225257166348884,296.6746828268805,368.84143486614363,12.904858901141738,80.09867450154563,5.289487318550178,1
8.614916489291536,167.1052523355868,20356.958178929282,7.827360100904119,339.93881319181503,514.4589977983695,9.856741446696876,69.61222723157377,3.0363884171988786,0
8.082380489750678,194.26376389243168,23594.77668519621,7.980246593853391,338.6776206208955,386.4155912759687,7.862572299946977,80.97107524982299,3.6514186710073258,0
9.79465976883197,213.99788219583004,14869.95351883753,5.390698909880864,325.7298795766859,463.38626803730017,10.52167971674412,75.00428016151567,3.952227204826534,1
7.938374432429167,124.18327852044477,9071.356736351281,6.898364574830324,347.11266771310403,585.8667292304023,16.406590418155368,72.64929680401598,3.9032633292977144,0
6.551840626543022,191.04098492597706,37843.976333484825,6.589884985387756,334.2010927157447,420.1639234514692,10.0711891212604,81.86348259429653,4.024235997319057,1
7.948262601117695,201.07201306592117,16462.042545082957,7.524443891341658,338.14464462502616,516.0756235534794,13.153707365971696,74.55352595888644,5.847921308807096,0
8.709794263456875,224.29674606252792,21165.77192053681,5.351584617291383,310.6841788714509,561.2721235355657,20.72357191043001,79.93935668353028,3.12599979428193,0
8.286108806360126,219.14422879388454,30876.354450062143,9.098076978130788,369.26987703843423,509.2173499668658,14.11723362961033,68.94507377273621,3.4134457137528473,0
7.825692825727728,215.51911924924542,52954.12851212357,8.567001574924214,318.2119140622909,424.8522856558388,15.413777576004954,62.392435768292074,5.252184225469493,0
8.648011793696057,170.07595554470743,11103.39106194084,6.546182617202151,285.69034213963454,478.0987280046779,11.148607539587358,57.75547139911386,3.4895345523938155,1
8.798864517955138,133.6539697527569,25957.82864299947,6.778058435611373,305.9160956767311,322.1769358887327,21.44110176574747,55.87652752172299,4.276992907261858,1
9.111773716825166,183.45035587539175,15810.816377800953,6.904453002561366,321.186431844178,363.17471238990237,12.4883152409518,41.08646212269704,4.777032748497203,1
8.033603534756775,229.29363809460537,17290.391478005924,5.890272486249724,369.7032607716501,377.3461985723246,13.52497349446548,52.01870703878006,4.349469233050983,1
6.834336421934224,242.17285031972807,15699.825563068642,6.419381519188644,332.25243453656657,607.2738654312838,18.639464224071975,51.56273983848901,4.119577193819945,1
7.295669119056985,219.7257489925282,12145.213996649678,6.692972819074118,327.0526033665814,360.54504540303185,13.67845964953452,58.39916625933176,4.702116400361308,1
8.853568180767285,210.482432845493,21652.07913422066,9.668332025717262,288.6533038290786,359.3416037305315,14.438511870654962,91.03659120176586,3.273406525926123,0
5.879104563648763,208.84875524244669,9086.785807030097,8.61565692716209,362.16734079644084,341.8507455860796,13.34761165818798,63.915247960916936,3.5828367589931194,1
7.621949764043165,178.09037679397315,30314.969701349866,8.596754437591866,310.2184491535948,471.44838848162476,13.370304828630577,70.21266385347558,4.387797319002828,0
6.50179194587878,192.0949181508925,22496.313390879885,7.704482468546937,330.1649931778601,437.7352347415724,15.506361655840983,70.7102507939531,2.3558373778128843,0
7.122254889714182,251.2323153139115,25717.67456747069,5.3546233258886495,387.2738163985106,514.0309929335167,16.11024195624573,91.43615099552413,5.07493538220886,1
8.959324238032728,165.38811834962104,17926.907215686715,7.054444054767741,352.16670678412186,480.454493615711,12.150847692686401,57.32301739285976,4.2066460526542695,0
7.3609156299892575,249.4477788506328,18794.728651860736,8.65337176618914,274.9348987155736,314.66069648622806,11.744273690153662,62.89082679433037,4.089364767169298,0
7.1482617257895384,185.78493456184606,24535.228896300156,5.1319418855996854,269.8299000582216,360.97388340546195,12.263759545881465,64.72523590712113,2.6981999554399754,1
5.081011472759519,239.93695342595524,11808.590374052676,8.125754066859757,331.4558203326904,536.5422161481691,9.641849212998768,84.3231546755681,2.9664448821882043,0
8.176992742060015,150.1279906378159,18875.505523698368,10.789722575915171,289.95155417842454,409.78146885574836,9.015675844301125,87.59654679050776,3.659104741845328,0
8.02886174627738,215.62867109228202,14477.660612719403,8.797670300663777,357.2184794594565,522.1792948140355,15.263623257314443,73.8841868365735,4.599795283230567,0
10.259984443259027,172.15236563140166,14206.268406722142,9.35416603418794,335.3073871678343,414.1142825989632,17.38675210850962,85.84298082895585,2.3502395104851037,1
6.627565994619089,149.85016740145196,3516.6528816396567,7.464975225698614,339.7570055525224,348.0136840300046,17.16315992031067,69.20171391431597,4.584924544606338,0
7.40215098166599,203.5532139740478,33756.27425508674,8.649332479048685,308.23830141544533,401.70349655675346,6.39560888591766,63.678046785082714,3.6891755671954742,1
7.44659401505481,229.55133769114948,15995.046847187683,5.985791921320624,396.7136053020615,347.98189602162904,13.468834561886807,84.98847884545526,3.7957296912615117,0
9.398856321252307,168.59677491343177,32213.67545211153,8.377464823499137,436.511337330298,380.5076812702601,10.632075626988629,74.089730738437,4.1678024945188294,0
6.93991556739118,147.09734537973236,31384.43810389768,8.153933251816007,323.7119480834323,442.4468063475375,14.755770919187036,54.80068139863744,4.180067445520201,0
7.4901616428823985,193.35106259631004,10739.434793037402,7.578059654979508,346.5388384377181,467.55280735272055,12.897004152740948,82.12932819422102,3.4143056998494545,1
7.973607869283312,193.49600074309407,12471.738362271957,9.199291723155227,337.30066277834425,297.7066391678202,16.239228409669586,63.1120712088102,4.457429869005697,1
7.354315411039846,214.39326615771637,44462.60836035194,6.268719956201126,324.39491675523976,424.8064913131898,14.216603270771559,61.1829130466393,2.160869450880778,1
6.423742586610723,227.58317356075074,37364.86044584191,6.824449123971613,303.7089732961367,378.8055824094164,8.004233727821786,80.48267888650946,3.6186732684772296,0
7.365312289560512,194.41702299157313,21737.759944394445,7.2708300253461084,294.5692569324555,373.81159928803834,11.07894576103352,64.99911713887573,4.089871775277985,1
8.658238672293866,257.36039395728744,24270.53921977538,5.493214665678747,292.73951482390754,436.93224407214393,14.299148730076222,72.53387611335538,3.70093953413271,1
5.571022509865742,203.74059605287505,16483.314490689318,7.478552471204392,348.4253745233461,381.72798416798474,14.578265520754895,76.83878724079652,2.5450099629065344,1
7.275465420995908,184.98296074755322,25804.625686518648,4.404089947532922,314.9989643577206,537.9005713635597,9.627209766499753,54.0529876398745,4.561261355433167,0
6.050822402039415,143.39778090629005,15726.391324528926,8.77418816439657,240.6004963959212,522.2172802198481,9.194318381262336,72.46909340503834,2.9962575065408994,1
8.836718544519519,187.73638156720756,4195.977107030274,7.193687039174226,349.85717609242334,521.7135444334561,14.466172067367221,87.68119086997581,3.917339074127934,0
4.840915249967852,185.31296110433595,10427.70646182672,6.296989211832054,332.39723725174537,386.2163071024287,9.633861216972754,51.31651314322635,4.089366985712746,0
6.2583848845107655,227.93521865377193,22199.014971738103,5.801689692573708,382.4487622706374,348.43046915016953,8.756836598282398,73.49506317686847,3.9854651799369867,0
7.634501456344846,211.5718367230775,12097.763400884649,6.7493651332016835,347.26464343086906,432.8388385938536,12.806584903190258,53.31929382566887,4.881828522173776,1
9.381320322974481,157.60413697193587,21424.252991286114,8.207450343020414,280.34073622934585,414.0603485204067,12.663243437669065,82.50744147416309,3.9284552032049245,1
6.983347116222708,202.0320016813308,12592.28949525302,7.985427586405346,253.19948620401846,377.01100024456787,11.372494420006912,82.3577510557339,4.303415215663613,1
6.263856695760999,218.44322961473398,15155.013220022847,6.005250043300032,307.77826803002694,331.1988993648428,11.950630673240372,60.81233669427172,3.926394854142032,1
9.845300892077667,246.59639078307805,29493.986469344927,5.783257317248338,311.18861781613134,422.8549329034471,14.325796243866126,101.2458438450499,4.448105745649695,0
4.951419566388122,225.54225540890013,24183.808881686753,8.157899955985043,367.865773524146,393.5571477250976,11.896260788819797,83.85148112509498,5.056926331697069,0
3.84775524376848,221.37902952721828,21929.359795528984,5.978691100708254,333.4594045070548,481.8353240630423,14.514007141710618,77.54827009559739,4.077282626988311,1
7.726821241578398,198.34502664300044,29720.169313624207,7.214657443045616,374.7515023212801,479.95722002345076,13.020649145451623,76.66013383159377,4.57984327891474,0
6.341980290201661,209.13381561826878,26227.696077852663,7.315532335188358,285.90053336690676,515.1656322762097,14.83492201432983,81.91652735818215,5.1051565692081144,1
5.578787758817851,237.44122608621143,34696.443083957725,7.613058168128247,368.66465485150934,324.4463264525741,17.186860421595295,50.698719237759605,5.0286037126399314,0
8.12128397753005,152.56160694484393,17982.398079652834,8.476067279687358,359.8365480049934,458.61952184472244,17.05791036824287,69.46896182773035,3.669474265183256,1
7.438387049243662,184.88392931437866,18247.38132720427,5.12451855974963,260.8410192128765,367.42349627925694,18.543976659228736,72.44291237740046,4.77841723748123,1
6.2508044128170095,170.97566522838238,10606.965806415807,4.100368266088429,381.5794087831643,327.5883276243562,17.0542662287296,60.08985428171863,4.164041504836811,1
5.197952533953785,208.8327630125277,18253.117385231002,6.223433295659205,337.15758989243596,391.57465323217474,15.069625429403372,73.72982139913134,4.841439398232453,0
8.362512272571813,236.8074029136414,30472.44956042523,9.966414884374855,347.94848836980776,512.5720494446784,12.845341279411121,85.82381911784428,4.413534975179101,0
8.035795731599231,176.7474551954783,33411.378289717744,10.315035078138058,302.52265449683676,396.12295384796914,12.996511345478298,59.74870148593166,4.185021099308227,1
6.934211480244307,117.80069544127959,30433.306278804477,10.013259874194102,379.86742704700004,552.7143910712958,11.374557115697467,65.54172878314452,4.308498222670156,0
9.794556384190068,182.8203041110457,6283.997241831787,6.81508943893811,290.9232968213072,470.56487283919813,14.294991953380656,53.4593698843833,4.169085605710366,0
5.506975393500555,226.39588157141216,31510.27320279557,4.304258170463971,363.8518055440344,394.36354839357955,16.588352554536502,38.219183315283814,4.1995797752064785,0
4.837477998740634,214.04189490996254,5895.3743704904045,3.4179982193900913,363.43675417933935,519.9535135399269,11.8780402344572,78.68376048680847,3.846110758746111,0
6.0628951372745705,210.44448196553364,29888.091147565166,6.1498197047519305,298.57358914585586,462.2025131545554,14.156808887822908,65.99417805538508,3.773655014326137,1
7.012988555957418,187.16662016738584,18789.63846511045,6.807043664364011,405.4591218831318,350.84987581962173,12.037931022930943,67.15032740849946,5.345276444910683,0
7.437708990504357,154.32825970045565,28173.361145920317,9.174988133668414,342.1474392750611,576.4198409812614,14.972962832921004,50.83858004140349,4.342471770666724,0
6.725382994951195,213.30772435179625,10332.208870888326,8.491132626077064,357.4116789351948,447.17848369361815,12.461540999125663,63.474609347099275,3.5228221606595085,1
7.597521432876016,168.9471569041619,32281.98600449031,7.4793000248067605,278.5898544565658,427.72892027434756,11.832220009016686,83.69328405540209,3.753614403484878,0
5.240237046440047,268.1612596262156,9170.319456706835,5.714045261912997,410.31476230872954,357.07440494492715,12.029310239774995,66.4129524810121,4.793881593689402,0
9.202333967987691,215.12257193861294,16153.592051920696,5.601968297973073,289.5245121802652,521.5284874053813,15.946018241428824,66.86022786453387,3.395774366130877,0
6.959237767762924,177.28409029505164,13263.564836584483,7.521521745572868,370.8193956801607,468.01102728506714,13.959759468356525,69.67272094190618,2.814018408187412,0
8.722424872434548,176.2737669183358,6633.871209789002,8.221340546566768,297.8289501139485,477.0587373496584,12.86192407369988,46.902253835030194,2.8714096703304053,1
7.583806259175225,193.31492392861136,22842.83492638865,7.7391723943480235,311.4097446650847,385.19639212968264,15.145248903431266,76.25499571889418,2.621399031840266,1
7.751427232156063,188.49757182314508,37848.48869657374,5.485335223821485,362.28557114602006,493.6136672160526,12.907951320182077,46.605525727777355,2.956924410553723,0
7.91755790194134,233.0803262016696,45395.46147228065,8.148054853491496,370.9157550722202,499.89365649645646,18.00877422809968,51.58226228322976,3.048924566955368,1
7.738131583225453,202.49749949948682,22865.877131216163,7.79293932802023,287.83578723701635,372.16603052409744,11.05650303127532,49.853883092757016,5.050485156094348,0
8.02480245700529,172.3212647420767,31804.291575210234,5.4283470782195185,373.18966418971974,311.7030268123791,13.661124292574797,63.6367022762363,3.933980214125771,1
9.033854219294675,258.5087853210706,24048.91707248621,5.8807728669255965,371.5455950941136,473.19075692517845,9.630227116282228,60.84182086520799,3.6866544394733607,0
7.368886119461161,197.99076485706973,26387.913711667716,8.207823639807275,299.8823638043456,299.06783300236015,13.131845762843788,66.38068114587882,2.8441378108455124,1
8.122235523655114,221.64176014909765,19014.394081377737,6.7494780944694925,391.5551240323827,438.4943950070709,8.720406502591054,52.124110360325496,3.858361409972355,1
6.9480885293977765,176.37759470029076,23724.3742728728,9.630852736585602,281.12916531511587,390.0681230821377,16.750307689670706,82.2566612012316,2.61488411119993,0
9.196972306710725,208.3056106839625,26726.289423386617,7.911784256182031,311.20071885841696,524.6903356838527,16.817127468788467,79.55261475881424,3.6818546063966355,0
6.085703315972873,206.59618540887683,16942.600511203564,6.351122722660955,351.09115483468446,394.46428518710195,16.875603275028016,63.658960901697576,5.580305624078067,0
9.7273824363789,134.25722776879945,21334.6796491492,7.103875151382327,302.93211447084775,515.6887288676273,14.375567909377487,58.856156879408225,4.487766791390965,0
7.020967812552815,262.61209288084126,21501.81970782165,7.220145760367595,343.31442175645134,384.65673480102384,11.367628960409595,57.263532329946216,3.8063574349234663,0
4.97676059988647,238.79348343052413,29259.357955799696,5.969143305078099,342.49248948795105,507.01927311886715,11.630872507961007,61.50901342868159,4.514536412216958,0
7.26831348991886,183.3141899582814,12667.94076394065,5.67811064687935,327.01913588499286,592.7062001574543,19.344869502779925,44.318132742593946,3.563196321060497,1
6.078854063511925,160.13839363121605,21562.207602428738,8.228196032219008,363.8629554646628,339.9011107486241,19.032091213577324,51.26699268641928,3.3454713605542334,0
8.315746017013424,207.79435024572277,38777.081708442885,8.455531809326512,325.52704095335287,449.80940667307465,14.685657569507054,79.96409858160293,5.299221111035617,0
6.1206427504254854,199.2197533797512,32219.67309155601,8.073974721893675,342.14789422693093,648.3391070296923,12.573251347194116,71.15958290541646,3.079025769942187,0
6.424110353174274,208.06083833927335,33842.65303278853,9.514202589031607,375.21349365241275,431.5910431020251,18.81014352913207,92.1725086438499,3.693785436171667,0
4.3023751255100695,202.66714901289973,22228.289562164067,6.2639982871016695,362.35539963033386,431.20311011725784,11.981194535816279,61.681692481829806,4.208705960243538,0
6.415109710703858,213.0101413184858,24828.349470275014,9.765347810392386,362.1866648900255,489.9285999354359,15.037490878797453,60.69893640852471,3.2397373195091905,0
3.516897389855434,243.9429383390087,30800.924987802886,5.6965446326844384,292.24864917588553,429.52974462749705,18.754978680868895,59.967433959946675,4.4774718638325,0
4.751662849475987,215.04355235257862,35693.20908616946,5.519956809877781,352.74600367861774,288.2490673787536,11.51171956611008,61.366776099649485,3.7308562707790434,0
8.197809544532117,161.86782375083024,4903.93839408577,4.339264966204185,302.0310536943621,517.7101427607346,17.02473006845884,55.99252521267816,4.4878500555021485,0
8.235126233216723,241.1574409686583,10481.313509593383,6.415643404153629,287.4696626308221,264.35173867555375,16.003056234243207,70.67348414561715,4.427067660205404,0
7.705422615823898,250.29700070186001,33494.28760914034,6.324118707809463,331.1885326452612,392.5290666715106,14.149200245213532,66.85897113893046,3.780450538111853,1
5.658545069600057,299.9781048634122,19586.53733342307,7.950980902802348,301.0987719544115,523.7820747893487,10.991734786869387,58.35864830601045,5.304313764620969,0
7.0098643064712896,159.44075112741442,16124.959344792907,7.505347687760312,362.35292435887675,397.39780634137645,11.882104394058157,86.1306183583081,3.4510380733219157,0
7.074704267536864,204.35353177224954,11018.572169982534,5.235102073789764,363.217311513389,370.15238644395146,15.23808305113568,96.30911268760907,5.022118967028015,1
5.377203906886962,127.931415626178,17148.130923721437,6.499492543287208,265.01908781536764,497.26331617650976,9.568755208942608,84.79692253189253,4.886447929249872,0
9.289995503597712,214.5520127701846,9719.19594728814,6.533090006681457,303.8451462196912,357.4314140759132,14.712762173350406,75.20161568632514,5.351288121975143,0
8.369722567146237,178.3506561992582,40347.19444072836,4.31394804980021,281.0233096768835,327.4419395997742,16.070878757244106,78.41310858317972,4.105763710687556,0
6.755182664470394,259.59366327589623,21817.387971994358,5.570104171318876,317.0605779439329,448.3934753293322,17.541078771998123,95.67567271612131,3.354903144696168,1
7.11952218332196,170.9084059354892,21506.02427174165,5.902114463629739,350.2300487090593,411.42796825527853,9.651438083536663,78.39023560952612,5.5899013365570465,1
7.386322727682902,140.84655354201612,27169.89346883167,9.385127531317096,325.023708131833,325.70877564239964,18.636778553603815,57.17161910450929,3.708932854978436,1
4.0786497434162925,180.87956084310818,30451.191438348946,7.422492131212617,312.4661010422897,477.6821347569854,19.891653165735587,72.58613774527915,3.3354367932896825,0
6.716649247694723,131.4357169600927,30306.909022790533,8.16622663123705,380.76837967902685,463.74524340669626,15.637601689131996,76.27587207581853,3.821966338194246,0
6.077483155443236,221.05863906965527,31426.78051528478,4.752155914504245,250.4824617823701,397.13819710809884,10.844059195484373,50.71330858845355,3.2042812413974797,1
5.607618585454475,128.49072026955474,16483.32196173988,9.006858883162106,378.4805502317486,402.66746058504305,13.193958255527601,61.90664098999709,4.38039608359621,0
6.666782569457647,197.30540069349044,19402.62321157806,9.175741259578068,314.10942108536074,464.2224374817599,14.122453118657742,83.7531790653547,3.4975786622283604,0
9.722599194468799,128.07232548132683,28756.367400543182,3.962614951911491,330.95714037452376,522.4031063301644,15.175234213898142,37.64351956826803,3.7457623474742,1
8.022039006062505,185.8418111648806,17390.348797121274,6.00559957621296,314.72108897479524,403.35748069106546,14.352758939250323,46.68074184470984,4.724867512098671,0
6.240366885019289,250.38783998129503,21969.318982491954,7.903309605364506,389.5399761341837,479.1153771199881,15.210656622981181,63.61806076428128,4.456480703937429,0
7.921696688593553,208.22449619149458,25510.143638378166,8.138133756590328,289.2924371254579,471.88382954260646,13.979628233207503,71.97752722112497,3.982155966604334,1
9.137052491781423,167.98696520480263,28897.988209183997,6.04797832583019,334.2041524017507,497.26682232381233,15.157504482835524,44.99013634315574,4.103281352422647,0
8.43921151388177,195.3443413185723,6428.752136279101,6.637310848375228,352.84163287822025,429.3865763504594,12.75566747595605,64.40053350122811,3.9795592358926024,0
7.167656643782656,196.96221458410096,28280.429504075855,6.176137923548675,275.55835996863004,352.4849752082976,13.160601966788029,84.59492986142669,3.633699048194456,1
6.129002936772807,211.90535946787276,19964.977428280617,7.294460514174869,300.53488012007597,388.83544342991047,12.373356685722229,67.48263347806146,3.968029204538726,1
8.106388271011976,151.44136559895924,28216.534466421526,9.011542079709823,328.424827799374,453.91598856981494,20.626129059208477,81.20943264106293,4.3528564678844965,1
7.658423516569972,215.84768629136175,28825.628841164027,5.9017533917168965,301.73592564650664,573.1601064170166,19.125511602237008,57.062360306547006,3.871593539396505,0
8.395934033440767,107.4766470692168,36111.05116129571,8.701296386474095,304.30451338813987,387.0963742495087,16.11802376894507,53.62761116843461,4.297418751579614,0
8.013702548472494,175.66569476380155,33880.12942303404,5.8849581256919175,321.1359633564175,491.2448733114491,18.666772780956215,79.78674030359521,3.3173983528300233,0
8.622842491519423,180.32043879861774,33819.79347758686,5.780749004254923,357.2558693256927,399.699758220811,16.92290703201679,72.22331748152811,3.4989629521063503,0
6.2932042390059655,217.18745277296162,34671.07973230382,8.413379496982277,321.3941795436238,435.1369801631586,14.880007537991522,47.70315095739679,3.3972300074462995,1
9.016569276482459,197.11387612748868,24568.676577047907,8.576659477252035,372.75432266825226,548.6692113079908,9.296558861224845,53.77073875211282,3.529197530001923,0
7.370471418897828,150.16914241974388,22296.264060621994,8.465227700084995,297.7210337346909,487.97248350458517,13.412237424385786,91.07344617147544,4.974001216430751,1
10.13063348275914,163.99327595439473,29666.27811615359,5.041040095015337,288.5355295064894,325.90060576980324,13.171024577419255,51.81976418896889,4.536310258626081,1
6.0668939074083355,202.90061191382327,28432.41207983214,6.38379745464616,403.39812296276176,379.9482933257853,10.52952117706496,81.13436433586898,3.129999967426211,1
9.631866790652916,193.77105647291205,19304.435217281225,8.420321975365248,310.0013932661684,527.7252468443062,9.360802871052101,58.85899578462456,4.311248671198595,0
7.370928851690092,177.33419051627303,25563.26993440611,7.185636108090954,286.4036400644121,437.6751646248087,15.910901037136853,66.34991673878234,3.6653457961341154,1
6.122415534686761,180.56499333874123,21706.3912035121,5.423565303008006,270.82217054436603,333.37222993384205,15.35410930704739,71.04572563227698,3.437740023332179,1
6.368687823940148,219.25304206662582,14527.463786961744,7.8441423438181985,372.634238820655,360.0304529216736,10.415915995976203,33.26752631042134,2.811123216736445,1
6.609089456954349,179.35344512978892,33327.85612561698,5.990604530793477,321.44525484018544,483.05931157028976,11.811142143696213,43.3329476203115,4.728096581179791,0
7.703523941210817,193.47444080876437,22498.034455087076,9.955349260459695,324.61093017470034,506.5682948251967,18.12364572414028,67.76147170627355,2.9061867432596324,0
7.848568167412185,267.69581565020746,39975.586498145094,9.560849510620848,328.02645014325884,427.6528869127745,11.374824540260184,54.977669719128215,3.9294687211522983,0
6.236660994210289,149.57355172562546,7763.025403935922,8.074473933641796,370.38775585196584,626.2401082536464,14.845344372020886,82.1160870264808,3.2318772283346027,0
7.044198749376355,135.499929413141,17132.682439364453,9.270390593536241,327.2917918001102,492.80975249085014,13.651833828429982,41.07147370870968,4.575158278714541,1
10.22913742715944,222.12659228193021,22300.242188201308,7.2223703331949425,418.49410356701105,406.5342947629653,15.956063089215426,75.31407223718846,3.709205575475119,0
9.619488460048046,174.06300257526283,31985.771680565143,8.329391241112525,338.61410714631984,360.292794253092,11.446283669707215,44.69699135422378,3.8651191286941313,0
7.721395794420827,185.90953246310008,25516.329867559056,9.454798066577279,372.1529014778737,347.42959934211905,14.578176310657753,60.84730424234237,3.891427274914575,0
7.135865112907254,170.69338985083027,24736.07604463611,7.507887917235014,362.88136846466523,453.3153969080186,14.838471731014852,49.61476265796732,4.2060048612499115,0
7.256446050275844,187.83036937297186,12131.109060005505,6.716804269007432,332.4627938458745,386.7119270005476,15.041898468618717,96.4013192150308,3.9801437159069817,1
7.981871419913713,248.91394774460673,11870.918673967863,4.4266973060801575,312.56686856522043,561.4652327594006,14.54173446985625,45.276208589962536,3.9362469126103297,1
5.576494929158343,222.73596243477758,24841.56253283346,6.988649029360039,345.7771763783952,544.7026567937922,15.420656851166504,64.47511860403051,3.5656464593012736,0
6.701656489987683,224.71128683572493,10054.659007815875,8.421008631608451,352.2149681458308,477.3681077032509,21.534759799088185,39.16779394572221,2.7417110887931675,1
4.627181411399944,149.81861667609576,17350.99543133089,8.614100815556855,313.08674022070727,330.9353192633532,22.75789564111236,91.6252208250532,3.097530251557353,0
7.666857990229761,158.5315766795072,26405.7474350814,7.916896803835088,339.7914866154567,371.8879929090401,12.16419457399595,72.72822370311454,4.530414196170904,1
8.03137803136303,103.04948446271403,13401.827170366883,6.2647474299596615,378.45644791430175,527.6813008551384,6.606615735033228,68.560065622971,3.731460818605488,0
6.36971590041992,169.76565241100988,36088.6149538973,3.996621921062807,408.58791128997814,380.7086203945578,16.25108944538973,89.64991505263052,3.452072373376466,0
9.393760542036349,227.8168337364966,32744.621435292756,6.337560145152518,364.6569072374281,516.8902735180368,14.896495642273191,68.7248519012346,2.873532047353925,0
5.278124475386559,213.36203197264896,8237.089447968503,6.639135103734757,401.1001350657834,464.56274302043903,17.79204855389765,69.86264028634479,2.6286752307295256,0
4.927368926091564,189.0888590467637,13839.776865637588,6.625572231839778,311.03441600699864,430.38932227175366,15.222972328057699,68.47730779278744,3.4214986335000055,0
7.409944173283159,195.6369896741876,1974.1551687465399,8.09731904402512,359.14602458942284,369.414080386687,14.47397903983013,75.288513312238,4.662681226155301,0
8.619234504839866,173.72633221554642,15152.93152852713,10.257368729403447,382.1540950401272,418.5941550047648,18.016680832353607,58.63419937556169,3.5354852489745916,0
9.555373706443067,203.10042446454665,28733.194043459836,7.315176138908927,301.38651334639206,441.5354512334405,18.479663747649816,63.02068916288025,4.282378709688329,0
6.405440133582658,221.54441904652782,18385.377845239607,6.7775637731327905,316.2307733506933,509.6494683717136,9.690486205434894,79.17897709077393,3.4996133330695933,0
8.665660825144005,143.25580129781775,26054.00541814722,6.7104295354535335,396.58787809272593,354.6337061127863,11.577033520567978,70.77417144606781,4.468316022902503,0
7.023392549833961,206.21941949921364,8667.434894730744,7.316527931714188,298.53992735185994,404.9717709554646,13.930487304754473,64.59837347460949,3.6956343745892384,1
6.826237869086995,227.01913420827992,29010.12259122812,5.81129585864953,285.31156061982256,429.8321572914479,14.605828535190371,44.31376189344567,3.009130288470613,0
8.37898010810541,182.72565350177405,17147.319723629735,7.309913722818767,389.0012540713319,479.7610380846189,13.531995596904055,90.02425298714212,3.760216607038434,0
8.038914631267726,219.4020291204036,22120.784403601156,7.832283491404244,377.03102295079304,352.7969968847844,15.717225758722842,55.96886868607635,5.400520326258718,0
4.762703529233153,288.8876915898128,21199.83788515179,7.451303980447691,349.3968256175734,319.8179950367841,17.577106852639602,81.9687312498717,5.366109766129667,0
9.250514314097067,192.94025239452085,10866.131661177542,7.8429162557275545,332.1280133270998,480.6731239096891,19.98216914248561,69.17163508712112,4.349495976167905,0
9.108734290596754,209.298002733675,11904.734454241028,7.805321222770686,317.93172436743595,303.5445320211569,16.196202108688297,46.00228525654995,3.863094123977312,1
6.160422828780992,172.11006366005006,30498.966702480906,4.320403242050618,343.9696322994591,530.0492107499308,11.458775524320206,86.14838428065781,4.207043405634165,1
7.661831194152992,202.3277257147294,25512.14601301359,8.126254850264736,390.87422344049196,413.6096120624062,13.792184694595221,70.41410599372074,4.2171448242119665,0
7.806224373835626,211.49912831316834,31220.11145857845,6.059796543853324,342.4017797987746,301.15401324140197,14.030584081430867,87.45839627574317,3.938888333153661,1
7.463190435761144,202.77446772467945,24860.443422044744,5.388574122453747,412.0939079183053,387.3872420700036,15.983459194337636,63.523414789394565,4.313936335539641,1
6.271051423847233,162.8526148411699,23267.721783218407,5.374966111989107,301.328376638962,456.846980788325,15.564836190666348,77.50288789658046,4.13241695247978,0
6.092713649131064,203.15311142346758,6881.7579237061655,7.804995744546597,333.06873753857633,383.1624251146822,21.066812915179096,38.60494745408914,3.7235415394158355,1
7.042435515642575,244.43238050564872,19643.72298515457,6.768331614984732,320.29765975062605,427.8286040024955,12.752391522306253,58.511595831126456,3.0376996964807588,1
8.803911658311266,211.11665757959253,21774.005364626682,4.462489321303051,294.56298463011325,486.0157327326442,15.553524266768118,46.32489515071285,3.6111537910682707,0
7.879092227253816,227.99051890479143,39137.43002191126,7.875299748003808,328.247553889031,409.87099899732647,22.074094726532945,60.489658684894565,4.593624702277406,0
6.535196931833425,188.57941654568492,28036.796793634487,4.845419153337852,348.86228096200824,350.4863691647717,12.342965171249078,73.84047113201191,3.9454594648936157,1
8.214397104653067,221.01922086985738,35481.09167411923,7.340917746458773,352.7256787034663,402.0491031723815,14.760442184323875,56.86577201769413,4.204223775438254,0
2.892642347673789,205.5495338421772,27252.840501251438,7.496828302563426,412.22014174705623,540.5432314272728,11.152445541279508,80.0227898166836,3.7492478883905584,0
8.768685579546993,165.1135643151807,15777.931009591717,8.51921178907817,350.5658543558094,562.3800497463745,14.551707637766798,52.89121861121633,3.143513946091713,0
4.5226207451961935,206.839785427739,23040.944941555463,9.935061962617626,375.3459440849813,262.9797658837247,11.697481239664405,80.36018139726016,3.7838688223999783,0
6.547211816137396,163.772930672717,24085.11703823717,4.963811405077144,336.16864606124494,514.3759653417633,17.744910990556356,87.05487050583355,3.172484397415506,1
5.434085254899569,175.5672253645369,13780.297114039387,7.037091307420382,394.42492940035675,446.4244369328171,14.767625423393918,82.38330715038485,3.12269444458923,0
5.176818230690269,202.59322146070033,18644.077460313245,6.683390233830137,420.4599571811528,500.87704029969933,11.183835069458608,60.97213865264449,4.910396554918139,0
8.786415377446424,206.14041926600467,20210.08344002369,7.805324503818321,352.9734166334708,381.7250436877728,17.062279079690434,32.88159676042088,3.6423329161513114,0
6.392479234071519,157.27992887291478,36090.92836465988,7.460756658075118,297.9053031815798,283.3166257971849,14.874694588664953,75.58077353854799,3.391641914141174,0
7.589360706144152,231.01451229878114,3771.7592435764527,6.56297693647614,313.94618647683313,473.44253901060137,17.433830152609634,64.42504854893966,5.232008553817106,1
7.011026749047599,215.17184636773655,32585.777432654315,6.423374541994848,343.9691057178345,350.1696275157436,10.481236701492952,50.970743334191646,4.605688327615309,1
7.781250016017989,173.20557632147026,13800.99071220705,5.356007648809205,350.2778389939583,314.022088611709,15.50080880454307,57.627479146993636,3.6802228041085665,1
7.192928179858575,145.82958774071562,9984.756186994222,8.680821300202284,359.02108435665116,319.66998428231915,16.839761009273985,89.02088724033453,4.303556333930848,1
5.194001430442803,191.60698648559335,32358.914040737123,7.845542606927256,350.41154419965363,474.76984275698317,12.878620507319711,48.46414503637787,3.786085111756652,0
8.544512224587296,181.71183012538367,28430.808709533743,8.570073752516317,334.0324348734896,437.4791537798194,10.112700973735418,73.78523569954652,3.4297098501619123,0
6.35417782275287,200.08892682333286,33012.74400307744,6.629574104368689,310.78778833495505,489.44107922769234,14.142279190323995,69.83720042980187,4.340259155098304,1
4.791824608970166,184.43435534781653,29034.028135580007,6.0821999594628,348.27713676208924,480.27797131585123,18.345061622414875,60.76399652826083,3.717044529450242,0
6.4506707133801084,130.38489298731153,40073.22489458221,5.41626219472582,400.8192430993509,392.19435864598586,18.006829394398725,76.56428047892675,4.0288884470195345,1
9.286116892232437,183.60503613804093,26912.5503849748,7.687089782310242,370.640219800159,420.5150304949628,12.86190188095904,92.14050773283512,4.766663323221744,0
8.329825960906835,186.32429981918455,20642.216853731763,5.477126705245389,353.10420073985216,384.880733299083,10.032987205593974,61.732529383714656,4.680746220960394,0
6.567481362420447,217.1984378843233,25020.604423042994,10.04088764896715,370.9885486269542,409.2134126747397,12.852795125642913,62.56503644882412,3.5409272323522605,0
6.56659117465191,173.4201766955348,32915.86984610858,5.053924721872364,320.36974599552315,348.04614462375,12.729338976077369,76.20996355169547,4.349104649783928,1
6.607196474710448,251.54803651375624,15181.127267119744,7.552382988355753,315.4112976205488,457.76503578798497,15.757738852738813,80.88068929402998,3.0902721280063106,1
10.132819535834436,133.53437510007674,16298.832862573403,9.595630437397782,306.7550463282134,513.0905077252157,13.932445025387358,64.38605734326603,4.32132304582625,1
7.6414451147803835,239.46807565277226,19305.366491216788,8.066561819636819,329.2521414531125,360.21950106016607,11.78669545915006,61.58425618180317,4.085826338524862,0
7.712161221370873,188.9966354272367,3562.728549180618,7.397564465737012,318.5287068929338,529.7494000448825,17.93511075263281,31.427714368249383,4.265603902643476,0
8.594516677426808,224.6245547539327,23224.65516463057,5.589795837800205,377.44704912716827,435.3836721303825,14.7448096212424,54.130799451979456,3.737993091377499,0
7.431020063768975,198.99307478101056,5477.965842859445,4.936804682063028,316.6018116849657,445.6915920833537,15.721225810539414,48.43305493149474,5.595575593448942,1
6.699208045643567,233.8271904691572,22479.273200122247,8.336679172089786,304.7696371756315,288.87910052051643,8.570298213025506,77.19653619183853,3.266986228056155,1
6.791365721845082,183.6374122251491,29600.284308681647,9.499712640424416,403.984739242939,280.16513276399303,6.255683277991983,62.55365050056473,4.7278103345554,1
6.9747461486613265,160.2583466244053,17833.204387949547,6.4266170150444895,317.4672991487202,437.8560432762261,9.521723463419008,61.93674928065111,3.1652753105807014,1
7.025283312330533,243.06197592259986,36717.75057057844,5.320282817966166,339.32851844502767,490.02825299151255,12.68940126124157,66.25718272266559,4.3633884562108705,1
8.14961542914636,192.63989116985402,9209.542699591251,3.2360922997325505,350.09080688622686,371.95574634905137,16.187738418301706,52.67731706612245,4.419116182256391,1
7.15636045213673,203.6526270280278,32458.14638582305,5.57039154701319,292.69991068220173,561.1702881061194,6.527162858951843,90.89470813408165,4.012881179818582,1
8.156980913506901,236.9562954146524,27933.17185504245,6.9404221888515165,378.4303834298409,485.60017607949123,19.552340333071278,86.87251798745555,3.583646959775911,0
6.961346627240384,162.44963119235592,6969.231824413078,9.64661472052204,356.80548212046176,352.80694344947767,14.844573548609118,91.91754396866205,4.080085214781334,0
7.195593729764653,215.9437858054024,45780.24710237713,8.18355123372809,390.09999818937143,428.7028807845939,18.782576426664203,77.17748973663733,4.178268060075537,0
4.142644993737802,176.98015935506479,21455.220420571062,7.6020349394366695,309.23291918893784,626.370643296189,11.347439027010633,65.93513012610406,5.3661504593189004,1
8.427001681812648,192.0255932799695,14320.985756436483,6.487810935144213,337.3624061400884,325.79840293375577,15.947776382110943,91.86428110841858,3.2895745774657694,1
7.589338059570049,198.7458095921816,9677.832933273725,6.198598166735589,335.2023169854902,468.89949376372965,14.561998528203306,55.661152997652316,3.536387472875079,1
8.54707486149369,147.05770741423922,20085.141347361277,9.340923204062584,343.3169301858098,400.1290126944267,16.986541696210573,52.6610344006494,4.192093734514082,0
2.8225045940552773,170.76962640249232,20897.084646176572,7.437166894398255,281.2102229864214,483.33428926912495,13.506150573244936,56.914163412079326,3.770278043491704,0
10.14991081602767,240.77976597361987,22914.0069571788,3.7978909067647852,337.7856267259369,528.6183833589885,15.846342341815118,74.64567987923849,3.891967990570132,0
6.8748032466118945,225.49910436878224,19403.24260526861,6.055807356322356,282.2275942411458,394.9981808612344,17.928266505132672,54.381601100276406,4.804874431583734,1
8.709028740604149,194.3110370932538,27565.72193560035,5.76401866980083,346.7301933330567,516.6293006766567,12.124606467218223,63.94976797580217,1.7701921273251968,1
5.5513382871254695,204.3614680813188,18615.650102179807,6.2569028654996055,256.8506206399007,605.7054462911171,15.08182840954074,41.13874201543709,3.5035995108861075,1
7.9807776404419775,186.69824883972964,5049.8145424058275,8.009398843250434,266.86365180873815,431.5656615247876,8.031175994794026,73.98691018380342,2.6109520035240257,1
5.5314791221347255,240.96089589216578,20704.603414495596,6.950237086765086,363.36235061214154,489.63685483640506,16.605284993099716,42.47527989952238,3.0372631792148255,0
6.163059627777167,189.78441076790583,1257.8688930161952,6.998552656934214,314.0172582292605,378.4964813598733,20.74993301886084,51.69982016477325,5.845607103816527,1
9.893626090184176,203.99064956847246,25115.678488269918,9.195287594893873,298.0788092189308,427.76634476281225,10.160916681951818,85.59472571732007,4.43657114448315,0
6.799696870877881,234.0400108379497,13428.33964205917,6.019591478137032,379.7083607456703,411.9328857582469,13.977528027983507,85.01361985887097,4.712220641545321,0
7.399626323574193,170.81779929311506,23446.307804428452,10.065435250902013,345.6204114942489,490.6103921524711,17.194393106025714,72.30291742214828,3.9071868731665838,1
8.35899956411247,247.6074004944129,33534.887600271955,6.0593340056336835,365.2973396665909,523.5598623685171,14.383991837174282,70.74721468396459,4.56179678336889,0
7.8086523753197286,146.0637334617352,13696.191976385531,7.260933150647863,327.77201150632516,417.34879164281807,14.826479515442577,58.02676636437734,2.5920796841342058,1
7.301115790561058,249.9363368496777,31318.367707315196,6.6756983192636286,430.62178099754607,550.1420621636776,12.985791848556755,54.21130922278549,4.779872761180289,0
7.616492673625351,184.1201535554986,18214.463989262156,7.315002230931519,311.93286907936897,549.8531337525952,12.862816042279002,60.68744842636613,3.330521587523278,0
10.613020910300264,188.392492158983,37384.752064513465,7.8224553522155436,396.82606915386634,494.64425098636775,13.993042351632399,42.52967366872926,3.5555736609257877,0
6.995300368360629,134.24536567321667,18812.71305499023,7.805459679340425,331.5622313107891,384.5098959715671,14.417932407281267,70.38111371161928,4.364017834954629,1
7.375615598671002,181.42089763979524,14645.29468267617,5.930074617619484,273.98599432785335,376.7681133192484,10.369429424179105,67.17006683822862,4.216828471694128,1
8.624461962131189,162.19155932514633,28039.267559459084,5.345794809632839,351.2301536713366,360.56146272749794,14.061467226518644,51.6799466239791,4.036003637746968,0
8.705123121448237,176.39666462757395,18193.42120875177,11.075011429631022,345.1555189709896,502.9121101359458,19.47184733712787,91.13811386012821,2.9067850002073516,0
8.824934549173758,191.85658855451953,14636.908576242735,6.355304743431126,295.78522963339424,328.28701115278443,12.892667143220725,75.97102921122675,4.047854661680881,0
8.018933426382901,227.85261036772442,17824.7581257142,8.224755653101738,300.45099532435137,480.90525082871045,10.18468600668498,77.31034524921967,4.719237855716918,1
5.399782778286189,203.19392216053856,21623.014272849225,4.57992672937335,332.88742717890835,338.84555360233344,13.778812814964928,58.714649366362366,3.5546600650421607,0
9.48114435248261,206.4833315972946,33781.29191205382,6.67821190255061,346.41988604306204,492.7607619444299,11.914631591868577,66.37902466952488,4.995650895365431,0
5.394872272262528,160.36027768864636,5057.497895374432,6.9190249733077405,244.4902289567384,427.60151448045656,9.85008855818438,76.29366700885565,3.289300289987073,1
7.524874133901379,167.41961307475827,22216.443445569897,7.867047810485976,371.8398092942102,533.9813321838926,14.740647608334974,68.80937792917072,3.975107355540332,1
5.971214500471544,255.49409135320764,27492.763542158766,2.8185224572327368,315.90884322632667,518.4509444741419,11.928966457029931,91.66197537582087,5.167555632033759,0
6.985716630508301,172.2039419873321,23710.098150125326,7.382502168663763,285.65064591384987,542.1776359438907,12.212196107715659,63.18627003029784,3.438508068094305,1
7.563280743146116,250.8095652451233,33497.97920941276,5.30340850051873,367.79014516947274,544.2587606249432,14.787844629075638,58.44308040663654,4.7921086770341175,1
7.552395106711901,188.38057839278594,21362.287394581173,7.63246622368798,332.926446223817,437.81680769458626,9.205192089350671,76.4021678619544,5.510228842533012,1
7.700223508725869,196.44520446103698,20396.085059524117,5.4825998689957025,377.73223117291064,332.5679323022277,8.515404457668776,46.45651251604171,4.103414373760837,1
9.452155565516211,231.5529028167578,27207.179374461793,5.768337340437581,349.60759478408835,341.1556119256618,16.500586963801393,80.97616262249893,3.558926749841021,0
7.7466954232255505,238.17710390912364,22884.79705785592,6.687668375578636,333.7252658634576,257.5717703459791,7.888940781603285,45.88777490466444,3.367263733698982,1
6.721089746122747,192.7275911436264,18591.286797485307,5.457319438026952,328.2603397884171,338.63896400067574,11.047196828532655,76.47048018374335,4.987590108610914,1
8.497208137383886,183.60845083074702,26539.243508182895,6.368655574158139,351.2252391664988,431.77163977911266,8.32253113786427,56.17672605069711,4.965821475484926,1
8.828521618719222,194.53189485707486,16293.224371862232,5.234466285701561,318.83498030663077,380.98434564751864,12.670888294730364,73.91573199792812,5.100461115837567,1
5.275416511748621,207.47866395298973,16655.759337501593,4.22359068631601,302.9680266427015,411.6532418076399,15.696874454725357,80.70879825938225,3.9443860864883615,1
7.958178102679291,225.66715218740887,17385.04497255586,8.728372142838388,355.8221156927388,466.0263330466758,14.651838610304166,68.8194522530968,4.779489414391142,1
8.11072393119702,196.50903546513777,33876.75853308573,5.072243065338194,328.5582094101983,401.63848649570605,22.19710091910361,47.48197759262648,3.9319052749216654,1
6.642581650060812,216.71279261602106,320.0,6.837684197579386,334.99313480121384,335.55501463865903,17.877690694881593,52.25785439412222,3.2812170051454803,1
9.102289015568081,250.22288439974582,25482.39597209871,8.30956790876018,373.15018727862747,421.90818732419905,11.197867515981649,54.90904534589726,4.846857892387636,0
6.859418287062185,208.90364695514347,22314.558877610616,6.148388318024652,329.6644993964303,353.6029837638864,10.317747934024581,36.51574128796311,5.244418817056999,1
7.2645973866031675,206.61402937687706,7277.512083653775,5.81623787840205,334.3233260690803,404.3277431791219,23.239137084628908,84.18032583220253,3.1739304612305705,1
6.825584418302712,146.44340117928948,24729.535909844533,7.477456180094526,312.1086666561633,534.7198064950229,17.79711333897743,68.13639662737731,3.1592438489374777,1
7.102901199944758,109.89790040242869,26185.11713534516,8.886335439908901,349.34694121410405,404.3504663759881,16.23081340006228,48.492880427369556,4.001185908699497,0
5.468475622264053,209.13591021979565,27183.592758333536,5.27248188116338,346.42278076425833,569.3210798860313,14.527759498433694,89.3559925021183,4.71578031247798,0
4.9631252025863875,193.25312751779774,320.0,6.882766425412447,366.33401326291073,541.9005041044574,15.185356388342306,55.340055860821174,3.0856210288719166,0
9.42392244294071,179.44909347555244,33993.54024329259,4.382658539951622,312.85028383057147,379.3963380137275,9.374337458153168,70.35152815271073,4.147072274825606,1
5.834966817972058,204.37483781160515,15546.182630585923,6.49874241418214,317.2344947190107,336.4200884359411,14.7997996533513,53.3854835022559,3.509466975833394,1
5.622653246299229,194.38452942129763,28033.38734636685,7.1740434015701595,362.40784560511725,421.96309817522916,14.515775925589338,34.57203738200124,4.516646697863502,1
3.9145165330025393,233.44013683833623,28511.254282211157,5.7696930660269965,342.89497794153385,519.4104165601026,11.2873004293341,44.882772386915626,3.347648279233206,0
6.140726230896432,199.2004642396726,14327.885010045968,6.397952902556135,301.029276919396,386.5976728676597,12.497477438688335,59.327305905236386,4.57200634021386,1
5.135058003690977,171.8186316197436,27804.49430805508,4.895001706074229,380.99886400792485,499.5927770025634,19.29523386229817,80.56614165891938,3.846592447562188,0
9.493762285400463,228.91676427459183,18634.382093475946,7.24178420598276,272.3979964580149,523.8640355220873,13.865671013824004,71.8648277253395,3.239030391528787,0
8.564431121333673,189.23290156651834,3853.84985199113,8.787996913235377,362.124050982952,363.6609871941978,21.135577011384598,68.61103483972055,4.019678165232973,0
6.068418992588747,213.67726079230874,32251.95204174491,5.386512685762668,288.0552370190251,371.57831155539924,8.51835106522676,34.701864389313215,2.458380814699085,1
10.391080633856134,180.67751008744264,15219.092548895132,6.136178608847235,401.9323969857869,483.8002188161834,12.551749083592775,86.4292585489151,3.533906233758147,0
8.523195265877643,175.01019027369927,14522.54927867905,7.914023069397607,277.95816586963076,438.4808004865353,9.158507995372698,69.92742881373492,4.233172834853236,1
6.6024978662423255,199.13660972620383,18480.31882977241,9.035103336529923,375.4223385586811,370.7693680400053,10.276811677618028,64.51678334580065,2.5880312723551215,0
3.4058735991358478,196.79167751328094,24400.851985392037,4.760760096709888,330.8297342291936,397.7502979874561,11.538639114267726,84.25831244452488,1.9645132545777795,1
10.44768558170839,212.1419146525078,21511.98713612814,6.8533201148828,320.53098312602776,420.51131494409725,15.323674864610656,86.07302333067167,2.14529349054573,1
5.037328473857514,187.53961408870876,26819.118784300445,7.567346699264849,340.48023516474484,299.7541139193492,15.16319462627608,84.60788820479695,5.005160273290289,0
4.661263841973369,136.00885390746706,10270.478641088946,6.95875090280642,356.6168782571633,488.0816194348666,12.031549042032626,62.50344594698916,3.910127970045071,0
8.583178535054172,182.14472244644966,15505.41794156855,3.2066685343342023,301.0949658457623,387.5268842118239,6.905983465215913,50.575174636433246,3.554676992674394,1
10.666436037318732,222.46281301501722,20997.11698763048,7.91172221470786,304.29743161240776,201.25789195487562,19.171163409736426,81.9953144033305,4.707220693820127,0
9.114881043210461,186.5952482752791,38653.304408816184,9.520551434723219,357.2567198251797,424.2809870509131,13.33411878991966,44.87309143277953,3.6545292476740934,1
7.908946406476969,188.2713775593468,21016.269298842748,7.304325566847815,272.07662565510344,366.28362656881563,10.585079536303228,97.10823876873573,4.179400281896051,1
7.954288882247971,228.79219574912815,31528.483186642166,5.490852435795064,312.665960572038,562.6837213599792,15.190020885341989,66.84155282771826,3.990089173720145,0
8.334520871407053,172.96744001999923,22352.112032420933,6.309258950744432,443.67042652332213,378.90018785945733,14.956713514431705,49.669855287617565,3.6026204518126774,1
8.195625026986544,145.6580582163559,17773.743484098228,9.916462646895837,298.79601145974334,337.5094397892124,13.211940900850115,46.97343290095026,4.1994337894335025,0
7.493351393234983,191.090055101197,19851.000227171153,8.557740814559683,375.2615928941974,467.2560390596305,14.77163766177338,46.252171924635945,4.573143752707713,0
7.233175622809258,180.45520222245403,20537.51564810903,8.13124205704724,312.6037392186828,372.8392481913072,10.456851228249459,68.61352303898771,3.8257728387267496,0
6.987988101987702,164.60948346971054,27306.39103198876,7.683131881984314,352.17689153296874,363.2221443768071,16.79531151091416,66.29919311265716,3.6107666529394007,1
5.971672054365986,190.60531015461004,34065.623143435194,6.075403362738264,357.4284146581473,467.3828067460402,10.980369916354759,46.90950732376003,3.702840321760427,0
6.667407637005843,212.52579062500178,25167.494718260947,6.803097534563886,374.5804964095117,342.12983684944413,12.27556444094564,60.778692246013435,2.1776282244271297,0
4.591353483132783,196.0646849812659,32421.47303739508,6.996882077627945,326.54282669898623,308.4477156809022,16.427534011461713,44.82765896133954,4.1907864462769515,0
6.935440748611717,206.46046785919663,13555.556468560892,7.988327419381822,405.65829084460034,565.6878985492433,18.265104174183872,75.6932894797396,3.02689319458893,1
5.626771072488151,255.97671105020197,18378.92896421037,9.504091852941707,312.48137655589153,473.0392929855081,19.52891382023338,65.53906419340251,4.461180604812761,0
5.457723703692817,185.09957182060288,15663.96309301852,8.886974256133142,342.2447257474881,404.85924767960535,17.774692169324354,60.43259248168185,3.899469201473271,0
7.344444402195613,205.5193196207703,24770.898050455733,4.877372717842256,342.6443083303443,425.92900668398653,13.207321071616102,46.086493786835106,4.051994455293744,1
9.126243360926562,179.63215677136645,18867.01927670349,7.473912050863657,293.2320721450281,467.08889877936656,9.179180541277468,61.666546184487,4.516256753072838,0
8.429925410823401,168.5501560073152,28412.17718675431,8.284086085365278,323.44857670505456,504.8653993032605,18.930733988345576,59.859741311168435,3.247311462254071,0
4.77136411267393,177.1440854321579,13851.783863724711,8.097799321628525,339.617097862476,365.11963670883387,18.81700372327547,71.41055007807535,4.258013785813747,1
5.625246639241604,180.6332057540821,22391.352440231538,6.125810653847878,318.1631455013027,455.79830076328676,12.055758932399929,69.03387351490447,4.178744420998878,1
8.462933646342677,208.18596946537403,28035.931283163984,11.724292560914012,421.9949921115991,385.2632355204506,17.329135715199293,78.89078780979123,3.8258709505386213,1
5.635743531498685,273.5841211088539,3907.1055515807093,5.102206391516832,303.4721404361129,410.93842563093483,13.180491502089254,58.75822790892517,3.2460147634044407,1
6.749789269504374,172.83365224961312,40614.91964656458,5.4085622542676415,376.40440027859506,439.1955906198389,19.249226484423822,37.06131061036129,4.434285923963028,0
7.888576585566091,182.67552620441975,19531.632300324607,7.4890802283932905,364.7324576471971,425.67030451161355,12.575797967443481,82.0295346639511,4.518694544647067,0
5.656533651350456,194.29514655903327,4260.099317620847,10.464548826842888,333.2790224590156,485.6511610518308,20.829335761785543,51.6387672692302,4.0586095802627495,0
7.234901994034561,209.3799081570894,23400.135570419356,5.79881213588741,302.51134479377976,465.57146484213115,16.882059012550194,48.943918073949426,3.1351641157425774,1
5.118982522470239,205.03291518895378,22307.296575718246,6.699991182277753,306.0152527210414,304.33484619063427,20.229873435910616,65.72005208355614,3.5585897543181457,0
6.195989563391716,238.5782287470746,21296.103138580653,8.822124003364795,315.0606618063153,316.4843066370416,12.744831037458898,71.16680598929274,3.9229404765123483,1
7.55007944318953,116.61449264150771,30704.090460984058,7.091777795277381,269.24331007046203,396.3331947046015,15.620647990710278,58.02870988187946,4.507025748986033,0
4.738299211708446,117.91161516666826,28567.111976844426,6.591325909842133,297.5147595116136,573.9812074579238,11.071685853480151,57.904816413247644,2.7348782671317693,0
7.727497864801786,180.0704844860264,24625.639078229986,8.013699984981018,280.20329873475794,357.3928640155455,17.073604424514542,60.2335149688372,3.5302332978425865,1
7.051132435577778,232.43825716456172,25960.707978606068,7.550578424562757,382.4199226148427,409.38352283619344,17.255827473690882,88.73884133516188,3.6559154032450825,0
7.8921602329932075,144.90714920112407,21099.155471332924,8.748093281306131,356.1312308609102,382.86787756164347,22.21414916924593,66.35776655920826,3.9050871680656374,0
7.409153777075052,97.50912499426622,37580.22663818283,9.160520844723274,362.1851039329977,381.4376733218422,15.875551728797038,51.13522602168748,2.9549662784606197,0
9.085286432061551,215.1446670824254,9045.638291973239,7.605064834808472,355.060386728726,440.6135537049675,16.67675181029517,51.29575646164021,3.8003244328688,0
7.2640800188924235,204.37901294310822,23238.448347735834,7.580937706097728,339.81420990729663,539.4068116893706,12.721551453772483,62.443556487986044,3.72782281983618,1
6.448773854545879,160.53484966850274,22584.17589729721,7.458295352012091,386.568987203147,463.05680639435036,16.07196572342264,70.15101961962168,3.160678340238068,1
7.2597773294574575,163.97531332430304,29144.30637446168,7.892826279505875,311.70703762185497,361.27666300707665,13.022560099244098,74.03236715420682,3.8779852843484264,0
7.87864810268349,164.49452393560827,14615.828970224102,7.207169607836913,337.635041344965,648.6984767680071,14.663499111767019,68.35798118267058,3.547888104507309,1
7.151824303378786,200.0032958853684,6726.911250091018,7.119038597930783,360.7787060375638,432.55950198586856,14.857646839716582,53.12365725603752,4.356557191157572,1
7.139669786069708,175.78301687186456,23388.993451426562,9.010670850907044,286.03149836071947,379.5647745147614,13.113870869214246,59.714445705926465,3.279444502416616,1
6.048072218924069,212.60988101672532,24479.702408293713,9.515463564960967,445.6907227065917,540.3215080376959,14.488348269553997,77.97372729700513,4.040070615260195,0
6.105535651200106,102.53842159033267,35073.75063049171,4.7380663474791955,334.81236666678194,388.30440336396,13.037772988248577,48.32612978365469,3.339456706961171,0
5.0181702504544505,168.20527919324925,10876.533756597315,7.135833419750099,338.91149874380187,560.5900524595352,13.023089976137992,59.055068991168426,3.502191694236126,0
9.651877812484802,159.35660630485378,32137.55583237183,6.031862795156529,379.20357206473165,355.8533560619836,17.843759996472517,75.82198926878894,4.201887469610217,0
5.251521043974811,187.9440819018962,42769.7562347295,6.628665082952006,366.84648573498947,541.7707557287358,14.860619154445422,80.20318809803673,4.153079831616882,0
6.061429359240016,178.68437017842916,18702.138345166313,7.755975611381808,335.15613962098803,442.4566617506037,15.428789360982917,63.3577245978889,3.644722697588879,1
6.02394131961328,222.59512504517386,10696.102644992421,8.177712627037101,338.4828778928632,530.5399309246836,9.456321214657876,59.91526859729824,3.759859717700519,0
8.39553883410833,135.2536003155339,18446.05212590039,6.942840219094075,279.42007209154,579.8916869201718,15.68164707835859,45.55020006343223,2.8361869728145717,1
6.6464239729107195,197.86530482699183,22136.87477008739,4.096922271137972,313.66932678850185,334.68400485297747,16.035701665758037,74.68934158140628,5.064156162252946,1
8.914180846830389,214.72251823096877,26956.947971396872,5.595227982689636,352.4719772119848,529.30512083548,12.961499158900228,87.19715563476487,4.506215990344862,0
6.089968782361513,257.3980012397915,16829.196382721977,8.536469478916262,349.8222872030099,312.356475483383,21.181448228422887,106.85247950411714,4.478129479679463,0
7.490121418468989,180.5343525301575,35648.8732445326,2.790126253184808,377.9129302051477,341.58703225239066,6.702657755550743,72.49425631407959,2.7258748707741525,0
5.852039831708157,207.03495432506725,12242.728851891872,8.99613489965756,329.42509175580904,361.2864815541731,16.87625521940051,65.59762789357443,3.5055178058583567,1
10.23336921782688,137.07703000847508,6766.078413716063,7.943543385218375,283.6434654046085,466.90887656953294,16.639383904400592,51.8945866306102,3.7090540974395747,0
5.334230324026616,117.74639956423091,31716.874833124497,9.199558208817436,371.970237768233,428.878013015106,16.07263950491805,36.770426470270536,2.4637720362134705,0
7.5354364440337305,224.13773373194448,2071.9642565780705,6.806260684728082,385.68026897101805,412.7037330388012,14.86326405566384,69.19064736839718,4.664161074939348,1
8.011652014970185,196.18723314778794,20224.437366446058,3.86297943004381,366.2425588630241,438.027272897797,16.102748557888873,103.46484792483336,5.1040299010675465,0
7.688284673253703,235.10771211367415,49347.51752642667,7.799972973580267,327.8662791352102,473.99211171080555,17.15366083733001,86.44070886168953,5.578309265682819,0
6.807627141449769,151.22624703956436,21908.5014011831,9.13395193598058,371.5241119148195,480.2111308957007,11.8773120975161,84.0082185239246,3.154210614536166,0
6.8891635713918635,213.4591833263101,12188.06222978632,8.581060452711206,457.70082467521684,514.6296219860587,15.270337509416096,70.27315642500334,4.061512327530734,0
7.144402863809291,257.79804241867646,21510.873233564507,6.0729474560889045,337.94160464387875,573.2870132197368,13.673221252902863,72.06968023762069,5.001798249937329,0
6.863907057606122,210.16572334670334,21568.707801991168,7.257082499230982,286.37383594226117,424.48370668300424,10.659626595253567,28.177504790756302,3.772177586421376,1
8.496902301688518,205.4612340887778,23422.544976562054,6.27811869532772,312.5916583091852,384.1008009702006,16.65383261596999,78.42479185864823,3.5277494272027115,1
10.329468812339286,196.65123837669637,27820.301885079283,5.825558986580792,356.3847026509884,475.78985459945505,12.411966994295849,57.26379921778939,2.514506214635297,0
6.260487076038485,144.73512650427128,12903.963391351306,8.629513942464165,275.782372204144,333.742768297656,9.322087786479964,55.33375974418287,4.853445517061965,1
5.0663896200187555,240.92768239679913,36809.21193631367,5.227898948201044,339.9022271273222,371.3639190840607,12.495543713077542,61.30223785042347,3.9549766102627757,0
6.950225388923656,176.2911093796075,24163.063307380147,5.707770039681052,347.52536654241595,506.96997427800136,11.635644647311738,60.7700392013575,3.4011133500088118,1
10.872172726351849,212.95236463730976,28386.060567435285,5.375639499113631,389.2592996768292,416.1791860309813,17.684265520419267,55.082886714606886,4.191408686066511,0
5.898598385084496,144.99306234300292,16506.959737980338,4.765408913187507,381.1304420978024,328.57596744008686,14.787069295247237,66.61876257821515,4.089344191079359,1
9.48950170400278,157.60116082762926,33292.09806293135,7.351334581111313,365.02609437390896,305.8190142878402,18.855686888233702,57.595962307799006,4.101242099836582,0
9.546220196692367,243.54132281243488,19760.452409881837,8.955174816601522,255.62078056000487,430.14679486181353,12.073698874618618,67.98209301227443,3.8006635113851934,0
6.266225284689248,184.9541737619557,24447.456722875897,6.82789472513248,367.06686004765197,518.4866591523848,17.173502275977413,42.947205864545985,5.235439363835425,0
7.9164051264023545,244.13916489751844,13833.33440690286,4.740918475108617,359.27725377221725,517.4077842822951,23.679151848014193,63.024308957133094,3.865745408055311,0
9.47374303599895,193.79855823674652,13273.761137058482,8.447112372792404,343.0298297876114,435.17025343877015,15.458467466190834,49.11141855064783,5.233071219532178,0
6.522682220748394,135.82682020287524,28047.744208892906,9.783408771375255,271.24977236110215,588.5499701571581,17.132057734289635,56.28434424728866,4.4100112025921545,0
6.780736870649529,225.69226200318167,18124.8868900009,6.09893712784838,305.7073909219796,417.7394662283512,16.575543468586094,68.66139975463878,4.243912711354151,1
6.224929056495494,176.98023951537317,14528.426612539,6.363884258586005,291.6110251090388,415.0123503532552,9.572930666220513,41.10495761531432,3.881645692443039,0
5.588307605881486,219.3359013003052,16375.153708280359,7.934743795531763,260.95759499621374,218.73550413399138,16.21905525461726,53.4306356604184,4.729686220965818,0
6.125562008752969,197.1986812160425,28141.97233895313,9.682560521500381,333.6746464278693,390.05860007828215,15.294370421350072,75.372568348869,4.058133578710836,0
5.280807807859483,145.64770384751785,16499.170392119868,6.298662049754142,304.94670853105794,495.06133497095544,13.420236160951596,44.11418543377633,3.2429376522114453,1
7.130102698341062,201.7703689377306,20982.58215400956,5.014729346022836,428.65854367091845,552.5937156316327,11.353839601381845,94.4369648021968,3.2169160910215324,1
5.948139350343797,268.5598546825625,22145.841743149547,8.117641397910402,327.6805821087139,359.1187392533467,16.57708452548249,85.3935134681803,4.299538005108732,1
7.4236652903324,212.57446489137027,5204.251326103928,8.382527555564833,380.53623905299577,463.56461073017124,11.061343621888842,58.60130787818756,3.2622444695701334,0
4.792833400080668,194.47939145871044,9116.386445017133,7.129687691687659,277.0727612475868,510.80829460204484,21.342366951497077,53.98570322362956,3.9214597755614506,0
7.566393941355252,231.71653762232324,24962.315598947906,6.238149449741228,314.622562361784,427.11573085976056,14.657899666345704,69.58459227560056,4.794603940069852,0
8.305287573565119,203.29467245122626,15552.38407402124,8.691118394967432,337.2818892398801,241.69810622722449,10.230853671826672,43.5735202066817,4.20709673875758,1
4.149208605419961,203.25739014873807,31278.64034392502,7.954296887185784,300.95931629731876,446.1935048655953,12.578672318733197,34.82620922939254,3.406734801143577,0
7.629863157675931,160.48828059113032,30490.3102485985,5.905871883292481,318.5216672511565,487.74120873036077,13.359375340260705,59.15628509369103,5.069790259060589,0
8.884673418935739,204.0565846077041,28319.20710673138,7.197569675462961,325.9032542483585,349.6487558535583,22.26496672448793,64.28605095226045,4.397342684855867,1
5.301827702523928,230.40502509762499,37968.44780688062,4.9843020994010585,325.3265654060215,405.6717723600408,11.352010586060565,67.88911732805518,4.7638785300191895,0
9.538681408651424,168.8886370604722,21285.626753130135,8.203706921171914,400.8239852294974,332.83436483557455,13.895320858637907,56.70554048382097,2.201304492296744,0
7.695957943768087,243.19317764438716,27702.987087241916,6.7056709603750875,347.4490979554947,218.51637659922167,12.499788095746775,86.49013992381992,4.2280652450449425,0
6.043632572035139,193.35562298634972,16890.51222595798,6.431576884832116,351.1095117446987,509.2022265165605,15.932545587275309,42.821647585709165,4.626883112376317,0
6.998019455843172,167.18901615572818,43514.58107120006,7.068058313459154,353.2831235448308,425.9070809834723,12.552565900636303,48.44960613171079,5.296225140992434,0
7.900740561406932,229.16216636836845,39405.06246664665,7.183686164941792,355.9203172769632,555.3181164837297,10.509722435077558,74.07424902840368,2.8282215043621877,0
7.191727925376245,186.9430734712831,22118.24850191742,8.533989497273586,330.78446440276235,495.49020632793815,13.633574940874581,48.08082072850229,4.910769379571736,1
7.871971308896162,221.33525435166837,25403.3803924117,8.05392303949385,322.1882261347545,397.5863091598151,13.289006378570274,47.470946468848325,5.252616622846971,0
5.726609818173332,186.77989375766188,33931.36469207911,6.872873339507372,339.80873239099054,419.4881708569627,12.319671110064515,68.34530507310697,2.3965145977223963,0
7.328960411333035,194.40351466217206,20724.084119208615,8.326595676556012,375.5868947137329,471.9627949481376,12.496537712050541,49.785948277616185,4.3433010656984,0
5.001839689549679,212.59332391646817,16257.315747762705,7.753164860832749,374.48224813009085,504.3438489080316,18.20134309098612,64.30125857169077,4.451744235185748,0
6.916497689817411,205.9317862829835,29676.55916472007,6.445972574668062,325.0919990886208,452.28501367026195,13.22165989077456,55.363262054197186,3.7149340231315136,1
5.751255767046759,130.77687037655136,22701.784911442133,6.9229453099863525,361.52987112530553,515.5529820708432,10.526037437196386,52.8115633978119,3.587726321148294,0
5.998770984393043,159.51471826309734,23618.444428763418,6.885807835627869,326.74771027774636,402.2361993893359,12.750396159822476,33.2466439784903,4.490926052364502,1
8.897056967559344,226.9197062000741,14699.84125291424,7.918312922215239,335.0040816565897,345.63082998424863,14.459851032830448,68.6009109199925,3.490314232339707,0
8.684225877273576,192.02667032280615,6954.863210703981,6.540104268739806,316.66686499063127,420.97276421972504,9.856947503015018,46.73181382437912,3.800545523833884,1
7.97543303773355,179.15495207790337,24084.404820164353,6.5031534854538195,327.2153446799287,442.79099102039095,19.661987047621178,63.74682045032371,4.603699222642659,0
5.4743002359313095,151.71367211848684,29948.100359049193,10.230636548905656,382.25566871352544,329.1139247511182,17.15168807054576,58.324105753043135,5.338153579254954,0
6.614879578948641,160.87906711966286,20034.390295298053,8.604782061160424,337.12010026483995,318.18948838011147,19.01387178137816,63.14336791430285,4.389627732582774,1
8.863253618969399,129.9134787044508,34607.59797676208,5.9182509502082805,338.6691098590807,462.36328661801764,15.577944095364229,64.03961935181088,4.074117906423319,0
7.28832386305066,193.04090277628063,15842.693674327076,8.022086770428674,281.47754945761733,393.37230284075605,7.3498614400693665,69.45351751698102,3.567209961964599,1
10.489414423773091,176.699356726301,12767.253461289138,7.30699310373518,322.60392517815313,412.8083964134536,19.361954602073478,54.923235815479956,3.1817319682921763,0
7.6581772239097265,164.5982560233127,21424.666433840863,7.738650856910948,325.0588793786655,397.14323568471644,11.421588729360256,85.99732347814103,4.8354710283707405,1
7.362312201240346,194.1307830147294,21289.981895602905,7.336999292812865,303.8147544360753,549.0897588714852,11.690961877353052,37.26650104030756,3.8503091161210303,1
6.625598797622323,208.3337146361295,28764.582960424104,8.999635379866673,334.56298797896676,528.1729193715199,14.797436226492518,62.8266580608256,4.867548554240049,0
7.2763051300299555,265.1734160317409,15219.81267998151,7.6660801445492845,318.26935203117256,326.2194483079348,18.841940792478194,79.58736249799938,3.71294953516354,0
6.8558693405206,146.67439199895716,34008.48683583068,7.021899856821426,336.671050208503,383.15498045096905,17.766380413382443,73.91870316085107,3.4635548441384114,0
8.120919754732228,234.47885489328814,39258.50340121124,8.766661111633168,338.17111877485627,494.8988448946228,17.27979050778263,51.02684295814403,4.298223133285463,0
8.486352405688038,228.35584831056542,21670.905312442344,7.488590364918838,299.2390375082896,474.852467320313,13.247852454985228,53.65396857557887,3.910301967370648,0
5.924595493053314,170.76122165668787,32970.588687152565,7.311936155339912,319.3709175810575,422.85978206413,13.195619088635109,50.52288133941946,3.029687688403625,0
5.123087558270067,203.05036582724284,12751.537187502101,7.616155711928061,336.57630657897647,334.2805274368401,15.42507354101402,75.84981973557743,5.387547297229842,0
4.380778101538154,181.3275950942726,31440.80455249633,6.972097743081141,376.580581442004,371.05393887033193,13.849465515351506,54.73140280131044,3.480952656458123,0
7.826747250561439,202.47358363836395,31195.80314741478,7.134578648932841,343.05783090483806,384.4500128665843,17.223642273260158,70.42329109970682,4.6935213865158865,0
5.458051088924406,245.97513641060758,29584.04322599911,6.1930225497562414,309.85766259778416,448.59391189773453,17.0276894694792,70.56803329997781,4.626648170929256,0
3.9152508283598504,216.27627686659127,21877.644820363694,5.933155792994271,348.2000319990728,563.8881913710837,16.237339773081654,103.74956499407182,2.9876190433668017,0
7.651210548660517,213.08795722818326,320.0,5.542258789357746,395.4908168600884,370.7032082267714,5.9190681573433555,71.33997236707287,3.188137637199142,1
10.744709290626203,182.22573265309092,16387.920534358742,4.92066640686062,366.90977191936713,343.29609164506104,14.703641483771744,53.6082588873852,3.7348227150339004,1
7.071075760036357,147.5890574239371,16526.54031227503,5.7300465690124005,353.5676088099433,417.4351268075339,13.919693654774758,43.37343036721289,3.2947956952289132,1
8.312581438443914,189.5176499195368,13437.503959388041,6.844658085542258,360.00282894193106,509.5848270153411,14.836164741824048,62.04980269016276,5.316635970065377,1
7.200289157064921,236.0312100503769,23085.822536755175,7.282925780264106,385.81993905723067,309.28738745606756,11.783185446411393,64.52201626492119,3.813863003297161,1
6.9346322098090205,146.1719925538983,18340.941111522865,6.691351430226728,372.6531523357982,543.6781757322045,9.894958636578565,31.53726845305094,4.664004253394974,0
8.43104242999202,161.68921246803205,14784.526849627808,3.3979884855987743,354.26272017359213,412.30814562743274,15.812988368717383,55.14251989217919,4.3706371634201595,0
6.6532964200426825,200.52042049001383,12731.345576277268,9.607846445264501,372.40072981598564,366.86960061305626,13.100642638306875,71.08924960039052,4.175937510217156,1
7.473066701685697,164.0043972220705,15741.02308826434,8.836638594166804,294.6891293810168,296.8987037367499,16.182233809172153,58.00475107990243,4.001450544376879,1
7.55289577510814,170.31975429332297,31846.531535107046,7.824300564923064,279.48813378042223,483.3039437001209,12.059273409863406,81.67519710058106,4.934961952075184,1
6.097907033144718,182.4463146185948,16218.731310318195,10.133835262634165,339.45754523426797,412.3776557125316,18.966664220030758,41.82471886675741,3.3264274807986873,0
8.538302253818689,151.4821559242698,17499.50392479702,5.575764694375737,336.2621208467704,440.0047100613917,17.593524628909226,77.07444207381623,5.316541542156138,0
6.822809157657749,164.35061491486798,18010.116968639744,10.102447690589088,314.12309066603086,353.4154032088717,15.262497729286864,80.81204122386428,2.965965919206806,1
5.969054615545518,219.49167562479883,24986.12410407536,5.594961758734135,363.6263154875734,400.42384947217477,13.574015351692514,81.48394942402103,4.579579145985491,0
7.868669470048493,153.39675525806823,26014.13420331201,7.497205921960344,266.4561099856523,386.8893694820736,17.10147338551203,41.706444814000456,2.8739721892469694,1
5.759252066767175,143.84794293915468,320.0,5.107337026287958,314.45333066607094,418.081071154387,15.579333268435812,71.36049759067096,3.7237496692629715,1
7.121426301332619,175.6610789227209,30971.00089572582,7.1432166709601,316.25370660812297,372.1034765055707,15.069713662050301,55.85374755091571,4.042781751687555,0
7.066595074933021,220.42937736749863,34607.058920862866,7.730143066837455,274.6440534865055,302.2328365668656,17.731884505642306,44.225133689929656,3.5903776279129795,1
8.67626648177242,189.89718017114225,12806.863084046652,6.875589276807403,387.79957860271264,646.7000644174188,19.00183467108598,59.87330597716463,3.828297735698825,0
7.777806402333531,181.09921996233965,13489.727659813416,8.247926361662417,284.6584661505075,316.0333027726555,10.134518979352848,52.12849706772424,2.888163050613981,1
7.043210370644639,197.82807367433801,18066.614991068705,7.2764428301898665,312.5173903289002,440.87370235102657,10.80322860467214,80.92023488294423,3.19978863439563,1
8.282116459824422,138.98859668190323,15386.02888049947,6.294584729163535,366.5943884470775,283.0124311850531,11.697336998665179,74.49100891932399,4.358646471612788,1
9.123605097055451,212.63097483958532,23977.308407070905,6.224434957872304,357.1280787115143,264.8285966469014,9.306974581799842,48.225950737923164,3.993144023482407,0
7.899981150337237,208.97350948223777,4948.4551136759765,8.4012437607328,293.73056646904126,434.1153588065817,14.072302380366109,54.97902988088626,3.4313881398592248,0
7.09521835116977,182.91603045647366,12212.961536992056,6.087087592904991,358.4451600226794,440.30064476755655,16.266385466859315,60.396401598025854,5.002936655241144,1
5.151600738445266,229.4347387027482,35508.585869289454,8.5663366933662,344.2528110587081,528.1517334467406,14.209105443707765,65.25817082679677,3.018453898007632,0
5.514282915279202,159.30920322741363,13876.172055667437,9.05188463267445,418.0959052147084,458.49738022247914,12.512057366261315,82.27058539365562,3.687959436626031,1
6.631319684598639,233.44436860824482,32915.511702632306,4.4834320974931146,348.3784066367085,414.1037958181526,18.008575176097512,77.29363728859958,3.575588103020792,0
6.184017062825854,201.4482067881159,25129.421688523715,8.910023691935635,328.6755205865832,349.472804277107,14.745241694614341,67.21045135073324,4.449729349653615,1
6.805152184611394,185.30751637070443,6151.823814630387,10.375467863542625,302.82601926970403,547.345165233953,15.415273621982513,62.289567637157084,4.007567679087011,1
7.1632753895987475,195.7167536054436,27584.16718017538,7.5181659426990475,306.8830447182256,501.2704691933186,18.100517204218207,38.434206874240175,3.8856311077030146,0
7.858648348904394,192.84420714779435,20982.47369819575,8.06655301276582,303.93670488978074,325.4941149031498,13.872069182402747,86.77480256400791,2.531510970983554,1
6.976366796253136,236.48069880525037,18020.90556043559,8.758468412503271,383.33151113477686,429.2778488767014,21.099308580387692,59.349286651658595,4.644726894893033,1
7.795157416424517,160.9795570800278,24161.68517597039,6.684737942017145,334.42943272869525,437.8508608296562,12.797732337184454,90.91983059152207,3.8000958644312455,0
7.174777389770877,171.30599260925132,26175.310933665747,7.408002753189834,354.20803106044673,398.27772800969586,20.893208556937697,69.49264353691905,4.060215593736128,0
4.17606414745981,230.4332760624224,28217.710249370542,5.043564743195487,388.50490826330923,488.58323775804706,11.053626547869888,98.33873196996018,3.386120688326776,1
5.699176971086431,176.79476668050654,32344.103712608274,7.339043345078113,248.5451059006222,493.4223549099162,15.992875028534261,75.96169058118682,3.2634535650026835,1
6.868191293089225,225.9705222518894,25592.31141858779,7.907016953118376,379.9984978562715,410.8168507603694,12.153218521251354,43.81705041564675,5.139444451611036,1
5.301748728023572,252.2304607614963,9953.589547769545,7.935537576223822,335.7820443918497,403.5129562470912,17.985763847207416,56.71066787628069,2.5868739089553183,1
7.96189523309442,183.1629974644285,17861.53133431675,8.803371063284178,349.5026481510856,547.3408333681632,12.6970500679886,63.73274167020312,3.147724758329438,0
9.330203723545235,218.7663796745303,47816.47165641711,5.895812558545864,303.84150756601815,501.59271089179236,15.242783641031924,52.620443870301735,5.124783879081883,0
8.871579921995055,158.44813471235886,28365.869759310495,6.278481324455876,306.4898042400705,432.05744310849656,12.126705993102405,60.453750913039165,4.46978217717895,0
6.766238979732594,221.1780835074889,42786.17670229358,10.114901606666342,351.44689045784133,294.5536175519409,17.382215324836494,44.84336946916014,3.716139225240913,0
9.27136742116943,202.92506641938505,34248.18154847916,6.882481169453339,419.95936450397926,454.00864859050995,12.109463327284448,66.49022460293317,4.94234512514515,0
7.298541162087104,211.91876833460628,24134.024375805704,7.436053383953478,370.0397431251305,482.62212479999675,19.852103136098233,70.14398643590252,4.318550890788887,0
6.584483622456482,175.15004599219657,24656.595104397107,7.014124134074151,379.51599838006604,203.61710720912745,10.983249575957798,50.565194648359515,4.151474871740048,0
6.178298084594819,141.77018813030705,21693.38437699052,5.821744294438065,326.84107409275225,446.5635701185796,9.825971590333832,96.99781020820976,4.145938373339886,1
6.635369560862451,212.91189536831624,6778.357237812095,9.685176153209055,312.08861932347537,392.5371205470366,17.429637378441775,67.40160413039284,4.332885809427305,0
6.509380076744394,128.54593837800036,22172.31441325699,6.286231769165443,305.56170904993513,408.36276562273093,12.321659550727743,53.51999654124168,4.364440151012014,1
7.330511846891967,185.93868931998787,32628.352257284525,5.338888872543051,316.1337875894617,352.884545207196,14.256044492482037,40.702165239548535,5.682858981258846,1
7.316043752143301,227.3066479492244,16756.908248203697,6.407830361861652,259.5924428652172,414.2348234424817,13.213381780803763,67.34529936579335,3.817983606895316,1
7.084477649625519,202.6776785781467,25625.776691964667,3.957304517273657,307.5814149478975,538.6968392712133,9.935266635724595,62.29209583753343,3.8420431932444012,1
7.7222991095271345,260.4120227342412,29480.184565286218,6.090965805326572,313.52883693999723,390.13653731071815,14.0251509717021,78.74855510790721,3.0052233136948434,1
8.830250023935921,230.0653378453629,14038.712362046486,5.590356815393324,327.4425555773704,504.2379992860772,18.466871612358318,64.13905092139207,3.9295200382796063,0
8.475844579098746,174.8763599757383,18057.41398864029,8.095537236865173,338.54144896626707,361.0503742023387,17.60038348094142,47.57505480362218,5.4230517816449595,0
4.8971999863786415,197.2677907957168,13089.825843343937,6.0560055014954015,346.8789743921295,487.5250879285345,15.04723404429181,92.74722753072047,4.737898301899032,0
3.3257359316941266,194.81292500736438,14805.975028064433,8.52273021821458,333.2405970399114,426.3438096928099,17.961608049946204,73.26980434982832,3.5459391597772445,0
8.453450269521733,144.36384978881281,10725.358328998373,9.329604709049528,312.76664685957275,454.65712641446174,10.772993484662274,62.39270561809389,3.9934322643266023,1
5.070688313329331,165.45908761515932,14119.651235952722,8.354257031334408,262.82421863238403,426.7880546252379,13.202746171324428,68.99634964096238,2.9587780670437045,0
6.749594859217755,177.937788987572,34458.784428361236,6.779686503601079,312.9883468923592,478.05973503357404,15.590114353816988,73.87564165497736,3.214086911447321,1
5.359933851692741,129.4394320711254,13987.892326248715,7.342960904794837,298.6356339539916,218.72344661977297,13.84832692323536,43.86693119890053,4.0865640990387,0
4.431088756757371,197.93111030143152,23122.787059125454,4.710523794572386,350.6236522827887,311.4739164194938,13.463014776122595,68.88683784881353,3.584325409800047,1
7.875950210461038,188.18300846625456,17605.323976753385,6.908628591416441,366.6416465165101,459.9142750440786,10.305869246017174,59.30155282615534,3.155212164284834,1
8.195958085644891,141.38197746388857,32349.478809168362,5.760507220454404,367.69995836354616,261.07166562164514,7.390760003592624,74.40012077338119,4.352075796495556,1
6.232529710931723,209.65647688166592,33509.35142165212,8.217035682215892,361.1362718836594,383.333801460149,16.987137866583296,54.727331048959,3.9058449324104076,0
3.2711678305469825,219.90073711799184,29589.59026950804,11.18494877500627,328.95437992074704,421.8187166358283,15.085063407464867,56.863851745119014,2.7473107100809893,0
6.277020661068851,203.8326233202889,24698.04203799907,7.909718184838619,314.91652586370105,359.2879954795018,17.26561463187541,92.62347722435518,2.3513853663891253,1
7.655951887941743,185.71787908088115,19988.33789682237,3.9739985646516267,306.7797064824722,370.3249230483161,12.83274903145578,85.8114836732113,3.5253910311120817,1
4.9059999939020305,215.81070352808348,11564.650337173349,6.549256295195291,279.2989891540127,448.15655759441177,11.920705201220663,14.429000191915556,2.7311531881156084,1
7.349539082075359,218.72884324886883,39053.45471244096,7.313535662091638,369.62559273635395,507.7711253765664,14.301673769567259,84.64213646346221,2.5122491029528904,1
7.057494521715697,206.47435533668616,15353.861928569282,7.258024731911217,327.46594308921067,348.757705500799,17.107400836908422,65.23850754591518,4.850595977093627,1
7.9315585044136,169.2649953282094,27832.43016309674,5.96531526153817,288.7372617885416,379.7395471660986,13.513893168390863,55.23196886808259,3.893785505905072,1
7.255783141568806,205.46186716235252,31303.545075271024,7.507560953366358,303.9106016818321,367.1168007454415,16.933908960127287,50.516854417890364,3.762951824984108,1
5.649588656904114,235.6654489926335,17145.81816911669,5.156848677667368,302.44757928452754,230.5383022507971,10.949120501486881,51.43241500202459,3.8230434634024157,1
8.838960107446802,176.75880284343242,31114.584569860323,5.627044218157594,335.33490488844666,437.6617297755579,13.74560998920774,55.6774101511598,3.0824909223814836,0
6.846961527650354,265.329266077283,28714.122922708513,8.140360273733865,372.35828813769456,501.74454104040046,14.047922183101717,48.62511915533733,4.290561408711051,0
7.0398623269204,179.09251119990043,37163.54637647407,5.515252095209875,321.2036576776156,508.3649375831964,18.339350714381553,45.03796334488444,3.8680537451486185,0
5.708096100162402,197.43521852849028,17899.221579149744,7.970374336677766,252.3734387757189,355.8433691198239,14.967246687432656,49.99320502119153,3.379221248336059,1
6.42837509074848,174.26539845927175,10740.624411784765,4.956247236043428,326.9430226873566,325.06028069908723,20.059516585553784,71.4999210943859,3.4960496260705005,1
5.779340010380456,203.70891237669898,17582.34505137422,9.908424896390944,328.13515245048734,427.955944300884,9.819163312173831,67.18992164296148,3.01258220369441,0
6.825769291912568,139.10317296307852,23845.15704371327,5.896653522601594,325.65138285399024,493.2236066114362,14.710031573601334,75.16585624097277,3.653130559136569,1
9.596211465809244,178.42160607289438,22524.45436728192,6.766606816550558,311.1035534435681,438.7234647279621,14.873807509687275,65.35334763565746,3.783090252989639,0
5.063305319890906,160.4719761445426,18564.729472644874,7.642368952522841,341.6382483774319,449.5887076249586,16.33250848401253,45.79366695573164,3.632819003278628,0
4.708064745121191,200.8185714952196,5275.716761730946,6.226747075048271,336.1703399014849,518.481357270365,11.58777861035417,74.19733336349418,4.013020554726437,0
9.242620381415605,229.0574852329778,26138.922638152988,7.346581418492661,332.8826324474629,366.48037464856685,19.855517383449865,50.5560500721426,3.9087608702858305,0
6.772294194586757,217.60422337045532,39306.08768734384,8.029063624741799,348.69285880254876,408.4342172959524,14.322910646271522,76.59710754236549,4.149999460158394,1
6.096463074169923,118.41355680856822,26084.28738240914,8.637768907355508,318.2458417714365,558.3024714054227,10.681806532185421,48.013441553368736,4.705615688798844,0
8.608659890472232,263.4928294917394,27354.521196711536,8.370565948837273,316.19479389701837,410.3056931424807,14.226957281730922,55.55849360161641,4.432558312226203,0
6.18974515658681,206.07585164820796,27032.849661482192,6.848539467191775,383.6576556856163,323.79649978024133,13.243435359266824,60.700853828243986,4.714580075598062,1
9.764234278913996,170.8464732519951,25495.08947559307,6.888321797011108,353.99510450711585,372.11933386201366,23.49250832083866,77.03536371266809,3.308767300735542,1
8.076551030868725,201.53479469723223,30182.219814704968,10.831591521679552,363.66583064247277,350.3956862228114,17.755313314427795,69.17547666604902,3.5732803826108475,0
6.362770230025817,202.1613594656635,25480.421998901405,8.620824727833881,378.0914197139732,455.07230855051967,14.444379087394198,66.71542085032009,4.479805413477855,0
10.25124307350029,174.4506826738021,19272.77733790071,5.663518623014062,352.78762268778024,353.80852263999077,13.909555771990632,96.13699674032218,4.493752583717027,1
6.189599063185093,202.87552085553403,15035.472148503952,7.277981298749572,367.33196686398117,448.11227797371714,17.42799821481365,37.43077554747946,3.440675918321232,0
8.17088019685368,176.4023859059205,19831.280700213607,6.590473840730456,276.7024658427808,366.7285696897301,17.58623375068639,50.02478457461231,4.447035462109759,1
7.519960093197543,183.07862130027897,24768.135545167173,6.906171910401487,341.1581209339364,254.61978031203918,4.642769767048652,49.349657701325114,3.2340449490161656,0
8.993559695416232,173.81200480773037,19242.917980753835,5.177397650821221,327.1765547900302,450.9879449860091,16.408307342167333,38.476813072525744,4.3452234648306,0
9.375421459188473,149.27809470625763,24769.96953291037,6.469161289670194,394.4115030451191,438.2073501058041,14.372569260569254,55.053177281787356,3.9494889633248,0
7.127046099126677,201.16364477597966,25864.22022668231,9.982258121646383,367.30510951937123,468.0500090874314,9.940113949885108,77.24611971307407,2.8901402289530576,0
5.9724757305911105,215.60879247829203,29318.765705214875,8.034940555383296,310.9957108047345,371.8259028192556,17.193508802156025,57.0697205254066,3.631422419027663,1
7.756159050120501,213.29422380303035,33260.648534654174,3.183964975120693,347.25278088924546,363.21501094620874,21.714882324877856,61.1485431317759,5.672168891562485,1
6.083758406464404,223.32094305412016,22697.998979510394,9.042423118146756,339.8400033908555,458.6525368338937,16.122994583999954,39.23531036432796,4.128168682987896,0
10.039679253864136,207.03106270318872,10548.512064740475,8.841614646196476,350.1995379941215,548.9619716562286,17.92241814387022,53.838791679721325,5.764350981840243,0
7.280706936691624,178.85931287361038,18988.483009243893,6.552329219195862,296.95903315680005,427.11248684820634,20.251634194402175,59.11901125518381,2.843737306697472,1
6.5429773195712,223.96975122385317,22400.39666284416,8.25327639917748,346.7909950537094,460.52072161156974,11.531832281116628,76.53065466356799,4.555578598277797,0
7.351480049621415,151.7483984653956,5919.483087781531,5.762149246908823,325.5346102367232,400.22249922155856,8.131438516497504,39.986568404829654,1.99321777039045,1
5.099724354391347,166.76493165681478,34188.83124057808,6.3769959682991555,343.98773447296935,301.4692175273875,16.45422666955445,59.22451207997766,3.9698163217664693,0
5.651727363389343,164.67674365231795,23262.349905899137,9.487703249858368,307.60072013248475,504.3879713618394,13.460405814378797,83.5391203341864,4.46234955456803,0
8.844608444678306,231.87144266390914,25357.498011917312,6.6906665370058604,312.6358169857269,499.61895466055273,9.731485872650193,59.381036585721134,4.623554274097096,0
6.114365409912049,227.3594584597843,33985.97456805415,4.165823974111114,376.2026506160526,483.6476489744074,14.021257511390523,33.03759649934844,3.346569614827278,1
5.541040855457549,212.38772314166897,16489.482875291113,7.019980908005488,295.77707124158655,411.5069891275491,16.688181807246952,86.57260200878099,4.780490529141854,1
7.868879546215111,231.6043346695118,27046.847637704395,6.995830339195316,298.44395594634034,474.45810341987146,13.786903789629967,77.98932478382952,3.5537024871651384,0
8.822985107354606,167.46797494211796,21050.885964017016,9.013422339610067,331.915853364229,498.43489084691055,11.675600542267025,80.11039345099253,3.8420041441323307,0
8.136861366677648,207.82832158983044,20400.15809689202,7.142651547037701,305.88388184077957,557.1350233313515,13.540191630418551,38.90053189082514,3.632008668901826,0
8.54419009813455,192.2555165390454,15244.101731869812,6.453899947924338,301.79506523002243,506.09279451655976,14.215532899852546,90.25142679661057,3.0836163064287816,0
5.967511219802892,224.20701475469713,36616.81646312893,8.771188709465306,337.57744559946775,431.3673931949683,7.893413710707668,54.20543613779642,5.194381278188271,0
4.9899383198894895,192.58257947600927,18721.994783648253,7.310848567351754,279.3869199315001,320.49005442915654,13.807414905005004,58.366147849646964,4.0074538973833,0
9.286960468374566,183.71692725796063,28146.453929311407,5.934964163126168,297.3522448302211,438.7887470348534,9.830233037200408,55.31720409230611,4.81810833535373,0
6.60566063690206,214.14966300509974,5575.468982334416,8.944896145655756,408.01501436686044,446.9440193585825,16.46137590118983,81.33319935943362,4.784874768576389,1
6.711275465811081,225.1696805255758,32359.320837152187,7.425985587936543,350.38542863114,483.50669614347214,9.112949074807764,63.564579980991496,3.215006632867073,1
9.032445388518115,174.40149344538563,31239.0672128414,7.124623027353512,306.7992004489654,535.618001151926,17.632011197063598,73.99705608390687,4.918579253183849,0
7.89765811381897,194.3624426826474,22868.317254821824,7.401095258430414,348.8942929285403,418.52088712069167,12.925663620901853,67.59695913088649,4.362663109968472,1
7.750155024959963,161.5790563721989,20024.433202601605,5.428343973161777,354.28332343829675,595.9907748087975,12.48275041058464,64.90118760176264,3.1580965457111465,1
10.262553447004594,114.25873435500709,25520.98204921543,6.286307033638227,369.7181371420612,284.04201591052094,15.254644717069526,51.46921531472249,4.3201036484463735,0
6.13402820134119,202.95910808456927,42080.4441457895,7.1256605108957976,329.1845810954337,460.09701671362393,11.413425986310571,94.97745706184347,3.1720850498029076,0
8.443924988279418,216.38471906008976,6555.3883162724,6.812431361861006,369.0706269782122,361.68156710760866,15.202648446170512,43.322282478472545,5.22303752702334,0
7.163809293598714,204.98413601468067,28870.303973161517,9.130436844850221,260.11054259075826,272.0873902051478,11.856719955781493,72.90124517052698,4.6047536610392354,1
7.474830649928988,132.28790633741397,14021.731440037242,7.463501247308666,295.6050241646063,409.904612651265,12.437208764205012,72.33987445753179,3.914504121490993,0
9.326848586826422,184.8375792333863,21839.460838409108,8.470748197765516,339.7023124587555,308.4558742406025,15.621722300479437,84.60419863262376,4.956546822209404,0
7.826518561745747,123.45290912712098,19840.867983609973,7.1348446602298425,345.69295587567353,413.16501155996804,10.511297771339192,88.29017981062123,2.7360496371312406,1
7.87129523620296,241.39207540859306,18258.925320687784,8.788935804318875,300.82818812365525,429.01970293851303,10.0950435311666,64.23338178719746,3.385513785906368,0
8.65658578584541,160.67138588577853,21922.33980661504,7.748093855385584,343.15543848425057,516.5993312884381,15.101626429528231,74.76431820443335,3.7731126170425107,0
6.543519487571959,237.6351166429468,12070.550709986197,7.141204366913767,311.2344134124424,304.38204525972617,14.190961488260136,94.23205841383609,5.713834051511904,1
5.846361789011661,227.46073518789785,31037.151595034196,7.099012719444749,323.7706983346302,499.62145383583487,14.838372985319086,65.37216238563609,3.135023337318744,0
5.544130484789081,166.76759511213965,6284.421184314295,5.611986970460278,370.81532515603345,434.13588118711016,15.364485873547903,49.58234409822217,2.638301365442275,1
4.189455813617277,159.13535865182922,26746.329629804026,7.920926837815371,366.629001137554,509.3513001031913,14.469913083101108,60.33693786273013,2.843379298691349,0
10.102624481012274,207.88666901261894,19151.275077583334,7.056476519432521,297.7462397690917,391.32018754573454,16.292786585330997,45.82573260184986,4.676848377980369,0
5.458283702389126,168.61706889779245,11748.322143264479,6.326852702913697,295.5709321625934,318.55131494364593,14.602514109899358,72.26355110938678,3.5065300289796917,0
6.754757173328915,199.7386701877403,23788.431558213997,8.868209597883073,318.92019348470313,327.82387944849586,7.635824092074746,83.18647440237783,3.8459124017924817,1
6.673084449163286,180.4994570901766,8363.941724094366,5.1446586790862145,332.81338867561044,321.81903966916036,8.494501991669257,64.49117567009492,4.565009460506098,1
7.531887845779378,137.82332291651466,22362.270209195034,6.4524564852167545,310.00354862290885,464.82216169751814,20.661511786601295,40.8374600201161,3.846693990192829,1
8.279133702432766,123.05451621137904,9539.400887527307,8.743795623071662,371.38881788277996,545.5600686151698,14.280237879964837,82.51143366885958,4.129234351516284,1
8.344896027888826,203.82111124801742,26058.16845579382,7.6185262466540005,346.33466887934713,380.5562671309916,17.42529986718359,38.38776537610768,4.387467815135563,0
6.222876165303661,177.91159687811233,13910.036653875763,7.044382894308644,348.4559158708618,477.0504234522115,13.135720072374378,42.02029315215365,3.6340724142710323,0
6.834331080733975,178.18993771803247,18060.121724080127,7.516585598177231,288.0072867219287,303.10064728206055,14.08797003755609,63.58760362920829,3.8402726932548465,1
7.495392527217801,219.24304439101272,24591.21189245693,7.40347439025717,375.9658865262498,440.7817601460175,12.779362994363506,70.37065332430262,4.158725213810389,1
6.714424044510186,234.94104763290846,15241.035620793395,4.723673176868244,231.85909876422141,480.2365450262032,22.442219467137114,73.05884305541925,4.647179832981512,0
9.44279799674939,187.41145500883735,21505.90628318807,6.568166221150221,363.9227640298362,309.18703690987627,15.118232418025311,65.35697926422712,3.351951973939094,1
7.801733178908229,185.17452050387286,8741.989814571083,9.674104214131724,367.54602619942165,409.73417687173793,12.509620332774485,94.15589017617671,1.6139507809727718,1
8.160270345493231,212.80970149845336,27545.12151811632,6.078267867052075,318.15302109177446,484.0632641226385,8.813403548546066,67.4277047388821,4.500074856520805,0
8.054435464941097,151.76752782397497,37487.49526343889,6.6170843977151526,379.7829752513219,189.13199399738593,20.81305769545567,82.71671596464381,4.693618416625066,0
8.805006570503428,203.7050409095568,46494.02735300625,6.264239193971484,331.4996544362299,534.1279619161178,13.739548544894316,78.81027347577339,4.1260266464615345,1
7.346101691294449,214.5104918937942,22813.382110498405,6.982515947157343,336.0362817582538,454.7908303657556,16.743398385748886,46.01138124313458,4.179268710786098,1
5.173657036504906,218.72916695068747,28924.45698932132,6.198665926507609,346.05057037678836,484.12876121203846,17.113351030914668,63.72335021550733,3.529838282570667,0
7.667541289076383,132.708938668744,6402.935181715275,7.889051573409735,448.9428173128515,392.8581550482711,12.748030967445473,99.88476449444167,4.360143068797241,1
6.122505366126012,171.34425228138014,35188.90746761614,7.431755191418621,382.36784143811974,286.99679626470356,16.505818686528176,58.44638703336215,4.635470119353667,0
6.302933477827858,167.50148687969266,28819.463833472324,8.34220523186909,359.11888159376485,469.36762749997285,12.280302270852145,55.76123433089499,4.014067146306418,0
7.941955107569987,199.65328419143083,17771.3341834202,5.459512957421443,300.7912458542328,419.53587580309164,11.001688741649533,69.08997691989265,5.913173697405668,0
8.900276115007445,212.17207433697365,32860.73862771781,6.5822620370450124,338.9693362928288,428.8052499534858,18.134378132215424,59.01144071556899,2.750281951616324,0
7.11126921780201,245.5668710927494,19783.039706552663,6.763358242052827,304.39369524839157,514.0995204739274,13.756393152788519,53.88327878124971,4.09711010326795,1
7.5339845285204765,180.10048466030145,17998.47787471929,7.83992211793998,363.4910860208008,487.79238164683653,15.996277479224789,58.77862087192706,3.054004689392495,1
9.5822559686138,180.01479198057615,26181.460618255664,5.866710508412885,338.8564765030577,581.4651956750116,15.640148489748661,88.98279251748323,4.6562798206863745,0
7.433907173848196,234.15971926054442,12691.416528452637,8.566733010728184,293.1397864987538,438.6429602352674,16.391554787783004,64.2455232353987,2.7364491661270987,1
10.90447417784518,206.11848396949114,30970.909283190158,8.994536633017821,336.71184244474466,370.3531229020998,9.127862747792621,45.4562567334582,2.929541196680195,0
7.9112991790783695,238.0377051727487,12755.98444118062,5.557581690735778,303.0820526444527,410.98403460130584,12.342688341342814,42.559757094349656,3.4761141863716207,1
4.491678744040948,205.86048945893333,12808.018145018468,6.344420826068166,339.2449542391389,459.79975713484475,13.205987228686833,101.20131377849899,4.177349092487212,1
8.187412183023662,158.3355767428948,14038.630396372799,6.279548216898494,302.7329457865596,508.30136529982246,11.527805592696065,62.878016994024215,3.5055323168439387,1
7.640302825777684,152.5500709784535,28672.801513912473,11.279170203390448,334.77340306965976,307.6589863842371,15.700012666934242,73.25330296022466,3.513355815172708,0
8.975936548501636,145.371792373433,16606.67854722357,6.440757833771539,360.9019808103343,426.89992468262864,18.20861608684242,54.23538114062437,3.8289054451576536,0
8.06957658636684,218.131643808511,10195.900919422627,9.770648198606693,331.86270101182663,556.2770613052705,18.732561209196245,71.46194873541023,3.7810526759320253,0
6.876469703543853,235.43917757486997,16703.954134162872,5.1187214477315575,319.65329802438987,406.7987211342863,13.157232227155285,89.41362860575616,5.130210522888449,1
5.2802815926546325,257.15853358737036,21733.167166498915,5.556351473460306,341.1264026290167,501.44506799197234,15.246407004735673,56.113809592360994,4.505010673341795,0
6.772735811789543,224.08287227346491,11660.23261204309,6.035164839679843,358.97617991545366,466.05882737432535,15.755079999862229,73.63191351978915,3.7168301429679778,1
5.829734932312329,234.592504043575,11917.036830440833,5.783810887914495,293.7663966264731,503.4530956132836,16.33635767181368,44.23138122920859,5.6056692907466195,1
6.226630528787058,177.30486314567338,40524.310559207894,6.696720000029572,343.200113431046,360.77325063330943,11.373372908129548,98.30059868664432,4.3534957163876875,0
7.9452102544982965,158.35861210362944,14469.315174720778,6.000130439700033,381.3959251992888,361.1254910420004,20.306120687957037,70.63481161995695,3.214209596855432,0
9.534759621396567,224.312107656565,19181.903253222234,5.825440283479374,354.51196265282044,427.8481716024021,17.34678181018673,59.890241074564365,4.170080717193638,1
7.660167148839783,210.0991663261091,18794.438749482477,8.950385754427858,335.8672348605536,302.3911573731104,17.43326932762198,61.7025250757772,4.387699784994946,1
5.3220518988082794,199.90169658458515,18319.95795421075,9.053593923570801,356.90011349209806,404.4122615797119,18.263452788340313,58.35669798790894,3.4336527191321484,0
7.733565922283607,209.10290056840637,27461.579779059313,8.619888467432999,350.13322192355093,446.644962693841,16.047989968900406,59.16306556177252,3.1490430495712896,0
8.839048285369108,206.99310680840122,30326.67731966707,7.947918349823238,361.0151440850357,570.4264033976111,10.87959256970128,27.803001605145866,4.037438090233105,0
6.183619130650508,238.56906018338657,19331.71712924328,7.266534043931693,260.63511157907635,458.75365687489426,13.820000258552597,64.85508040483417,3.6890270183812923,0
6.882994764990811,238.93617617293333,11173.600471438962,6.334691508747865,277.63809532940957,476.7347127312554,8.815013262345058,64.19411320684793,5.123719752995245,1
7.1015916462519195,214.2585229814272,33187.40059880374,5.614011142486955,370.09452546232416,520.311293200111,15.653890007103968,74.10619244259773,4.548101542786234,0
5.9261994797691075,224.17154042114345,21178.212725027708,7.693533211423646,279.3792105735255,348.25602024139044,13.71990279147204,58.150023118617135,3.4701952862124674,1
8.032972237750473,213.26723609820237,37184.21932487021,5.265663979776059,348.29160629489206,412.86967005380063,14.145870910525856,54.240757325996086,4.302231726539899,0
6.902206221546561,181.21135090802207,2326.5219512897784,5.549604931902879,321.056925430993,622.2075915436726,18.265243740583504,66.27738912597658,4.958359951325297,1
7.696712692543331,221.2382808643949,23727.234983731763,8.941602944803599,297.77772066416065,419.8161332091078,12.767349732378118,40.97295477771308,2.8828325321982735,1
5.775386498630913,150.53294708659607,38834.953008549506,10.123025485920898,346.41634222330964,516.4287688090901,13.445472344464427,68.6617836674204,3.1722329720295535,0
6.436936298524587,231.01141532396568,18916.942073862516,7.7414063183030395,341.0453508243168,504.0896578543588,14.352731609638246,37.039110277342466,3.9612884785219658,1
8.141900596006824,157.10603096989044,20037.13729413788,8.868202300625539,410.04778344676305,306.7636307403308,8.189625654440876,84.07531009206166,3.997769534965927,1
6.531935266425102,205.76435403694288,24604.908967861564,6.731559658438506,311.19932306807294,451.2998303748494,13.39932929942777,77.19093720077042,3.929285945738969,1
9.618636861313107,168.58978938653217,17114.998532797235,5.0064747859814585,385.8255797392999,438.06866322890426,6.052018840332732,51.794048728793314,3.7275938005456117,1
6.4925348071465345,214.55989587365642,19278.08359514932,8.087231157417364,346.5165641258491,452.8739696453855,12.341923630125102,76.82614647034084,3.7156729484874247,0
7.410286546855272,195.25487782374964,19052.387371752306,8.0194771307667,309.89066920104636,365.27017050808445,17.110675766730257,68.15857931648371,4.26972134672087,1
8.450908522853442,143.95037165517127,16513.34811451507,7.233236315130786,362.6647669746732,335.9517342423784,15.760452307811038,50.48790865579177,4.854475191838555,0
4.995002372588443,210.19839687157742,32787.75801261485,6.737046776193925,354.22578955096577,387.743631898315,12.311144772397007,34.499243000497266,3.594856870843027,0
4.491611046388259,177.37374406550882,26056.467157090276,8.640292714158136,335.07537667616987,418.30718628562556,14.415042102320818,71.39019072763516,5.87195148923311,0
4.837285217581961,225.33329271313545,24211.40535534303,5.562541807184591,343.4039141817641,521.9685932105815,10.721784532798356,53.87417527068051,5.499339319877447,0
8.935998632037958,196.41357538869997,29103.017988737236,5.897426685352761,312.20488869801443,573.0668873420263,14.272243335575087,83.66767011410718,5.006819391072463,0
6.268768525538103,209.36748778970482,19696.42160846357,5.527191719318524,303.9360532933021,539.069071953295,23.979360144980205,66.6213119833168,4.455537000958018,0
10.84055294993233,164.89470844865,15226.4670576219,7.254257280964607,361.2262401619481,495.72156688328084,20.389602370431092,55.36758087623732,5.536230723046722,0
6.250556029973639,176.9986495529826,16730.744117854112,5.401129040867372,325.68682920531825,345.04926340357014,14.454179250357134,94.75191682083674,3.7437100153004614,1
7.351290415699644,181.29454803135735,22029.72233146356,6.038897354785915,330.8858004432778,393.16710009909883,14.810077185869888,75.4905611883494,3.3205685586476172,1
9.346901630274777,224.5298105255728,12727.737334001842,6.0049062116810275,343.89275247742614,443.1741242954943,11.037638808559635,8.75928565680826,3.5597417936648923,1
10.02895654559391,251.50538487616643,17628.1866075508,6.708238834912346,343.3675207804868,375.1026013330643,11.626078052682022,58.72960180616804,3.1877046135897364,1
10.110410257655506,169.90400452021166,17489.1766938855,4.769948374681716,282.1241413389973,472.8539887807837,15.478830106166537,44.57291659596409,4.065005031404429,1
8.85629835897192,231.76599851489794,40640.563114843826,7.257783887418882,380.26515040447856,484.432482408029,12.542605607743234,53.78718652215074,4.20386776201964,0
8.58537191294285,125.05270327935618,320.0,9.090739768050192,338.1595229696905,469.5475999559155,17.272735158958735,64.1175700690547,4.126655074171263,0
7.9510146153257395,157.11699438609645,20439.32258990089,7.334076368260484,326.4561110816075,509.05112739429813,19.475659604036373,71.98334498042561,3.9603035452981965,0
8.224190781964957,164.85495214514071,37143.64439117944,9.555287408786088,349.3507746268346,353.1099840198465,15.380974797625239,70.52173775313106,4.07386053197386,0
6.269756996997056,151.91303937808345,23082.328441275975,9.227717133685541,342.32863487724114,501.5918875776905,14.616750151330157,83.39805841742694,5.3243325709029135,0
5.877247641369209,144.31744962768227,28619.474275501605,8.34882137465161,361.5016455981578,369.9948911757869,8.716619441545742,76.43915641331168,4.453640456758485,0
7.0750395476059005,209.9452742419694,22889.290264532137,7.238003631366279,353.222729911535,350.1729656669284,16.754589911850484,75.46375907230922,4.689556861351761,1
6.829828604888355,189.3335947756852,16163.424760197438,7.155550613427795,359.72296271592506,469.2103048036015,10.494447991905716,69.57753393581174,4.118816150615695,1
6.413754767488905,208.84105541927997,2358.6973614954222,8.326803640333951,382.6049197529924,524.4647425612997,12.89638978422338,86.69281790748747,2.7098408151949,1
8.103689547761372,219.06583719281414,23815.367263055286,6.501160436983628,365.7141911998109,465.64636983404534,17.456196203794796,61.41231891387924,2.5551716730337812,0
8.48429865659865,205.1008305655812,15214.16850793178,4.145617212681407,327.9800279973257,427.89117316105927,17.688499523862895,61.82191745204605,5.594591792362642,1
7.209958122849016,217.9906756000628,14997.365417005363,7.897366405482677,293.19835221938325,451.2735306872628,12.735860084471112,36.349108223623205,3.5551786253196473,1
9.251969219151235,194.08447375121662,17639.35395976225,5.332911564702745,394.05421729878316,437.2346592490169,12.926489579414845,83.05570697088427,3.488933951561493,0
5.401717002223748,157.35352732639018,37311.69126999169,5.599816859459192,325.1886772872353,335.2219080832988,11.965254529520415,65.18688083136274,4.161617328274255,0
6.795320594858815,231.14035212357956,43097.8538455753,7.1203538378333455,316.6818980811507,325.7938660870014,10.315104102971235,112.66296198632097,4.399314323097344,0
6.026271188713877,177.00588419548436,23918.40194613712,6.969702693465518,271.01469280599315,419.8400806797501,12.178826954234959,60.00474945090605,4.497952467120842,1
4.336191172902602,165.61694965967908,17939.368851504383,4.888920542021304,346.0124180259797,432.66323089851744,8.94053963739238,67.79687710090192,5.354046455646404,1
6.958459391811232,190.52183942230943,11693.075236129225,7.381476671330362,339.16076186688923,427.1257694958966,16.540937144792355,75.01838311840469,5.140574378473195,0
6.901031162676573,166.36590508272363,26121.889360511545,8.646500664160456,279.02374620394374,480.84577139904945,15.585873133085808,49.023037425968,3.3374720847817194,0
9.304771122565933,182.64906334400737,37645.23346405913,5.337220318980063,350.16132388269295,408.7973265667597,16.135351932921395,72.05429744787543,4.7256129672689955,0
8.007293176295523,207.67905240179115,19845.599938661435,9.13052366274104,315.77534398585,471.7043476897314,11.120922592596276,66.94661078354181,3.6704090837955774,0
5.574445368236069,207.8199929690202,1156.8845416271106,4.654930096294688,431.00798436341336,414.52594333234975,10.324316434765162,61.61083724879627,3.8627431793439944,1
9.805516072511256,166.85832571658958,27888.569584231213,10.465372148106107,313.203286517836,573.5556377221668,14.457132247977883,84.89196442937723,3.1166884193579376,0
8.874919532422268,180.33912439117478,30653.315912216218,6.470208519836096,318.0521129743717,432.73247625676413,14.492179489985245,52.14788271854896,2.6494031740115007,0
7.935683624098865,231.68332586679793,8110.616526239988,7.350074854986488,302.1655872554471,615.3637942373899,13.79253687093215,70.73520632330664,3.945381864146815,1
6.747068374690747,212.68667186991465,23561.36742953535,4.130586955472641,379.96245747045685,454.65605667605274,13.321810378988218,89.34005587514218,3.2243341054332286,1
5.669624322016485,264.57738784338653,25970.09226544889,7.021825014978493,320.3078827880438,408.94274784476625,19.942667824168417,55.25657490856918,4.693694669286189,0
6.532856039175552,235.16081307088402,21373.141468608173,7.481001840794743,307.58160248291495,353.5256090384557,15.690142789034757,61.71810805294245,3.7507589700543056,1
8.680460470965153,233.9829131635652,15081.219475067315,6.983863875522799,359.3293540585284,309.61017433039774,20.802945475754086,103.38545296595075,4.210700370780901,0
9.850341869723875,150.7507607465178,30921.045304543117,6.2303318982572495,283.89404491416747,346.0915489979466,18.480274234178705,73.88114709751102,5.036670088054037,0
9.348567986560118,221.4780897581906,18477.566989750987,5.624428060726053,356.3714951414369,355.12901415645797,19.91782676511741,58.417265793345926,2.811469758209956,1
6.361391349974177,194.62437942822254,8993.121318792275,8.906232058868952,398.159785757955,458.11540584950797,10.723528243361633,79.0573924664376,3.404798436931244,1
5.434162373065154,178.25922811769775,4045.8758050022043,7.168675273296762,354.2572070786601,383.6905763646262,16.243395980203477,57.441164691409526,4.111089227161363,1
7.28710278295947,201.8926642433042,33068.247737223544,9.5543887548965,356.83364514963364,441.3155751169289,12.850856231431935,41.72127587599569,4.2137693563421434,0
4.480394132622608,227.43910314267947,27420.524914436883,6.288157879424022,365.22397623903646,529.80667146366,8.774189985399946,88.04217941683174,4.830728050992414,0
7.555056539851629,212.83233439630845,22785.374321597264,6.4330243844718975,395.5688481563332,419.11420710438745,19.23177049122879,49.004755404653906,4.646379440651667,1
6.863024198140957,167.4945661498865,18154.10099556253,8.408638906461938,377.5055677150904,594.2266528031024,13.307877739914368,105.06350809620727,4.045608228069977,1
6.394926342253684,220.77462448978943,17376.23923304592,4.555699560034369,349.66966376294704,331.1927146787894,10.787613603817274,58.683228438961024,4.206655643065859,1
4.7357864911178105,175.41249749196308,12582.859383683253,5.202727890958382,366.4466352189851,414.0413434558221,12.907793612646824,100.04158402823046,4.228239194972582,1
7.834992156657483,203.4923741203561,18231.419129345242,8.854026254737999,301.76231179369086,382.6281226429968,11.644498153618658,44.8160572494387,2.823624355554471,0
6.296929765696991,186.3988832820266,3426.797764981955,5.268344391827352,361.8352503696082,501.88909883546677,11.98385972718883,82.57203385541881,3.8480271276631304,1
5.360222251505877,189.17586630545,15560.850655401238,4.245899395821975,297.4392072014193,245.21243835011373,13.54649277849543,74.28068332496794,4.163809110037732,1
2.8577745464759756,221.55640658958154,19288.0292785212,10.072272957155484,320.515809790653,309.5918534815411,20.0089982889781,79.61125797700475,4.3276696698523835,0
7.0395530895755645,162.17883242965144,27361.048646129257,4.917768116358755,222.37620299032335,417.5353032777377,12.074490013237288,81.66571808428463,3.2489965167499557,1
9.685209847104524,260.30856209148277,21664.045512519144,7.410908649358508,348.28766788954005,551.5768336347771,19.77218589856552,58.550559106225926,2.980337628227465,0
9.52205104538537,136.5109009022899,28983.36377166322,7.229154604504348,310.5104655185441,444.4602786085548,17.089649794692214,45.75953261161272,3.7870645778358973,0
6.40806850281818,176.72466325141286,33842.26776760361,2.6792072597434275,373.93678807748927,316.99145022090727,15.591658875469944,65.59702739255054,5.504545566651366,0
6.194748271268183,208.53886482238502,31291.31059167748,6.697639103394862,347.88156094727924,329.4669676447025,16.756277306753706,69.91718716211757,3.3309869400716385,1
7.769098156430285,215.57640665072864,26139.158049232705,7.828492934176993,374.4048256345167,561.4042978869006,14.325200247301984,58.959010324377694,4.885664032936751,0
5.612373404393212,193.06736306480806,22118.092836794145,7.6798088227998,294.6188208755345,376.01609690927575,18.536825843787938,70.77702610942103,5.2060969215751935,1
7.523634092734615,194.4835675923393,13415.295948996392,8.547562680409532,371.3072713829491,350.00912987233454,16.156704671414104,71.59819462662566,4.0054638904618916,0
8.206138009225494,209.86478130471875,28501.349685574285,6.507763722449415,409.8856482852906,545.5964766245799,8.769955589565551,52.04888293800324,3.439718610970308,0
8.883591839109933,188.77474627596607,36740.82164183406,8.245757018505614,361.3966809595386,507.9167490214847,15.260593894555784,72.62869711225865,4.369999259653416,0
6.93277350757447,242.16386794832036,25013.412334004337,6.030860072433486,362.3432131741393,529.1667597723897,16.874951103305555,62.18606638633544,4.122092427837607,0
6.78059958723986,223.95940538479277,38823.14192385596,4.8914614820678155,339.9092600249129,349.43711565571937,13.32340596642997,55.36130120379284,3.29989889545156,0
5.789365597467855,225.0597364175552,8639.051953935625,5.069589166423652,314.8184702703677,302.9662131496295,14.697906938683117,78.81690592979237,3.456133795430015,0
5.864485879561406,164.6124285028144,11895.274148059261,4.809865480791245,361.2894923494325,436.97118400540023,12.251440037627713,54.146848591592814,4.323792284673359,1
6.747076028904756,193.76050248978456,29511.8383147758,8.715145829268087,279.35016361806925,453.2915428136828,9.720059078429614,59.198352107202474,4.698083518371467,0
7.620027295019781,186.49368426555048,24331.183059161885,4.726973855687481,318.6823297853617,455.67347175738746,9.148252557217596,67.53624190744357,3.7182236429739977,1
8.422969400562877,163.31588278108728,33532.32051190565,7.5529813682258995,269.7740071635342,545.6620438389878,9.192304962802062,88.07289425771735,3.9160758193873186,1
5.8993269424998935,208.20859672629737,21878.44656727131,6.6998397733655555,308.3498585238329,286.10428145643345,16.49453809757746,69.44020490571219,4.491538084998643,0
9.274252196370497,178.69758394177745,14404.349836346933,6.957815253948002,356.98350962103325,495.68195709537247,6.037167545274352,74.73110700312552,3.8354602303443306,0
6.681448306467424,217.9131238871773,20141.468919142684,9.274499526415525,352.0449166166075,337.5917301824552,12.073951441750877,61.70617720733526,3.73652496082921,0
7.048590077307799,161.19280332766334,8576.697109598312,6.427284759799868,335.62002095665196,495.36197127876454,11.7456876258378,65.1622186235851,3.380834160612764,0
5.9815988316527,252.87486494411064,12119.475993103486,8.0863304672485,339.938291925401,387.8287487076275,13.346051935881492,65.62920602739601,3.367305993768256,0
3.516366817398776,166.90754551207894,30539.730191866714,7.179350095182157,265.6248527103875,360.4329391740877,8.135211569711167,71.02543934198849,6.05172855141414,1
8.379546732650743,203.57846782377834,29666.018003760397,6.8798101291003375,320.3155991801671,376.92376225143494,15.616869593591447,61.732591373028946,3.8169627051383164,0
8.163160528725877,222.39841553245577,25196.63205588038,10.753951216530629,309.1559529434315,309.39023967524594,10.065835785330734,87.53179819395983,5.034745490779535,0
6.666448491036227,177.6130490593223,6925.007525909745,4.842680041769716,309.9615827848045,429.4770626279425,18.02826233974768,60.515168418821226,5.283514803264875,1
7.178476354320562,224.3906443096411,18871.883420656137,9.156828299991163,355.448771609189,363.77026330072846,12.221955574080965,39.47680729781136,3.826805814195336,1
7.8384306500250265,155.96673514030033,11274.234226142946,8.157122373474156,302.68126522009806,489.75076003905144,13.963520892506542,109.65390245091521,4.25737525057912,1
4.7830575903767825,244.10110877213077,32329.02763860571,6.362350508481781,311.9268340763953,477.93293190827,14.292491465197733,61.23739574381704,4.0499332159857655,0
6.302292564300947,196.8350863394245,16896.463798965957,9.694323257557748,258.35331746005807,562.6299714450745,15.088437884968492,87.10868754243056,2.712497766486232,1
8.247569079044085,176.76595702006293,12495.090097604678,4.199986022426112,323.1503882612052,455.81292394495443,14.40251758951223,88.5535515777054,2.7594610504464336,1
5.236194547941204,186.53589514031023,22275.319832737507,6.295608681467467,294.46555102562974,468.2859703577407,12.866264083694988,81.30602970418853,4.008101804185333,0
7.511530160284945,222.9591763849387,16401.708641405887,5.210598117254859,336.6423938428437,539.3520657938057,15.415490636597282,63.27711074694897,3.638567439885295,1
5.085824747203595,177.1589545568761,35022.41412185525,7.771091874496907,299.40695519072733,375.48857753408265,15.822947001938298,70.9210196094184,5.445432663947001,0
7.765652074177284,171.73861274867332,15571.833854811317,5.36135872012426,337.5581567541486,305.94385382177074,11.747404251867156,46.3009739992613,3.7854731078181976,1
7.027607021022699,189.08809203742254,9746.734028878038,7.804241035851284,328.5510566067717,442.37960091816547,15.691277480802473,97.78463039311421,5.491724617713137,0
4.705756230618901,157.68325535325116,3139.002037245238,6.825430463001945,394.20758967774947,311.246989352784,18.224594200949614,52.967019408659304,3.598414711014276,0
8.792166851052041,256.2112782540475,21744.177652446033,6.362620770603387,351.7494578135784,624.5127841591008,16.61650978910607,62.3959818175764,5.461516328074969,0
6.000150382106868,177.75260978677204,17087.519447881372,7.734062648732631,267.29548728559837,543.8288169828994,17.36616204985219,67.96101690062476,4.36501110761893,1
5.88892891758886,223.70524376174987,9486.554666652195,6.6955778341778585,288.0669171741281,601.0809274941007,14.849058009883644,64.70567506622115,4.409367678701534,0
7.374836719929486,203.25528164950228,32440.31190791556,5.399956947966719,335.7752174449829,431.25634018414746,11.18134202349215,56.04110833823318,3.5708241137477534,1
8.76849690366021,164.0083657606577,27863.981673896073,11.546169323623268,300.1752951450896,470.7018521070261,11.600076838380934,88.38872685090244,4.419995400714877,0
5.586741926101757,196.17426870817758,21766.697365245152,6.350275850813952,226.50316493127627,389.07979034390684,15.338829173598102,81.38590430061018,5.290316477803376,1
7.170669379276519,222.1401713559443,33975.45197768215,3.6161776533598164,382.55260378195146,497.5591535394654,17.400547930254145,71.47868441221618,3.857034554633093,0
7.710360255485942,190.18184991571312,27822.695788093322,5.789484070240206,359.80889597096143,327.98195303415406,23.501368435320323,60.09904830693126,3.7052704840140382,0
8.098865242676823,235.5876225301233,14799.923054530555,5.117702832371086,352.6081042079926,220.7026393585431,17.529830636091777,83.18363049898731,3.777525219689131,1
7.339369086257521,229.94721096073988,12903.007801655236,8.425310073344015,311.8313451366811,362.31267483912893,10.405857642683268,59.0753296610978,5.233687051905021,1
6.540469076547517,226.5747312726193,29185.522335982227,7.628211202154706,349.23623850429885,308.5931884353647,11.740327785488457,91.16507932212735,4.637173941460848,0
5.8634423756463825,181.2610818953866,25489.130271749254,7.749966226828744,308.3244178826573,545.641259549052,21.821892315814356,68.15395383717366,5.099190392567473,0
7.206631508078171,160.87557874142254,23502.307723785423,6.535364503977154,341.1835428298673,572.9348951450403,13.570372635156863,85.79365468035972,4.21462571417773,0
5.503955652381158,176.20137541172494,14592.649067753631,6.678626609650064,300.51012221826966,312.83930165829645,14.437273441059864,64.6050534560849,4.000669098286709,1
2.7856147892629277,202.8204397197151,27344.106147879855,6.533928856299884,388.57866460309435,530.5935382437914,11.101019993445451,67.5280782807857,4.300676350475094,1
7.721742912111772,214.31000927380853,15390.457526821547,6.991714769065958,277.0316473214821,503.0914205166972,19.460492272450747,85.72489013920318,4.804723656841781,0
8.408784216396707,124.9904479255241,21119.949542246668,8.43982682787644,378.3147375985214,299.3563461078676,15.936102916231269,100.9981996439561,3.777247770781466,0
3.6064893197534977,196.1033190630218,34699.78212852832,7.650999151758447,335.1864180245463,394.6724808254159,11.716069538499617,91.00698471205197,5.037568054818293,0
5.595695864076392,201.56639283637307,16220.404262778216,7.910178270800969,316.0906627883404,379.32696961511755,10.990438293882432,80.2324129475887,4.255347834511384,1
7.990156763677641,187.24712029490783,8223.331395713101,7.9093030750337405,339.81548559008394,486.65550816306404,15.296845060921957,75.6929997377413,2.093103052336461,0
10.104518340476197,238.81417108845193,12786.166683020612,8.517419051063147,360.2831969794194,326.91234065336585,14.426322438854298,58.4054191546057,4.659124873142052,0
7.11056675028285,210.23391104062614,30731.33650230053,7.575277065633602,383.1742270641355,418.2201031204572,17.034284819001932,71.05577301723268,2.9776020896556536,0
6.009835676393172,239.43600801861908,24247.376469573894,7.686979954832692,345.0969888560458,370.77963273583134,16.09046564605103,52.00121436837155,4.64015475332571,0
6.811142231575885,189.27137769608788,20884.1923792386,8.998313861085187,301.5902434786213,464.4607010293534,13.40457004557586,72.32608424820889,4.67318403862577,0
9.101068336147831,227.18488517870261,17550.74751725825,6.069227449555083,335.7904726728956,408.69103591929843,12.480016719022876,73.33959891913766,4.227316225957343,1
6.130432656686933,250.11463238811956,26269.351942297555,5.767926723676618,399.4389075729781,382.95679466457665,13.750591489130858,35.477472119046624,4.394071101123822,0
5.905187750224127,239.48536367759237,14569.792477252984,5.246243873284768,382.4850860104262,408.97350372317175,12.457246397566115,67.01090786695322,4.8271192145183095,1
6.370367022392412,160.47130582399757,24693.930343370426,7.409005010520005,366.6227120994143,590.7426213218095,13.849052786416237,72.94257715863519,3.583410414427633,0
5.678606945859693,188.03166733118195,15603.01300666598,4.191103058873785,362.53612890722303,392.52034040519214,14.334419473730152,65.07989555291762,4.5888751345679335,0
7.260325364512349,185.0244361318652,14144.10370763499,7.85020347177429,359.0581262745204,342.08636831048716,11.307848742912011,72.04643018876813,4.877158176306488,1
9.468277333950255,212.4517965679589,16425.091036779115,6.9474749106891265,375.6573997191867,473.3572667234935,16.367550343543982,45.24104022227093,5.3428644260800136,0
7.554926531480563,218.9304413533277,18722.806572962414,8.912730725717271,317.2774356840103,414.61177146393084,13.05388426510539,54.16461990131472,3.1074913768734316,1
6.709040351874357,168.79559780477405,21585.98759750696,6.058370649465315,284.8071895828912,311.8449460466803,11.493362800555513,82.72097483309523,4.288642530690459,1
6.6510374346941505,198.59985195244974,24078.385110572017,6.79875710904034,336.27378651663736,606.5372188477113,13.116179412387016,66.4090151672339,3.2200384247320577,1
4.782109511215914,129.9749885920278,320.0,8.893081266603524,304.2326014538542,397.726176407143,15.081874498413146,71.75989153533611,3.186940826192832,0
8.378171372406324,243.76673234070813,14933.23180060583,9.30535432190948,295.65154990066856,395.6743694253832,14.554856441382034,57.781361295625715,4.250041662476665,1
6.965579320391181,179.52825870895708,18581.10594742481,6.045359262112124,307.7491322421121,439.1262947876933,15.677210960333769,66.70742074707603,4.030415535540988,1
6.81469452702178,198.20624770268861,35209.315056748106,7.407214347487713,423.5992452326474,566.0207361197663,17.253525674000002,30.09726791926792,4.863101153247149,0
11.773868124731944,186.19181390121244,12545.45873171392,7.585181984740796,338.69954427550095,290.4697801639999,18.599352075266587,79.74160826889549,3.699982369316517,0
7.519166775297559,234.03992639069094,23441.365394104098,7.710372380881415,346.8593492060861,448.5124164916738,15.224959198497455,94.91110087028046,3.8654398797663316,0
5.974867156360079,103.10116327126816,35121.364582425325,6.705130458281317,289.6038081548662,594.882463394543,10.740278098250505,49.60467324888512,4.134973324623784,1
6.453254333577851,195.8240180477474,10502.992915190373,9.144585769035343,267.1467680692343,436.61256469057093,13.389243243624705,51.57096140297412,3.2977734958795644,1
8.768215192519229,192.89173744105068,25468.161419455166,4.134268495877958,304.17943747768635,326.3826611324858,10.955706147692243,73.3526759952051,3.406005520887574,1
7.2465075034905135,181.45897193986139,14980.388309374255,6.454614229014287,385.75638844944416,376.23735031224965,19.896586983987653,89.64307641129139,4.8405569593025914,1
4.965731371873471,253.11106655504324,17589.849915589555,7.827730557781257,345.8607153440054,442.9281772296462,20.85829692116491,66.36692530487096,3.5418150678007354,0
8.43126653382555,167.2034806874108,14973.032603239484,7.8424152028799625,355.4132266048003,533.7522644228573,16.432530063712893,47.01365481178682,4.892331721830755,0
6.097828194257679,221.73894034573618,15597.728649936993,9.257359268371326,360.4717766567625,398.78827041273814,17.12149876913519,63.11010617822075,4.44370381292127,1
9.833747731039793,208.08002916476897,45877.719840490245,9.013196121258034,312.4086334140902,493.0117317505148,15.11062196961334,50.15797109348304,2.7629258001186305,0
8.667670656600533,237.8361378308424,29417.62885530287,6.668844232014586,383.94107620479747,310.21784508634084,15.491645080175218,55.8522939614594,4.383695379633475,0
6.422436813381636,174.43949478336341,31673.279233987905,9.173796564778355,310.91033336411033,309.54311855302365,8.992426537330605,61.605271866352204,4.37753426201342,1
8.963094051750616,172.27731228580205,26327.510057597534,5.991814044831621,384.60123746374865,387.1948763473692,14.035283870999626,51.74455124342954,4.299884314638803,0
7.179747600475283,232.3978178587821,7931.667297018703,8.590802064811104,349.7647999227312,542.4171010145783,11.36338336363388,54.13242672976712,3.8593361534212516,1
8.333577302429664,210.35031140481072,25476.777366157607,9.980625515905169,269.1239081255379,431.77575961910765,15.211290139252005,67.57540118350478,3.2367473847943558,1
7.792557241422878,145.58790941473495,31420.71070419724,9.03961168883085,306.7469371542566,449.62964271373846,14.082691411763951,69.79111475740412,5.020045957567844,0
5.835855717163416,178.64304417459232,14532.140529220082,7.287117205968115,269.2723214220021,448.6816121182967,20.72398069536564,43.94383013564335,3.8907679207961885,0
6.133981746493331,209.07039783198576,30477.330916135044,6.595789540600047,375.8210162791827,515.8450970728337,17.314037649672606,72.65093976397225,3.280943194938413,0
8.594042401844307,223.90730996223638,28189.167549118974,4.704825751910327,332.8860618922012,376.89806583601603,15.221734662146645,60.37690297841786,4.326825575148646,0
6.587880261803385,174.04368842954756,38251.35104209175,7.610652627904442,253.24770422021493,481.83031961693405,13.396429635567838,77.75852422642464,3.3906316228280593,1
6.486636759034265,100.57840561471716,18351.290239200225,5.3579567798059475,347.35949230534845,359.0663719338669,19.827631028495368,78.70844590124756,3.2297128979376057,0
5.675969808356451,213.56834611517627,12391.08206786278,5.86684723148998,314.3668835572861,586.4782633249566,14.180850121321185,57.81258557633889,3.677131362482098,1
7.702690626422388,156.25805892154153,18843.613190665736,5.2386216348360595,280.15525639909566,361.5303948617845,15.377840813012769,76.08510913497506,3.450989743831902,1
10.111911631287423,130.06007370571635,34600.071078393914,6.3925801144024845,394.4216853480487,354.9041204182166,14.419846190652823,53.20120325394946,3.258451043452032,0
5.5107266160462185,103.27144684577131,5984.035109305918,7.075808325110568,337.6573112007303,470.6288176279693,12.942250572108762,87.27572773091254,4.599001174564172,0
7.115602601308955,223.12555087469974,3880.1643764015935,7.552311038241815,323.17538912039686,432.6577031440461,14.400835596096071,53.797622112493556,3.881214304719329,1
9.155964216460681,200.59765559481124,22797.838971307607,6.171199516045938,319.34478841516534,452.6229429499461,7.7858897242547735,71.96286132802435,4.946778357502396,0
6.962927154868799,188.9526747659883,18133.807874711634,8.80946825610439,279.09007998463807,444.5792278137342,9.157091811891668,63.44140378895971,3.3034826073706505,1
7.744986540487109,242.027230810586,22081.842216886656,6.7910356923758535,286.63360276903023,338.09540641437087,15.437277092926466,50.36357351047303,2.622502390643658,0
5.518281513624087,217.3188623309684,30301.855720132215,5.87539855544048,380.2168926053855,556.5855350589131,19.470740975645977,80.60744156335433,4.086040872414545,0
7.709611432895244,249.4977824042694,17169.587451626416,7.4775417822446295,316.6538730859441,498.4171456578989,15.432611854717198,56.71514137417071,5.4176635590090045,1
6.804897930443313,150.59078502987083,5593.0170888901375,10.222413476999229,334.57752671185824,536.0267455618956,11.895579090292074,39.58986195829212,4.384169726902362,1
8.529023093649398,195.23432099063322,39938.53004273007,7.649553695125486,259.8978965900931,383.51558085098657,9.50415407403712,20.950649262840173,6.47799187304601,1
8.825457495800185,143.2286313654588,13271.160241518139,6.5466881087497,286.1441538263504,459.869267648433,16.876785232174363,52.60054516887091,4.229006114340289,0
10.886658553767361,188.8302027519108,12729.26797278188,4.706611057332448,355.8186244682735,442.15934543318536,12.402584050140016,88.09807577234481,4.153730724804711,0
7.932060764623956,188.1979968866893,31690.65721590916,6.773328532864129,347.4305030105139,517.3638922233438,16.409109235408973,86.23453563253273,2.2888171165748243,0
7.558920585375785,216.96679025683716,18643.185443331175,7.4911864376392225,397.1469796818967,519.9696515331515,15.570453673197523,55.06770319497943,4.303799003659052,1
7.365744923318684,197.86768477313421,21458.336587544847,6.5076221918162,382.31444182515247,441.81043538704523,15.86317429836302,60.49484599515925,4.101560852815047,0
6.560845549568288,216.8613926352608,26246.822059365342,4.488692271579221,325.4421054543985,303.5443690357468,14.391221651340269,59.06832079848152,3.652211465400461,1
7.5775712498886865,219.49207717627544,31514.112289079047,5.776106684584574,350.8725418287376,570.0244770955561,15.549862914249513,45.37177506626031,3.8633124836939254,0
6.645759927095627,267.20250562558385,19090.563406915975,9.418170768202657,322.3379515734829,471.1393445165001,13.88460593184153,51.43692138449988,3.9168815520131006,1
7.327637635116333,186.0061989407451,35339.85882481202,9.385721585894128,408.04082684560075,377.0422026851818,12.177135371241246,81.87272792095038,3.82965526071299,0
9.016868377343702,165.43858382909613,3289.0414921767515,5.719110112656735,375.3053911153337,459.0626701933316,11.090818109691869,74.34631173165315,5.59997767123825,0
5.600382429038928,204.45876843545037,28675.319457432124,8.182955723775088,339.9124191835991,304.09853034955154,6.38562087871606,70.70661129901636,3.680727618312093,0
8.755621484859697,169.9990555079232,14653.758807520855,5.257855000063126,341.0222675254313,511.49308138233505,13.680527348441073,45.34473793410827,4.102064704606009,1
9.016159148989601,245.08205045850895,34045.10825510508,9.338819725552025,385.9968893815694,307.3213789448016,19.309141785570965,67.98808968531583,3.6549571549587587,0
6.906439265323114,187.0606230598702,23259.42661613752,7.507472639672893,354.7259433946944,408.3643646984833,16.696565106299445,30.068364831173902,4.581076325582227,1
3.9608732984573662,177.77950478798195,16114.574186047215,8.620433567814123,390.10881653691285,445.96436407262445,15.03371718215542,79.6909984411786,4.107875685978321,0
6.186501678971184,180.87785224576277,27825.370315972046,4.410152511451589,254.50156394500428,510.15863712527295,11.85044346890291,70.47772618462473,3.7516697529270244,1
8.98658198344483,219.98438070951283,29844.87767328583,8.190666621041323,350.44878937056654,434.8198753026617,17.581192837262545,45.18568423038568,2.4677450021923977,0
7.046383948420643,191.18485666118107,27641.72341074994,7.107874979378485,315.1521839904147,477.52134981663016,13.885086177931987,91.89103104161794,4.159780415725225,0
5.611025718526482,175.27841162231434,12986.506237001844,8.46604793184953,397.2555004728756,423.9338321281916,19.493032578641785,38.07448332491148,3.7285305066077945,0
6.3379808657945205,251.11011753228547,17770.60055326675,8.565491120994603,389.6668485550404,423.6090533041925,11.032601158494604,74.76292849407623,3.9226222876280614,0
8.315711438961692,168.2276973374483,21978.382500203843,7.223939809370104,334.9666861409212,433.11741660064587,11.797600862410507,75.1550587967935,3.04768280114864,1
7.883698345256027,197.5390568534645,21652.35713549681,6.170689170228455,389.27770357423066,410.9322294159196,11.475536484633029,46.85039717141139,5.087960094721753,0
6.728769814220549,217.81130320342828,28587.281024627344,8.351919967843601,398.2217587525291,289.91825865658916,9.374188193863416,65.80309460592446,4.638259677158221,0
6.540768114632409,142.7480149205908,4348.9874673310915,7.024955890939898,336.46905712341095,364.12177847437545,11.178382092015266,40.58722492924936,5.085950678159693,0
6.504115520905582,212.15616268121275,24945.212182493113,5.740999773426325,423.1156865356873,445.99025491023633,14.621645819825186,21.51267703152616,4.864643854609144,0
5.724057028787201,161.68861070695763,19471.756769942458,5.666159474296856,332.6473307425162,406.0785317080766,11.922614607744421,49.559591901287746,4.432007495659421,0
9.45460226352008,223.41487000601367,14662.762241020122,4.7860802222264365,326.02721285486024,413.6190680688801,2.0,56.67582466052832,3.0790196431933747,0
6.6061889102593305,164.72766123822325,15504.537647335033,6.31373996789036,365.0726353514381,400.0797899726574,17.8358446144606,76.5599199713862,5.40784198797605,1
8.86922302561348,219.14131807687204,20133.188951508175,8.862253432797518,320.99400297651675,356.4226138833418,8.705649755860087,67.46302550140913,3.246444582307742,0
9.316334596326003,232.7187328891072,320.0,7.4009710835345865,336.86417949722744,386.36263255850565,16.230345622974767,67.87521189451952,3.76064205322153,0
8.547517020277501,224.6854185975503,15865.723036269199,6.282967024641596,384.71696008519984,401.41492673595764,14.383320291806259,50.40257100081787,4.521383778888999,1
6.445518140304469,204.63077822758643,14335.619994916278,8.391672382324526,334.4745693191321,426.62561718718683,21.288504022351333,58.041721735267345,4.560101814006176,1
7.6734832327948155,188.7671380059008,26685.122936269592,5.804686937677046,272.52205696187235,457.9989040165974,17.579929263839873,51.735057362363335,4.416344647016755,1
7.044432458605353,177.42308852587368,14951.85230329329,7.270653433445791,347.0549226768699,411.6197309935234,12.609758788944735,47.08215990913993,3.6577749845633103,1
5.751558264726712,244.72291028715821,20128.137837731276,6.836184011093686,308.61595005304645,343.00355878749554,11.956169608603917,57.03736003641096,3.49659333066273,0
7.556808144130756,173.37759211308958,35535.583918330994,8.351026388429597,365.0508996246249,313.2309903541631,19.254028623445635,67.57506031296919,5.946935403512787,0
5.34681150699509,162.28163816175424,30731.798475071373,4.627979173947189,358.9402963299605,636.1089007279918,9.394866668594325,57.36949054868032,3.93933512797013,0
8.8258887010385,218.24067689452912,29924.510885726235,5.776687561612844,386.9564085827381,334.90964740432065,14.911812587890923,61.29836290316818,3.843818319981708,1
6.397012572971362,170.2009832792599,17631.593431929068,4.531571858630636,366.57821735064806,384.2999136478252,13.845991266643585,77.35880656807262,3.4134259370677724,0
7.3757046941330735,165.1414128382884,26774.97888995662,6.709837179541354,373.1814284114024,467.9887944461511,13.143921712587522,58.50310281724761,4.160842872275347,0
7.496433171172829,148.91872790247984,19963.454186929237,9.03405545573924,309.598843088623,455.37114585900264,15.450131288524288,45.36334622932095,4.124457784450895,0
6.699409688655006,180.4967535769328,20294.89572055683,6.3213934087474275,362.83607196148273,468.30115661590065,14.907443138283716,75.28566203565154,3.95734355721065,1
7.9424398881686535,193.65115716452226,25605.895636255063,6.313119377650872,404.9198295974809,390.4340336111049,15.793996458640674,70.59244895697566,4.267746784494552,0
6.381891624764889,204.36042508820717,16780.10990178835,8.497324590210935,308.8921923018672,445.4878776883818,14.74000940932247,71.58296028617741,5.345559251905036,1
8.36080702726215,227.63943625012402,35103.59160736759,8.808308302359373,398.8225418630173,431.1671815073042,15.662525450607088,76.26947562933815,3.5058588890930995,0
5.10140987003728,213.68913475089465,20610.192236212777,6.980057713715312,313.92648770398387,400.9866641889886,14.589038788603578,73.6012368856463,4.0036053189176535,0
7.265777981933225,190.09603014328698,27435.39930732872,8.20184946939883,302.9897592038939,446.04156123254194,12.097297003313999,66.85305148027247,3.4646782070105666,1
9.930225628615679,189.8553081173986,34775.67418975896,5.418411825412845,344.4846840228438,511.4940898329246,14.29324417138313,104.11320849317751,4.19986472144399,0
5.609512952829805,213.13887600324207,31058.835922068713,9.297199447602154,359.65300243889516,424.4159999441914,11.915380487379693,46.13604287081819,3.5265937889279533,0
6.083714893328469,238.19938125546207,9661.772175318552,10.514955944420542,366.7306494803576,424.95363451406274,11.696953438340884,57.15219951823544,3.5601544666813325,0
7.835444538998605,200.5219477370128,25914.594637607508,7.943520950078185,299.0219061132565,512.5280932283283,13.16734349100424,81.6548629309747,2.831571768236612,1
7.343985219451209,180.94966882210386,29472.542596697218,3.826756038278375,349.48427911477,503.89753067695824,13.884709337964361,68.64858582634722,4.046279930599346,1
7.595426245932132,163.73449454431812,29833.258243778382,6.237996185411501,309.0040577865861,554.2079037942591,14.396595764011254,78.35244624635723,4.305220305085882,1
7.799105081317066,148.86610295877017,12253.578131505183,8.088264008237529,279.9703496656093,284.28903475170534,17.31321391857262,69.07705889379646,5.42117155548999,1
8.013040558785802,218.2702841200706,16253.710958964608,6.454056864477147,300.21546955664513,499.35268119191835,12.630083886789809,88.06887181179292,4.3362119353280795,0
8.711258767675648,215.36815407203224,30733.610801141018,9.130073715715154,306.6424607743567,474.8236834689501,14.931579876631655,50.51155380666372,3.619246383828091,0
7.682433425684914,215.34793907025596,15335.56162533999,8.049288477808668,352.63044909513957,354.64042973755863,14.67067173315404,87.57059245594382,2.90945031160485,1
6.725351247710742,192.14096399840793,19386.585741130926,6.003768708790042,375.4210017833017,446.5408196534866,12.265440368487324,84.8666146978313,3.017396135580927,0
8.068683340768015,242.61594509746186,35830.15567333995,7.17097840101858,280.53831239630784,511.15114843632387,14.524082002343663,47.31374066858692,2.959409895211862,0
9.872826444295967,180.45702508299703,21595.02297804896,5.7077435113902375,346.4998732218791,359.2056674739548,17.599007884236908,76.3455935139286,5.434872787650518,1
6.885028392817617,227.76969982700084,15642.293975558998,6.831515892108342,291.2541275662394,461.97346988933305,14.897335577884053,65.721260268629,4.1944921876025685,1
5.647441922134157,195.09652104169373,14319.816780390833,6.2437426801165685,356.51514668176594,496.6240905358235,15.029992805080388,56.83420155849237,3.515286348975724,0
8.70740858385185,176.37351036499018,24931.116887919146,8.9761236443682,311.27451680252454,339.6609091518304,11.94536322457977,36.61647537815157,3.221309507980454,0
6.903039688988211,215.84647120153483,10326.07478563836,10.463299049792973,295.78496928863865,414.7118931935076,20.79692279748814,50.45946840647992,3.3022358844927413,1
3.886175767359367,209.83473922114288,19845.638717248406,4.858722433487512,362.6798755846613,450.5312545164732,12.133940414232521,77.56692845071098,3.494746472285025,0
8.32570986541112,208.10369459710387,24935.598743280567,4.081318267788592,312.56861703921425,361.8746130370738,8.759636745587848,79.23427681623899,4.996679068679019,1
6.293067566647734,199.04162173298727,33404.03528120012,6.732627573474811,322.36106279811344,355.1656299812505,17.12720943792183,63.07709572131378,3.9466441112949555,1
6.946916075012884,195.12445440396777,27866.637556662237,4.720903195850681,253.54959437571253,415.2970457234692,13.89995559876371,79.2838557073696,2.84097619452632,1
7.568011085936451,274.8757874056513,15753.716875673104,7.19301433380005,367.9883662018443,490.99050552298735,13.27693157266518,81.30675142839056,5.77215823428969,1
7.360034529275228,235.2965159275982,32345.563193524173,8.303319059813365,363.4476339550515,478.2301446363344,12.474216986837845,68.83867214753751,3.0806743112946005,0
8.122894171194389,220.12932003817377,19388.17277736263,9.480744197681584,333.9772464923267,356.5992373544517,20.475375406485423,55.00879875188228,3.5091484582593835,0
6.43983503526233,200.04483833014538,11180.39739399776,7.438203402770144,278.57322477940284,478.9116867961986,15.4536938221815,73.35542335910273,4.991912622354429,1
7.834265523318842,229.4752571836125,20505.76383380697,6.8148147447376655,377.48660210501833,358.65770668798444,16.09967654364523,74.07974883978028,4.293816713435072,0
6.698466383951642,213.39648829998703,34622.85016536063,3.994151831814527,309.701241216921,296.0921786241505,14.818257714057305,77.02810303582439,3.6034600602931164,1
8.166051406904629,197.23135022368257,23462.787524130716,7.161372535713562,317.3958063133647,396.5411280236732,15.1738642205036,80.04740956793532,3.0095337976468093,0
7.984590201499189,186.39184062850939,22123.872064608033,7.23263387166815,417.3372721968334,516.9571549178432,18.90944746095166,44.91866470080234,3.2159817150384793,1
5.7049051079944455,193.71024711102746,36367.9010477882,8.129551766456137,308.3505789098924,479.2181722185444,13.44967107133633,58.35841580058225,3.262933027120357,1
8.676393710777297,92.15810606168833,9465.072844259017,6.000588799584036,360.6034680420937,426.08298224617215,9.457536724326385,36.45874137850309,3.975484802322649,0
6.2921337356823495,203.2924495877135,10742.946879303114,6.432616891627342,354.09401435166575,392.53602987100663,17.15326090549394,78.18012752486383,4.119028217479417,0
8.267844963473284,180.3137912467725,7847.592344345461,4.784756436619389,347.8808230506863,394.71332178043116,15.924082336522318,63.05184846534884,3.854049389667553,0
7.619912350699971,248.7210628435584,25281.182359953535,3.499757365123177,343.97149960792,435.00090824261093,14.63741318064949,73.19393789489824,3.9394132251390235,1
9.782130004888831,197.00583960758237,23473.773538837533,5.368574596541082,347.38268262667566,339.86956676879856,15.838193229523172,43.12854614104121,3.15043590774843,1
6.751505005913377,157.2887723998858,35539.61456130627,4.6388852134802345,343.6079329565911,398.0794454342832,13.052836630826283,88.49346799965942,4.198646162854634,1
6.56650430970625,194.7304393338088,24148.692000525807,7.652005426764566,331.9036705138331,408.78983182751705,14.3484924492476,47.56527137395404,4.968804536732858,0
7.0514531793450335,161.9839999339955,18470.751226698274,6.301348190466365,388.3977721053622,317.02967301253443,13.844072159723698,78.61486331011137,3.8430224882353365,1
6.634325719233615,211.93090175446878,22029.826063343127,6.2695853344818335,286.34044733271406,358.45499684496696,12.322173869095264,68.26007419497539,3.827816368985011,1
8.255914595854813,205.9334398658389,23046.058010353467,5.564627387043165,370.6954958791157,459.3830538200145,18.21616191207756,63.41248739841216,4.034740820601222,1
4.704023405598216,227.85418867452876,7357.374411639095,2.012546616630355,363.4994506745681,426.9786517856317,9.605423943247079,62.13957511872602,4.842199790612326,1
5.53108684385486,170.37371550699964,45776.190902162205,9.50313098302113,359.0201442448445,401.2589596536627,22.09451998870092,56.33774634308463,3.2721160604378605,0
5.510329705278586,197.48784612301918,26571.91878603362,5.539572574012674,374.1476365149142,352.5575487725571,17.184068912473432,86.82524370972513,5.101660921871066,1
8.476952160201156,151.5017335843265,23855.281138344882,6.468376289637147,330.43345785500026,553.6352344058646,8.394900980135219,66.59890439773487,4.298553346759485,1
9.59460165769543,219.42813348186536,27407.374137886698,4.82127037884289,266.2352768996167,358.4928996617642,13.538009449385022,46.384376466329726,3.992370942645117,1
6.926459648749917,213.42529570106683,28233.6592313283,8.655649942636202,331.16734327791846,446.541214754821,13.722113018359224,60.34494761391058,4.9163262925981694,0
6.8318320669106845,212.66711104117627,20781.825265298517,7.346617720518973,297.95824097504857,386.78529899275657,15.57714474179839,68.42390645899034,3.0479915823763646,1
7.1829766797763765,196.42321756070265,16479.853773116443,5.814342849279928,307.3306081557295,429.14172963810387,11.005157923851526,80.55838928839279,4.377195518270873,1
8.78796110483404,210.00358492022755,27269.612040640233,6.500277214076442,288.8789529876966,463.18944324620145,14.3860038865488,56.865147007443646,4.305641460315162,0
5.716790892739857,249.10462649010356,25395.705652432567,9.771524276957296,316.5287568158398,315.4795650261107,13.879094792214039,57.919263714962284,3.240345049772842,1
7.430402404620134,186.998951771029,14913.597226560369,7.00470829762758,312.2180196994381,425.6753413099566,11.838483219881917,66.76952464511459,4.329297735903981,1
8.513540515780171,200.92726718855047,34455.10158304742,6.832861010566869,247.8546263464345,522.4327821240613,11.377950113830222,80.17390941056934,4.1909780399167795,0
7.816608429811573,160.66902854590705,24585.97477341195,5.632617251899961,359.0860198737419,568.5569680130887,17.3212433805848,44.81474097365062,3.8305842666418517,1
7.358684976400153,167.8302621922628,28412.58420745364,4.126561782253761,414.0224319482964,415.70357082125287,8.664311792459014,74.36944253073983,4.64299769307966,1
8.551537756073698,199.585122943977,34217.38056409401,6.8671388957446355,355.6894121729558,429.5782583551984,15.861779278477929,59.081733899871104,3.524031683161022,1
3.1062485292911215,232.6562956800917,22205.994329580975,7.634266477472896,326.446328210853,604.9078220412898,16.91975911576659,61.283698185826374,4.180850571757828,0
8.076476719710435,187.94604930685082,24792.881144191346,8.857343453637718,331.8014652602615,517.9232311960312,13.556571900099842,97.96484950069615,3.8672944496848514,0
6.118508745802687,188.6154236815105,29115.78510624798,3.5673754754905445,318.5655707300038,376.32723395848575,14.453354099489736,63.30168032882245,3.4905364780540196,1
4.388969641621008,182.99568201314122,15659.06616027567,5.342347803303614,337.03410284095185,376.1899473338924,18.13116844899833,78.30152044236631,4.362250054392642,0
7.831467821301722,178.79254822934712,22487.973360053344,6.202429076920809,332.4425274801933,503.5087620070292,11.946941499503371,77.73727121269681,3.807966117067662,0
9.099278061389548,206.06571174914896,23114.803335345547,7.114500259254341,303.3845097254056,344.5080895210045,12.288530460376998,47.79102287466655,2.8210549622065537,1
6.877950683497293,147.15514120297797,13632.104783924793,6.890846767385093,394.5995863765746,514.1091987756927,12.639949015561289,37.29813149123481,2.565168438319972,0
8.48072558438832,238.47448388503534,42333.344782765285,6.927731876614114,280.03424592144887,453.22478007071896,18.13722773342906,79.34688759741469,4.585464825104898,0
9.450049039243309,174.49756906048464,9676.024703410105,7.764791772540512,359.74050197104003,468.0470149410277,18.557492302188383,49.31247654508687,3.0179319163630725,0
9.012924246768549,220.09896756635172,10633.31451247684,5.692796884969008,330.1227177487444,405.4633413407769,9.65960332392542,40.15583480641491,4.187919904852473,1
9.490747858175947,154.6251461036633,33536.21666130569,8.595943478729238,402.47606179647596,375.3138575688476,17.610656873601517,82.582578128093,4.012862477029958,0
8.170927411875681,218.3547750910542,28267.45927197097,7.8048548578851795,346.0988466168307,544.3536406624689,16.99058649400951,50.323640408358905,3.6825452139626984,0
7.190887449185341,218.45681925886254,13019.220473238001,6.6146650226776345,320.77301388619736,406.27116035847365,19.422398822588928,54.21739940845711,5.496201396627965,1
4.7251102565111625,208.9987221068338,27338.332471870013,9.649434627184487,324.82786184857724,393.0023364620662,15.554707586338315,97.53586465575819,4.110145734399148,0
6.7182881424489755,163.68313448844083,34883.072456893766,9.579137336203392,335.22222793994416,419.7341235446326,14.13349900187791,40.22597335101263,4.559394116492011,0
5.840427504885199,204.5726489920888,21748.766813543978,8.593974661206218,292.47954428283003,441.8081185449369,18.07066723255219,46.5883691270128,4.192156647965051,1
10.271285794721786,157.48294320778064,44798.56809422088,2.350680302502888,306.06533536223867,342.90902150980133,16.59337154987084,59.15056029318628,3.789399249968365,1
6.8214478557244655,188.0616718049884,6898.843569903434,9.614733246494401,269.2721249534062,380.5627345531394,21.710613750832284,62.61114963581117,3.955110774815966,1
7.261111065973194,230.20680862840157,28096.999799377136,8.375718465505656,300.4236148927602,376.26682810765146,17.45332296682365,52.30563690100462,5.107663357215177,1
7.8906835027794875,222.5575923428153,32241.31222516687,10.29012564758644,337.17378024720864,494.5171014152794,14.788243801963159,48.128009115217615,4.818722128228336,0
7.1440955961675074,196.86906332130405,29828.706994470565,9.075194054938992,344.62832628114256,354.61536487992896,10.393714500954871,90.21261049629156,5.492549416717109,0
9.571725029433207,164.3281078494162,20222.456342680474,9.613781430445712,262.24702482283,284.32639941457165,12.357164143487468,70.54729117713137,4.142880832518849,0
6.164705438250356,217.59046809916575,19467.72272566739,8.508274663284999,328.82116905198257,267.2490883715536,9.526989022727266,75.6281110961789,3.285989088753417,0
7.366072959198747,197.0070612831341,25908.012868311336,9.25093525385991,354.1416356227118,307.38858131685527,13.568144660638541,64.2359589656719,3.626396783399347,1
5.988568239023869,120.101226286166,29165.997208010624,10.270715510360414,327.8923533313828,536.2359021721559,17.345283733600716,70.96470454350859,3.0435330103970992,0
5.139566908505563,222.09504239102395,27296.113184777823,7.462156486637565,310.87487834159026,427.5196553043062,14.267848697129493,81.11185919569824,4.568294420522717,0
6.18069943636923,195.57346675070323,31132.516741900527,4.635875740356555,318.8844962179575,466.71593870489005,17.66191063959584,50.68836454062008,3.512985273459747,0
7.025555908338834,235.8945725212036,13081.422746305807,6.634211777976075,314.23681235112315,469.5635732286746,15.397369057683134,70.57646366508858,1.5868520018707821,1
6.448925729959628,160.36845804563703,20017.169438697896,7.73611404702583,310.76855759383477,430.7502224452834,12.945764520914228,77.37658728244244,5.8917450446973465,1
6.0621411595854315,91.95174566024747,13772.75411940666,7.238322383307062,340.0619822023488,420.1669234176078,14.57003926361258,90.76145415247979,3.524931111979114,1
5.012713328402404,205.54348642380623,18628.950486114296,5.1504320934681065,417.17985255035916,510.6181807936039,15.842640047392367,97.11824075147378,3.5202590781210685,0
6.957834808235819,205.95369805253645,30914.76505934113,4.542913152191933,306.90268500304666,438.0079298356044,14.740829448914567,67.50168899840239,5.273857120275086,1
4.868061050174427,140.79762360057595,22960.809869299846,5.94896298355697,322.282325255616,539.2710672992765,14.778764797499834,84.35633623656611,3.0275638683779382,0
8.197282266623716,164.20671992736465,44869.023860941554,8.39622849845496,331.9116364709791,476.3792678788741,11.734444143888002,24.29145169073071,4.85655259149587,1
7.20118643681372,286.93400723607317,23709.7281046167,9.616936837900292,308.93901074229126,376.28588313999813,12.846848562048265,90.87950148087079,3.511794894129263,0
4.937399295786552,186.3245791127645,22537.422446175082,8.568176829768769,373.47024193933663,386.03659953107046,21.755505235271873,54.95281465466293,2.93743955321445,0
6.625462656736701,220.39662155348623,22945.02007680385,8.790735113640336,248.0962026087053,367.42356899042966,18.346224083301927,62.597893229460965,5.300459853874947,0
5.974330083781843,174.98281147440125,16422.274493697583,6.992311394401579,314.5875215825146,524.6000556538373,9.40158663155984,73.35621771846793,4.690015618708771,0
7.549186530316195,127.66174371469675,21507.023116864788,4.367509716824577,363.3538584306034,393.4778324924699,6.445332750653942,63.98021386743435,4.687600767921733,1
9.050462155654023,190.7736114278186,31901.667024934035,6.400751482205326,323.15143169483474,361.6854132906217,14.53219691499527,69.49806979578949,4.256771326495245,0
4.323496469620755,187.63957810339573,23013.29706072985,6.711152229241642,304.11488002715043,452.0512635034583,17.237395280550025,91.43791810892628,4.4372992738005905,0
7.249088336346703,183.22600229497064,15057.646052373733,6.334657070799622,349.70894910541693,418.357926134038,12.558992518132493,60.34084988489404,3.0089167406965265,1
6.844604790517039,192.6017557369049,13903.660362801096,7.206417887291909,366.53524452725304,450.014081501199,17.661690390335174,49.259211413786275,4.057056468650836,1
8.066869912382185,205.05649808899207,18067.066469330468,7.817443220630862,341.39236499007217,578.9258615736615,14.477456610173448,94.99832502959816,3.245564859648341,0
7.393399043509403,191.4356558122874,22661.667718070104,8.467763997424726,304.8238961963624,499.99525182711113,13.740267164103713,74.70707170216377,2.8866263951308175,1
5.9746050823439365,154.82211725957018,32478.53768142355,6.6805706143011925,350.267187954144,428.39272289313703,16.782741233139852,96.71370864069333,4.290543597952265,1
6.610990714570072,212.35089409864094,10261.717768752935,4.112060139081542,319.2499382880691,312.3953063223124,12.51949112549349,80.01944368982933,4.873356653414445,0
5.9098419904988715,132.29415040255196,19210.09946170536,6.357053203520007,360.7110539116429,385.80803060057013,13.331002074829907,45.52691643794811,3.6709723171021102,0
8.66173049373994,128.97475037906835,23279.289131691807,7.189062427247334,387.3849760987172,483.6696355466859,16.498253637651832,76.57771627360603,3.804629943979058,0
7.1113281235477555,220.66686286084052,5937.569782866192,9.052036516970785,239.6144560494164,331.5781735849286,14.176079448311459,50.88313900103212,3.082242496835229,1
9.874750308056921,213.03575634508917,14705.742125628432,6.222863609349114,337.79397848129014,599.2218096464559,20.598049464880305,66.51719952447355,3.9756293739485606,0
6.990828603692507,194.48341435001643,16053.350797768715,7.929818932871055,271.0505755187127,427.37500242657865,16.57656211655342,65.20598385510567,4.562859367662963,1
6.03864205264162,150.5016076487008,15035.634659266696,7.578338881423983,422.0262394738179,430.15743865525843,16.36137377178144,40.88944180093671,4.5873916346476635,0
4.854839842859144,173.10096738004316,23696.429775800138,7.189362842334954,316.86197934860564,372.3384019570658,14.116139621524624,53.581978579610634,4.395237416992128,0
4.42938467590376,187.73351440354463,20606.42697478756,8.590242644532855,360.75392895956895,466.3513781250458,17.175437979908796,101.175803723509,3.4876236895882626,0
4.75132016378193,143.9129652529689,17145.769022693115,6.075870909130923,332.50364869424044,332.63187401493843,13.21216827202655,70.15921167434517,3.462899346126822,0
7.472676176986881,172.07812801077634,25766.136778391057,6.211205409563244,304.75652325281317,601.1549701252887,15.214670356470394,63.63084895636525,4.590415489127928,1
7.827825784148002,217.81209821586748,37120.68235678973,7.10119669951112,300.4570028750078,532.665158928929,11.247070014414906,94.98927876846841,4.60335916712905,0
4.755649668012763,243.28552732418655,36385.82891127379,6.1085685219519545,391.0864453158614,505.7509957363732,17.72055100828326,60.151369160209214,3.8358439113631237,0
8.39570632169189,182.58317968011346,5156.707636821924,7.922659419866267,368.32760149484415,313.8494320421255,15.24190154793653,64.95830089174699,3.6375859120987655,0
6.369900254025344,221.23577220637014,27073.41456228495,5.993156159101511,404.0211289178251,442.8094463856908,20.84211824083997,82.02496104105734,4.880452732887646,0
7.295785727618758,133.45484547978995,20453.318870653613,7.477560648237312,335.7840835325992,523.9162718235117,22.198507649946897,60.08039645582017,3.6892400414456676,0
9.449964323535474,218.04616229540443,23374.372576629437,6.961727025316924,344.1854151118304,474.13884732209885,16.80658738424372,54.62736794041106,4.5518271351285495,0
8.398353794322333,169.9442156079077,18522.251039834762,7.459583024347195,324.1236968172179,345.22956325454464,14.50648778009816,30.85826132976149,3.8632623236106833,1
6.685259947578427,206.47245042119098,23045.016563605976,6.393608595800398,323.40484917942354,373.6759236335075,11.148526464864368,51.63142159795386,3.15292443079114,1
5.769947428639528,188.22637801246077,23341.513465064483,6.584240494647613,296.1262062602679,389.6890406877359,17.274721848786708,51.48114244574381,5.227603469218488,0
3.9168313600459217,239.77200850159463,16938.2867844178,7.271694643435339,336.816128300006,377.4461885949756,14.976041906493204,68.90059678753998,4.0636498386705515,0
6.022844620713642,167.6273002390669,14155.42954368064,7.439277719734874,305.25662806081283,549.7506177137499,16.06089531760127,56.77307314947298,3.4156196956872953,0
6.7696385489232895,216.9994190008574,18080.27175046798,7.113360973681973,349.75058844701425,270.9729282516927,20.005596252480164,100.43195980121799,2.885171579135341,0
5.628846095087759,187.18258968144295,24067.89485112329,9.814472523290673,339.92416931394473,479.2148256758306,11.551158914524322,49.72119177019711,2.96379937737527,0
6.887052258374312,191.16649893782235,27265.62869670453,5.554635668388771,344.17682905844055,321.7789642720318,11.220553202326775,88.48819825174128,3.6791291048062114,1
7.192972267949389,190.32672253185677,29495.596754605853,7.018558003974713,394.3191960204047,348.5312672990792,13.497430143993048,69.86550410236146,5.471600529156202,1
6.7494617067421245,168.5727250552785,17681.412404067072,4.633666145055164,332.41687329547153,263.8034466233389,16.998175805678535,79.12282654318437,3.513963734634091,1
6.124496206189514,195.90656699064772,24502.620605793574,7.70788873629447,361.12811388312286,381.84091141805203,16.116610565109955,78.16472900898468,5.09901476923004,0
7.32792236779109,194.31075293885573,30452.571599250718,5.357910472524634,407.9215520320529,548.2922247608839,11.315271026286993,31.418425686973194,3.8680043384895946,0
7.729652754867031,204.2995669651292,32233.128532554452,6.6802697957150095,381.001140884323,447.6104470335787,16.784190101325215,66.2178142525397,3.048702694940688,0
5.477113356159016,199.1476841389244,21498.288836272495,6.532138365976505,375.45555290215805,329.37040338700297,10.303985569463299,62.264662275822474,3.600895273008691,0
9.154070598227017,222.6000808457542,20077.130753157682,7.563807980029851,322.6962878910891,508.40570356659225,11.507075057905281,48.532935446718724,2.9708294194847946,0
6.935075445542135,226.725728209477,23689.720116617435,6.246590350278615,342.07930002822013,525.7116975389855,13.897836280103782,73.64830260689425,3.3023446074681937,1
7.107708945728926,161.8360114115202,11934.34015238968,6.179416997643508,286.13749480603786,434.6179961327685,12.44814257582202,93.46984078138773,3.2791165117367846,1
8.12107520218714,224.92655209441864,20316.670886564163,9.388653213255719,351.8107664508539,590.6380794703108,17.225434907434593,24.246732535948283,2.4850329833646123,0
7.422827712957347,157.3751216408991,28542.05021028558,7.569615528949751,343.6989908189642,492.6005969109151,15.227912778733621,57.97141321197607,5.1499809336754865,0
8.48111085185247,215.69282304308734,27642.1881316727,6.233539653804817,334.62513842314434,481.375149114314,20.12400749794623,46.75426759192817,4.13459328357338,0
7.502072522846682,216.74081385318328,19644.591750992782,6.723682798538255,370.9028196470969,361.2889666738921,13.461816440676888,67.53193631976843,3.4347028436178806,1
6.179717059278556,133.5450137710535,23922.87554411744,9.719660824587777,290.1310179175823,476.9100716230605,13.875510880055138,61.264952364724564,4.1429710422180435,0
7.611410182052969,199.4262278334217,14784.190797093277,6.748439492363267,392.8639434409349,443.7289031432191,18.286366435994434,56.848470354819305,3.3183252929591918,0
5.398722475238627,180.97053275384644,28181.767466682883,6.030942935419228,366.36977582216184,468.21738170584564,13.979052141660237,77.27352268274926,1.8865716670115908,0
7.239582767491489,171.42938597166423,21331.81157046123,6.0377060828003,331.22728797537764,370.88863611718904,19.225157369911976,92.20257911767045,6.276219473916709,1
7.031151913752643,240.7725161100763,19594.760154146068,6.252380160036468,328.4049126962794,436.5616708450497,16.070141376372668,108.36899513822107,4.117887903808107,1
6.774068219809367,174.88356664724805,18842.77393248698,6.180693598565779,351.1492893190842,360.1994221676292,6.4922767846794605,54.736049905650376,3.5105698293344836,1
6.891049858184772,169.86439033988972,21462.685003299557,5.098156399608196,388.74356352678495,252.70025500174492,18.177758070834727,37.684792547829055,2.461546446891602,1
4.3136819031184706,198.85809267796742,18087.443675023187,5.343763846823775,337.452102953457,506.88299218681914,17.301125751426568,75.21852776541543,2.8045631597888034,1
6.273374385620786,218.90533496082895,27784.18136953275,5.809673808509036,338.9852767975292,304.8019463896701,17.428910926225903,91.79734427604693,5.260503705052827,0
7.216482004677439,191.71401097784712,18548.5482193261,8.054682209155894,334.43480178139896,434.871738219067,7.954661567015195,79.23189078023229,5.141512068062804,1
7.314988896236178,234.70859983614832,35979.97261161414,6.51764508610886,398.1823514330312,453.1199020807769,12.085503228192831,91.73209281339301,4.557507728079179,0
5.569317542838842,213.82317000875966,34859.927482437066,6.792684531231417,320.44856465985595,452.5995573118934,12.33138700092709,62.844075204604586,3.1002399100403455,0
8.94059052607111,124.7721939204279,14197.723169442892,9.126739079902737,332.71359538590673,403.3343800625254,11.495888273375101,56.787011084777774,5.147779710622069,1
5.806722973124684,178.96642090952463,22625.203362068467,9.1661112969027,386.6685645449923,448.12659931737466,20.045763580568934,68.2204242597187,4.320830441996595,0
8.505102084774304,177.90225019430966,16309.633749722672,6.674242589842379,339.09297152676885,464.26884890933894,14.241048456803771,61.18717623522418,4.480841069714197,0
7.707975711951377,212.12659453922512,19150.295684585908,6.123235653120214,374.87330720204517,485.6025067609179,14.158983279897445,76.85699271653723,4.318013336665732,0
6.13004585452961,110.09226335698295,39569.83216715949,5.75420010439581,300.84633874352704,566.2893946356423,16.10714750714523,81.69323785911506,2.7945499959916393,1
9.689707012135983,280.1559491255515,19317.54064471985,8.214585716139016,326.3607282683455,445.13522938256995,16.164388520713853,82.92827939029864,3.035434458417428,0
5.325353857317975,213.8248277391727,25172.274519046347,6.7965625710347854,387.4274461492298,431.38578716588046,3.2415051278285034,74.45204641858524,3.572029830201478,1
8.431156635206703,201.2635805447745,26759.9782884682,6.5093380732899915,309.3370826723054,352.9372323100589,12.140556552035607,70.27661809166948,4.472038971875828,0
8.550856007523178,235.20813083869734,13241.342146683759,5.834409971282667,328.3120527027227,461.4388224343054,9.603669807510872,78.92810888948588,2.8932629758503463,1
6.094188292657332,273.405908715951,14517.271303895388,5.903927073762006,343.056604244418,480.14122856478934,15.605013168342452,35.44361761631659,3.8332297963435313,1
9.126923991094564,224.99144220762082,11440.6144847196,7.625691942559326,298.03195571973345,410.6699796782017,13.323766108554302,69.72070076430627,3.8322445820728204,1
6.71243162353954,227.55748648102215,14246.580802649394,5.041607539898125,318.8249023130046,470.220136463112,14.330932838499198,67.22757896157802,4.58833695767551,0
7.50437963504139,200.66578110414426,320.0,8.691892536184943,337.8506896811786,402.5717663992777,7.400099631172369,69.76027784447143,4.496243797773976,0
7.462673102993694,191.71804848682842,26788.569161709922,6.276525462772429,335.46707787261323,480.4329162153059,13.254389136274451,65.01817667557079,3.1820237753393363,1
6.882566150038294,180.73060375555892,40023.67987087545,6.883575208082168,380.05192203305404,499.9573929967436,17.971081133566617,73.2103611318897,5.098415212200096,0
8.27188816154488,169.215698832343,23310.06841790321,5.007574826137924,389.48826302123763,498.8281179104905,18.945277789068175,57.33851192740859,3.062672933574774,1
8.246428419211753,173.78784654287753,9597.335168323247,7.100461817577064,302.84109272588705,435.7329999954785,16.659437918679714,84.21258448248375,4.821946764682585,1
4.509657999339874,151.97722545204616,16378.721612548088,6.601252910548915,337.801244282713,342.1701736678261,9.859609878686726,73.86945698981049,3.5408869792882496,0
8.997380157030884,193.8761054159833,17991.011157991496,7.040872653806783,358.147333866471,376.7613062160144,18.44861996790393,68.77631597882849,4.097862243678031,0
4.636136777587559,140.99497673656867,13092.690213671576,9.445300059411787,388.58079741398296,474.3046633431249,16.676447464050053,55.40016368106839,4.146270218881358,1
8.597842920382236,202.64542614860378,29555.50903281717,7.400762912348579,359.74623934504103,624.0985224268677,13.892104297246377,79.25754727972867,4.124211803752861,0
8.736256551136547,195.17581291364823,29117.82616884876,5.86443848904963,344.29361033354684,398.67635445249243,7.577129798972746,69.65902344525813,4.496109374778965,0
5.476279347583659,201.19976325797043,11883.978369688,5.996114541336422,357.86884710585224,463.0462427905456,17.436399286692932,54.48602688392283,4.275338408388156,0
6.476102996706761,179.20753529344285,28371.042285311523,8.060307273743755,358.1300056729124,381.2753928300894,12.319929447755014,65.50644747614324,4.58124632129902,0
5.454614137325675,297.5064003678332,35400.007788494506,9.171935399769609,300.2524054768429,347.50372315423016,15.425808867691325,76.32063290543435,4.332403569069206,0
6.764066085475559,241.07700963892688,38694.25537363475,7.565430472786659,340.74774836117655,371.55691506431333,14.506383678707353,75.09831470718865,2.983724898037842,1
6.62718960224696,155.46188802221516,47134.06280515994,8.208166136396535,386.51407832997927,257.92543956265706,19.3720873984907,74.08013142233462,4.180443278155231,0
8.22610098243593,204.02437403372215,14106.112984022117,8.083385602871994,326.28612637939864,535.5810874335754,13.865035276348246,67.85922004775679,3.5301814760458403,0
9.006153856795825,176.38483808165017,46774.68004890482,9.362121773104883,338.4582016616646,245.99317426197004,14.229974016815511,82.57717404017092,3.104775267232319,0
9.131655201861236,163.0240513831273,18908.681124474097,4.0396475270928685,325.01545551412954,404.89004070132484,19.505216942484264,85.92005086510909,3.7439248837117063,0
6.253613000929896,152.32183102215626,16819.809085624292,8.174205924101155,250.15711782876753,331.00548477676205,12.101284373186875,78.02757764920328,4.112923767247371,1
6.772443845595545,210.57696262525667,24881.60873720029,8.67430294936763,334.5241290052613,354.7432347965802,16.97540863815974,57.13589339552551,4.164746521830472,0
4.6053458574352035,173.9730316732631,16911.02440989972,5.004816544305794,344.6867603737948,537.4467961334817,13.622581957272283,49.71436671832855,4.79369930120941,0
5.895371002250602,228.18244140970847,25512.601761200443,5.7206442692698625,315.2584888535642,442.45822346443674,10.961586105763683,57.822069874857974,4.989701112797831,0
8.498331900653262,229.03562139161554,10440.669677353897,5.775763257167518,292.0514206673059,348.19633637652674,14.283842866046088,97.20916691559293,4.232299047990738,0
9.454906750615901,241.53056584190034,19920.891024611396,5.968511489723735,301.9548825434912,378.57112052295696,16.56954392604244,70.84234456105737,4.37334297406734,1
5.265507158336515,168.35204699914422,33285.085132562745,6.358887059521869,361.39774044713926,364.35146257607505,18.760779570322253,99.9339876200911,4.044341045877011,0
6.2090775390452455,211.99526762344638,21513.820533926028,7.503312444626808,405.0670452979151,422.69107423930564,19.161237091494208,64.50447212162614,4.568435861646677,0
7.041183537270378,217.15877010103242,23255.492829379502,8.487765948844444,383.74114094032234,440.1813770476934,13.304330914313486,62.31850841632664,4.34985074829291,1
7.491836903464822,180.78376338433267,26180.791497035756,8.828480793274288,285.19533538542385,579.3913974246,11.012205041973372,65.23212841712296,3.9274992867909133,1
5.88988282571518,171.0018557604962,32277.54975640267,5.796239563354905,364.66623100330236,271.35373509972527,13.224974242398543,64.94641475755941,5.648546402263355,0
7.703369735362212,249.27494428405623,7502.354246551438,5.785369262049287,309.81331173825225,423.39681684440984,10.369133206477184,54.199525119845994,3.5439769765153812,1
6.383456159805753,203.84778943531262,27138.746802990714,9.198998507225632,312.73686836093276,400.7089747662852,13.560451679931367,48.282662811011505,5.1044764262325035,0
7.0587551618089295,217.27425996589483,19663.252494265435,8.141855417961459,317.0842018893178,502.70058652479315,13.149087911218599,74.30607861064222,2.913651517464989,1
7.883037844565439,169.34836149121602,23475.04275491481,7.250926450153014,359.2972595677752,454.88285212999597,16.68799257575889,83.03578431651043,4.6046208984321355,0
7.089440736622079,156.2921195854155,31306.9169268458,7.867871947376848,368.44741702486823,473.91717003776876,6.978354554483407,104.95735511150914,5.0905233143469335,0
6.438512740925944,177.65218591244434,11544.380964142538,7.072910024674724,330.23715708394843,454.0964146918788,11.851757698453222,59.56034746148258,2.4823691246138226,1
6.918873588229029,192.2934169964908,13136.003273646902,7.948843799215231,330.85010341996997,350.89579716583717,11.87853441229726,60.838622972153544,4.078381446982974,1
6.950106449968157,161.38908837591376,5045.730394298327,6.58901461952093,350.5584916805415,524.0923647716004,18.209391205470563,54.23771402650746,4.528022952170354,1
6.536083786073272,196.04640113966192,17199.487251000366,7.544711796413985,354.30732265840606,490.7371813419922,10.593175110802633,84.15272156122116,4.166531611219892,1
6.699569787879359,140.86883446818842,33678.29636260829,4.733337240416196,376.28879704225324,500.19396246927647,15.030235860438168,79.2523521621371,4.264961629773431,0
9.430011340641935,159.5540412234153,20956.874383599745,6.033300814175819,287.36279680509756,528.357894278684,13.855894948270523,52.57074164383873,4.076254066653798,1
7.904551588473621,218.42285273086088,10264.906811068493,6.050322340671258,334.5037880605176,459.96232488368486,17.732470763828424,52.17233616843669,3.1164866954379584,0
6.645643932497134,216.2165944015344,17756.032740199313,6.528463747533076,295.1815990552928,545.8889961767346,16.25220347152991,81.42115774305731,5.817075561881245,0
8.10452297463078,183.4890107217337,8969.664237305906,5.656109057447998,331.9389460346486,456.72705379607845,14.681316752325456,72.4430033045566,3.577240466613677,1
6.589285350058665,162.91608716064056,12149.324653319507,6.277001071199531,325.6060251032173,408.50787550173135,12.444052645113493,78.35979000418574,4.308645766247547,1
8.804493217252363,162.59924526134003,25422.954814631335,4.7272257814109695,332.0904747359563,425.6763379938393,8.148746314706308,52.47874109659535,3.465465051873367,1
7.623374022531198,184.10067275590902,11722.472557409996,7.986946752703942,304.87729202368536,424.2831850969204,15.09785352032531,36.78827889613605,2.1948267117838554,1
6.922265848313784,217.55532282038072,31768.810859607544,6.989628640119997,280.0293468734835,384.2379872618632,16.035921233133877,52.60180168695373,3.2488799584758046,1
7.7381438809411085,226.88143587448795,21390.562052623554,4.425771979713893,258.0870277845234,558.0829378367976,9.067188202708898,77.24608133227706,2.8408667800253924,1
4.770812056459306,180.04900185470768,22764.518456263562,5.8009687413362565,329.03914922486865,450.15362848635135,10.196472316072501,99.69138432307224,4.821422680595102,0
5.423651820702586,158.45470395788016,19573.530167199042,7.651830255548224,318.20362003519756,433.86581623205717,15.115212211860246,59.62735288514963,3.4966429474853253,0
5.324930240593389,205.1740203766664,28789.824755515685,6.262025324710453,309.35161279398966,457.5864425406051,15.402558981348049,102.29024725719817,3.5690087554396293,0
7.290126349302649,169.30040551552833,28880.23286291524,6.018832492981807,381.5769014467362,667.0120434975288,11.000957403595283,79.48625773334393,3.139822044169086,0
9.626797049243084,179.33503576063228,24951.58856571495,7.00214357032724,302.7199039292174,334.7553683192615,12.379845798089793,44.43188060205182,4.04334761099778,1
10.36001121490317,239.93182509266543,26965.72599298671,7.662884105581582,384.9843837284963,357.92243786820774,8.201221944331888,69.77531362227998,3.4111623572382013,1
8.017935119117913,223.5572841369568,20154.651083183548,4.850563117878126,392.4657129178909,314.6460560801082,18.8387435216218,80.02487437055505,4.7440366903724955,1
7.8162413781683515,201.56261564370521,26767.70846826322,7.98920300032425,263.2744571302317,407.4136555420283,9.977415711610423,28.150134689824142,4.205590672009546,0
4.4324451307954735,154.5620224334248,19051.83783053278,5.855536615060345,337.11866592822275,446.05034540528396,16.074878585032703,76.56299476029405,3.523975887134931,1
6.282269514390988,203.31860517276056,22033.655144770877,7.091673810165318,319.33496882118726,388.6072872928575,14.16428009573231,84.89381300581049,4.633181780432875,0
5.921957884694889,231.29954514818598,19606.225081243316,7.064036177707415,228.54740543791797,382.59467744135543,18.54855488095795,72.69015031754813,3.976193607958126,1
6.167354030570859,184.02292140628686,18005.549905524567,6.287235533181157,281.5706651141075,437.7177372722193,11.657638952915555,65.42665650755396,3.986767586438162,1
6.8328285866803595,240.78112013786333,15972.48837365959,5.502617601113471,361.78619091090025,385.6346666755121,14.482746471226681,63.67294778606782,2.829144775089098,1
6.386026850785223,238.86253766646348,26114.436709254736,6.668615254014224,406.7538609929851,451.27530859464514,8.65820693042437,62.75204689229997,3.9145528164274555,0
4.1704292787475925,251.05689819255596,33504.47347699558,9.688021888338808,366.40278807715083,516.2512775602698,7.863476169729415,47.85479849459269,4.220804818668039,0
8.179428076492774,206.40334156908557,32281.41033908051,4.968553451867463,345.476077556619,480.9208322646031,16.253864162594716,55.55774917085867,5.01018212131471,0
5.503067752162485,215.67756517262362,10997.492689739101,9.793854570185704,333.0090477278525,497.40468858442,8.371564472679285,59.830311900065446,3.3835229686754085,0
7.43169289024339,242.85433616744294,33316.82966838588,6.7096405496990785,394.5914377353828,513.963066833858,13.524599961021702,68.18980583997995,5.7469247262406995,0
10.128901524532461,211.07583871145724,19224.721239860246,7.17588683900005,411.4173647587491,449.06534361919233,17.627387932790363,57.61903127174807,4.40435728712661,0
5.728504650367958,179.89443487693572,27280.854512374885,5.402996918012131,312.5715055619959,413.390218685457,16.751526873673388,52.69383184580765,2.7848587366936304,1
3.3604773415628952,181.6263969633292,14069.091754415731,5.9013943216495806,261.50048571038604,363.80422934192893,12.080222034890154,78.38158644841458,3.3107454710132664,1
6.659573793836238,204.21130133054282,23258.860560313595,6.3254027529399295,257.9515050773787,394.59889259659735,9.022054618488948,72.24458233761769,5.078379348089119,1
8.6984106634479,153.9492460606278,24764.573300789252,5.467801946012899,381.5527790566552,383.8909721043801,15.9664279920798,57.896350204828536,4.939718731510668,0
9.958770757704272,191.661079451979,8998.218330138263,6.789909627354023,332.07930433641366,485.33644071423583,18.7228699512672,74.38401149535926,3.9841129156171924,0
5.272562096154948,232.41350377622845,27346.908148787767,6.476914890945301,340.40236264397805,454.233498236757,12.087991959616787,59.25370001657281,4.086935808385125,0
7.810147858157687,124.34348591219722,33814.21177877031,10.04423420504846,269.0658731145444,482.5150028859427,11.621034438672444,67.39453551502766,3.0616039864937425,0
6.395993628533322,246.8084266859857,20482.911291181663,5.277760786624872,306.55975269182477,332.44317865854674,12.542574502903614,81.77644474297962,5.000725337383567,1
6.9242559191729205,233.26244056877286,33938.99684163928,7.282251016462768,323.1013233856257,541.9096758215215,16.17202483277155,56.879002960768034,3.199541672315916,0
10.967184720115041,181.25753707765224,20351.00351339925,7.511597125404883,341.29127917477746,391.7057161785385,18.34639327723336,47.911068944461874,4.628898066676266,0
4.870633617259125,214.2312565121464,29462.592988127835,5.428893533130097,319.37488371365674,337.3176551539465,10.17690145433047,64.11122762575344,5.024593047558808,0
7.452997302397023,196.47346578341097,2563.376837414544,8.205187442815484,296.2910311933895,390.71681242474926,9.320687211135397,44.89815669475527,4.007561332291218,1
7.767508962495187,236.79978341057952,43220.071110130375,6.4906433196470275,305.4257488873448,626.9231298609965,22.025387825596404,62.02463700753512,4.7247368655753155,0
8.67610589766084,228.67079490284797,35125.11639144141,3.1820243504987538,377.44880355413295,394.8786000188164,13.693061572083971,61.97434695122679,5.411158972260042,0
7.224035235602217,150.3496753289745,19518.71274034202,8.162562387125213,342.62651615247046,399.9389541404345,15.117075153734923,27.547701366009278,4.179015663384376,1
7.532834293071031,215.6733155305675,4724.331922937519,5.355233403118265,355.9033470033736,410.68602075831586,11.989708917555614,74.76811653225093,3.833264583183082,0
6.5042766058899675,189.61101245074644,24539.300951458936,5.464515585100224,301.29470047489326,414.1999868149041,15.901775244288489,63.51898237943558,3.917854771109817,0
7.475616603630308,199.09270659292994,9354.862625928547,8.20688529096999,227.0288192376214,363.0589191226006,17.45780149526204,85.03850706021343,3.3904694359157714,1
6.575507355018806,172.43498961512216,25914.223280080136,6.57148485777885,314.87501034919427,437.7830492538874,15.272325327906398,69.79893932135269,3.372844641665239,0
7.993710678088394,253.83126546200185,25622.381320028668,8.570079997871371,302.46214016306254,513.128824531507,20.042240234917777,78.0005471538762,4.3150772757840485,1
6.536672806015858,230.55683202019767,13760.59189463038,9.032062430677204,346.3933033882188,451.6077195838343,13.198475407294985,85.16691113807508,3.8421191387235583,1
7.634337579036214,172.05372184020857,31841.865718442677,6.101013032690769,452.5260550124617,336.4167321958921,13.409859014252904,64.32282160470534,4.225503957943987,0
7.036983663883082,152.50134935086066,29076.74870168337,8.37335474360895,358.90329987672374,398.383407422307,15.045955022728245,66.38701831161627,2.8078498031149945,1
8.735293868635088,183.69294061975813,30569.35763737641,5.926371933799246,432.6576001601193,381.6410707977873,15.81902304662518,41.58522336713605,3.897757316354031,0
7.0044512263249255,210.65210197702123,22091.74752533705,10.64832314906884,354.33533678956763,430.48803842805427,15.034505437427235,85.947510242344,4.773491923070561,0
4.473642271735884,204.26556609051235,9603.864934832145,6.025127932840681,311.015911374122,533.7237995789508,10.02858626077865,64.10235200639109,3.097239063958706,1
8.935024606049568,237.56047595013217,30587.32112109765,8.741218156716807,346.3536870632887,414.1787812535524,15.314425200107308,50.53962922101233,3.9828906030249502,0
5.74857351773195,222.33466126808463,19643.681758354716,8.453188240892889,398.13227898512434,419.0862050465837,13.041485434300622,78.06542361190674,2.5234047374992397,1
6.118963482186235,228.23973387649806,9829.567835196936,7.619418758932116,399.9003922310495,569.8614778087981,12.356966083412923,32.02485060272375,2.9517396226269246,0
6.204377897756067,207.11373701806508,33867.73009055109,6.060541804961641,312.9873075189231,497.01620618698684,14.387515601233236,59.63034550528999,4.599975492388879,0
9.100423996961101,150.70375073796475,40420.07859597521,6.880791962732574,342.9300587625726,472.6015084070291,11.0973599049403,80.72406511991073,3.7287582512158997,0
3.9405589054513177,189.93738928120135,21652.45816616966,3.717330781547608,282.12629496868476,584.4466158325365,10.521854717979604,59.497126394497684,5.391216835120064,1
11.692490344480191,231.21514975079782,40943.60176027262,7.4745836606439555,363.58352409634824,465.7916474999042,5.622797742387258,55.07837083354087,4.307305626130964,0
8.632403509327096,194.6764413393949,22814.667228123282,7.672392223024849,389.91823882388,265.67874165679643,20.06335555736774,59.837238849528774,4.383864618613673,0
7.408161203769865,212.90658041666256,18678.54558331564,7.330929082116967,335.2183522717528,493.4977198943119,16.11947066623094,34.7034154993306,3.130344001081979,1
6.999305819094059,185.8927428778596,16486.715726711456,2.4221762493577588,309.6607402754249,297.5597965802418,13.893510758476129,77.68309486921844,3.6696178060613267,1
7.499764490040755,162.52008453842956,36366.76799982621,5.120294416758099,346.7951325791711,462.73655383514756,12.071491085905194,64.46208711802409,3.3985437780028627,1
7.846049969717628,192.31568061480436,15174.389158780687,5.938016247099113,348.8669693934648,287.7223817746161,4.76033314642636,62.10544090038261,3.138955443150543,1
8.028466911346584,206.52838945248334,28460.36515249201,7.580821114438693,336.7125380830453,388.4834142855825,11.868569419706887,62.16309591922943,4.4878366383549855,0
7.896738565025069,174.81754466130235,17111.77205035386,7.5771554709159155,340.2387645935013,396.8125721622263,16.649517576013093,66.6220384217865,4.64432237529957,1
7.211683601445216,188.62217138156132,17978.474741955168,6.851046408685537,327.4983313040369,363.976674944602,17.398596944895704,76.7047073354985,4.28117101145061,1
6.789912522148231,165.48984323592077,31046.526024460807,8.123687947834252,369.7738111061023,398.0192701069791,16.405986498826927,65.57895795528785,3.3241075892837304,0
6.857628273029338,233.15958044033184,18682.21956010659,5.4985370470214185,360.3872598682677,509.6513126223362,14.80427737354067,44.92699163520437,4.227969427376021,1
6.793484827881559,186.69123924808133,18465.155805685023,8.084171308996515,298.2506522622104,368.51546516838647,18.595823423032865,75.47588923674994,2.4781108468567883,0
8.746642042394585,244.12207476829764,31945.64932521188,7.870092525647028,297.2572556018483,470.2628344732468,13.192541794886932,74.26244402713665,5.001947229592272,0
7.952528381752867,246.61994184727968,36018.83947105141,7.716536477883899,324.58690856866,348.17585262333404,17.871975312404736,69.64116076187358,2.9574428630027993,0
2.7576287070435086,193.7060191395963,27666.23378404763,6.832376118884664,360.40929366516116,410.896539231752,13.007032111286094,83.35655541078,3.0960419936979986,0
8.044174141498749,163.22229016116862,16273.572780056444,10.012575243233394,339.130794938014,452.37945111192124,11.363422267614606,66.87907172703237,4.05992797026475,0
7.366262206236599,127.80653675890521,17537.467846703283,7.899249187814008,310.5365441781672,345.68053865305416,10.951090034801455,83.92640092336057,4.129244456988796,1
7.0524981280245305,147.98414140960938,22714.72549771957,5.590029336059377,343.23128208567147,320.2098718164871,10.756516845917526,88.59171780871432,3.9132560932076084,1
6.508877873959338,151.21204930558105,24827.757666816484,7.512322651662855,321.82450782446506,465.95867334827994,16.461515175336224,75.5830742047211,3.1041002060338085,1
8.73244569837944,241.68029665465966,13353.242356645289,8.308923735777265,365.6007806725001,516.966127070717,11.82151215966867,54.605086782984934,4.854011435010568,0
8.4728638993206,200.17715418214974,28353.12991502277,6.190788413699591,345.81673184332305,419.82075577522545,10.860674522934335,64.33750921921651,2.6549596231659844,1
5.943869828299295,209.17630070690365,22763.80502901618,8.841050150151137,322.3858463054795,389.2545440211527,16.642463577079102,85.93675965710057,2.813050187450213,0
7.678366862073067,123.38476143630243,6972.080557586234,7.723613255031297,342.1470884217591,438.7901280790985,15.36558199246309,42.78240855208388,3.886553437875505,0
5.65166460022431,156.99284347162862,13869.977875175811,3.4188842264887516,381.30583687120463,430.6933322354304,17.466179463219603,60.21889065282335,2.983897494161378,0
5.051961297760272,225.52831225178946,17594.277968500923,7.593481724193924,313.19356903361387,445.8389543148762,15.976704382312962,60.991444529234855,4.923647715495222,0
6.158725679852751,205.79626507401562,21375.32988466204,6.4784739360279096,348.3320233167284,221.90251344364873,11.787200669546898,52.75562883242163,3.0509925843779264,1
8.347718404402656,191.53136248960442,38577.8317343065,7.968744106975943,331.2335632955589,339.8156822308785,14.531898998511023,80.16530104021926,5.1844811787240435,0
8.481093816702847,214.93636832718602,24102.192620326532,8.611859447597867,349.21119033477623,357.9069551796478,14.69419019944763,72.34237367031307,4.777395289301827,0
7.834235567543021,250.13867388768423,14642.849463724078,7.4283560344840724,310.1240230107303,438.4016130600194,11.237584840451051,55.186609716410246,4.933343473695915,1
8.145890806666555,189.10433422353717,23948.41100644589,9.75109852963262,337.7675225543798,441.23079177551534,10.623691335748884,75.94893875211919,5.4419426667035316,0
7.838782082058989,198.65018541337074,18927.25573788991,6.837643122389677,373.8167334265431,477.6197452905569,12.026811473820398,63.901775979282206,4.033357780794697,1
6.1370220550222605,202.700660718698,24861.320180385654,8.107212160425123,299.91656769776563,447.02518115369537,21.021087600584586,52.36163158028366,3.179879815260433,1
7.714926140670693,274.9986437114561,27104.060442809252,8.391809266347009,285.7352995658315,321.0975989619994,12.913817048126672,55.15727667046999,3.8896538569004595,1
8.256602002084692,127.36415958854664,32615.693207261123,6.966193369149482,287.10679589944107,543.1424431470487,18.360789079490026,73.27652544921658,3.528000827781009,0
8.188808254825954,218.82754049610813,21801.16470656688,8.350463406604897,291.47225615856513,528.9937180995614,12.728733713621867,81.2081857842894,3.416830807439297,0
8.827702656067725,192.5964500832896,36383.23390638908,6.1804166802837734,355.2949836244409,324.53507699292413,17.222056492677375,58.723664966303026,4.087665680709329,0
8.121206655385564,214.99978663967397,29974.93352766717,6.452341897946475,282.97223095282203,453.0959148383777,17.267247379896475,74.98583983196032,3.726870712917958,0
7.596628865086127,174.76216415019343,15811.804799536243,5.046267869268626,323.01406224096877,378.0937554285119,17.433074581321268,91.34426306499691,3.3832764462327427,1
8.653120850325148,194.76051943568274,41388.40288841991,7.5014264038646745,356.12497542164897,437.4315989672963,15.563708502049652,46.54761132604112,3.7785861337819386,0
7.0410137489038815,219.75406574703084,24880.926106576997,7.633897647849864,348.83805844822615,511.3280036978596,18.83908337576561,72.0089138946651,4.39820320207889,0
5.783644262695255,298.69135830831107,14692.361395039501,8.983235790555183,319.84589846415577,598.3437257613966,15.532351638557529,79.4994402517286,4.716005421142303,0
6.840291563002667,222.9301495456461,36505.55889013889,8.370001206882296,340.6799836656295,486.9207513525743,19.951783404116327,64.89948739223645,2.7197193477110284,0
5.98499311213452,168.4940837927372,40230.44397827936,6.670023020497056,337.6522322167157,450.0436759442501,8.918065451446285,85.92772623519356,3.7335031526637374,0
6.087487935787659,182.44101925191376,21724.54991715996,5.258476094011843,325.6759318664885,398.74905138900647,15.432827479777169,101.07566009338046,3.8597522997297307,1
6.867557554048189,181.46627825742272,17598.47232772726,7.803903635981559,326.16043326782346,440.92831892641317,15.217801091293055,71.81471384405201,3.047634382662447,1
5.915142716130057,137.3472089156514,20502.839101763533,8.874990012415134,414.5683474921165,536.0931666998611,11.180119310383823,62.716289921975964,3.8766295282282552,0
6.627296551430611,185.51993539877375,28280.307443445003,8.313192258610231,363.0284960680772,422.5970853662579,16.198423774037973,81.80701887682906,4.085436575441221,0
4.296386439577935,220.45809191948075,33217.353201683174,8.833474489274515,423.43072415888884,354.60323664459634,9.347826343841394,79.6794259281595,4.374690945319173,0
7.39354174983822,154.48599024594574,27015.68364176705,6.785214540706777,315.81975237625306,295.3228619676014,12.114649881733312,26.67803584094024,4.030183259992703,0
7.08177204878247,230.83362474003297,22905.920765009956,6.38274203028248,330.70930718846233,467.66939816542236,7.6630193393082555,66.35686028044314,3.282859460201907,1
5.87887971232976,212.4031583690422,35147.503732966084,5.955695863473758,285.63697484290196,446.1933534319776,19.439053771146916,60.177166409524176,5.539383421506041,0
8.049091132595635,172.23575070681198,19271.380688368503,7.031683582750519,304.5222557724828,374.0141605186738,13.513571175041072,72.65604875517447,4.616718881864847,1
8.458228102311041,191.71792082070496,31052.3969509105,6.995826542369265,402.5151411926628,509.1222014984067,21.452386155241992,63.34600891976693,4.401121400826896,0
4.716886999377609,248.90683781716075,19488.57719241072,7.446550653091804,314.9136807651189,392.12621158883553,16.937764256779527,65.05677302488631,4.7537683804685305,0
5.958794575507666,220.4817166299378,25792.967408161843,6.915710017883898,403.14282618722075,415.32941093963825,15.76320508619189,52.78713478329875,4.160795154012172,0
5.949360745812672,196.65871873650212,21018.46087509221,6.908868187031701,288.8448878990287,424.8633713881932,12.339586331929892,77.98352577455417,4.9733146907071255,0
5.698342441369969,188.55734937149245,21524.421068680796,5.892823396304013,295.70762910859173,397.8495089078211,10.81658138187464,92.5000158325619,4.0143601212228965,1
8.29932801763967,198.88814014574606,18705.455602509788,8.607758041411355,321.44790367221356,445.2702559632228,16.01103590959889,53.032213360878906,3.9713630190138636,1
6.7950755760039785,179.54833185043648,33804.73460778832,7.240898538345064,331.4760778305145,519.2639389428458,14.043288629306428,44.36844228497223,4.465478213457139,0
6.691163183273402,127.186883747016,15588.358850913708,6.844378583829254,367.14037474914767,333.8860378130502,9.847015255743653,66.7154507766791,5.199558886106921,1
4.134322324322072,263.4963879192766,15524.303588487388,5.939061779866257,350.0708428771116,465.6873123900846,9.259198641357465,65.9481002254739,5.14939791992566,0
8.014064504407562,201.47553272368432,40609.32842028422,5.015577285582085,318.7343665995868,440.1221420908965,11.106690656534736,84.86561003711807,4.432421126642796,1
5.258290159565395,209.4571006045778,30587.104504264396,9.186583424227964,328.9619667524356,438.6356550655077,20.307401515631224,47.01559560099055,4.372957249689904,0
7.168100966491503,194.46657226154602,1103.249627407451,7.996329158848256,322.2490660789809,496.66375969152523,21.605949908617415,57.91644688986999,4.5129130806552595,0
7.487744098798542,172.2067107601828,17058.336623832372,4.5542098087394525,300.7244140053281,430.19372493179856,14.958514077592492,32.53071991676173,4.738784312402546,0
9.080168135882817,190.25866231121393,6127.962720045833,8.325764835121259,301.68901947121736,465.01732665459986,14.773000655558665,88.08349194306045,4.983010912742329,0
5.156034013294906,143.797894166673,13679.166031968973,8.577520248968312,370.9277238364034,484.05902071564435,13.166779569244284,70.35108878865945,3.7854644144769973,0
2.6413171309433867,271.2178331910121,320.0,7.316514273235469,267.71011950471313,385.45224815724316,11.186853497095546,59.091662946522845,4.9980878060731655,1
7.350258830787931,155.79159061185584,20813.070864754336,9.64501521528778,392.2313433256642,450.387015468363,18.831842680679976,45.54777878261716,4.237536188975619,0
9.726751436820955,162.4492682499432,12002.423424794375,7.462417034554155,321.3841886867353,405.94385346130883,20.48153786379952,46.99539256254476,4.4777266655499615,0
8.901251138820973,181.89867995181902,22539.29316454344,4.88141882584028,305.8615389649873,415.4879853808352,11.322782825871965,72.93298900971024,5.047920470796516,1
7.3881993404537,238.70904907589767,7766.278145487364,7.696967021656347,360.51490076579927,400.18421855058597,14.005804967414567,48.935907030876805,4.55270855507073,1
6.357294807120891,196.84691080576346,22740.997286485504,7.506937736706113,387.4557273510768,464.27800745506937,12.790942544649344,68.04016552305295,4.684476539259216,0
8.266470217056845,155.7382163844787,18376.423558975122,6.166790978930515,374.171236439567,432.80770893576505,12.889008662196925,98.61724046009944,3.6662535440397117,1
5.648887086434431,237.60010191809374,35182.05709499041,8.026222962266331,351.91693306386645,458.09310341313045,18.20535632547284,60.918543186160186,5.138683004124751,0
7.780245920953642,220.39799060243877,34387.780219002096,4.485088879418438,373.0592465185471,424.79442190439454,9.937407284838137,51.23802111852405,4.512635634639378,1
7.823041133974941,214.0683570437048,28899.39553107984,8.685095587359607,271.74577756202063,296.580980982273,15.824014676999173,72.42425362999008,4.068331259915588,0
8.638508564023354,219.8961845072855,19150.591863773596,5.732567708303385,314.9210442306183,428.7448817050174,16.690468135182414,47.06926424787217,4.828838021776621,0
11.136700257199283,275.0726756721451,39420.3765627379,5.563785122315089,300.85031403070207,431.34450215622235,13.809479615377978,93.5241560432947,5.988507788253189,0
7.656851471752788,268.19406919983703,8398.27252106439,6.940156859754187,378.0384437461164,445.8141776813711,17.236054507326216,88.53508217269186,3.058238888578891,0
6.331823470209977,173.79766667548168,9708.76867613057,7.804097226308944,319.9211043960907,378.23074385825515,14.76872759217896,63.811013569101036,3.34308855411984,1
7.042405761077768,249.74709971370257,21279.544293159597,7.379000020477619,364.33299296210345,329.60409219625996,18.308700039026732,52.24968652894006,6.06453814089199,0
4.479458419812996,208.96473839737507,41775.7605296765,5.946598518079642,353.14586990153936,476.6844629739066,9.241500440695422,59.68560910633257,4.3028219769974125,0
6.058771697299084,212.77527947644782,20240.138265521364,6.320378919916816,302.61622732704456,404.0998541664738,13.125553886067262,61.7373532974128,4.118878349332623,0
6.478354815973737,140.7450577638838,20407.536806378288,5.32979309114361,312.56733029145704,440.0482314934245,14.042298497163074,72.44885366702042,3.8799991215035115,1
6.309590055036149,190.76941989169,9372.530268585864,6.765005755424806,380.53857134604414,403.4652109442268,5.434993557399833,82.7950018330786,4.912580080757723,1
7.303961661889572,169.65248858563712,30307.27223787002,8.818533518927238,305.7540570765453,425.7201438592358,10.685496451855048,50.05419581293704,6.006772900872024,0
5.871042699398165,223.58829324554307,30370.80545224394,7.113264558522676,338.2927154324646,389.9032510333073,11.586986468072416,82.34204384545508,3.451152938227991,0
8.727915080966973,231.57641604824022,28932.093777969334,8.477874522519937,305.49895791216227,347.9791651604791,17.418561842865287,76.14090211403418,3.89443615279232,0
7.080304385429749,128.18163364209386,16497.56764039242,9.419534113607384,322.43376796486075,464.49225550671514,11.940348523698672,58.392159729979824,3.696432839717065,0
7.0663285279262364,195.64571402017964,15818.229219117133,6.190930739921592,332.1117073449252,377.4718656704472,11.572158552017216,49.26255340517355,4.541634681919037,1
6.597994766726011,233.24558766258707,10676.989812582033,6.825214260172524,305.48720431784864,439.45891917110964,16.985877933971995,68.2329899517038,4.923466881367449,0
7.3081303052727,190.23386250875706,22749.41951361351,10.550484720478742,299.0694470830225,459.3792905319069,8.924715762434918,49.69028961201814,5.234327572559831,0
8.292894449061423,220.33432201122773,12541.910450529642,9.402062590928313,344.12591839113674,378.78966445211495,7.424182136761775,82.5434469912943,4.568040260443819,1
5.8053185829049765,207.91280892090225,11691.40869268328,4.477600849216483,303.25119004628687,328.92400188631905,13.083129486770464,48.67636868347514,5.935079577170022,1
6.112568761059372,207.60037182428283,18299.496035979217,7.731694339376233,304.48283593704997,622.2619784554652,9.488090597660644,75.03732666618279,3.521692673098218,0
6.6335227376983035,187.45187667089507,17725.545306239685,7.120884787896719,299.84261938661075,383.56075470485007,9.61396153467656,65.12867992686616,3.319058369102491,1
5.101569742494374,156.38098896805923,17297.50850275629,8.425795915156845,330.9644032055861,476.5883405865596,16.17806585048722,57.55894557340308,5.116088548786643,0
5.8756909462093985,159.50530405413934,26103.517062755844,5.942933547373613,367.88537706721024,582.9380494407617,17.179473403490636,64.7783471453448,4.065809209285143,1
6.379955315889351,219.68641715014627,22707.12026244599,5.7934187721757375,388.2259449163253,490.0424450232631,16.89114055447053,83.43133458513137,2.896766547736081,0
8.36535209564771,197.0095928589057,19487.759804622016,6.051808269836097,307.5453203721848,401.9312166186455,17.95005074561694,47.598100660167944,3.7234708821227898,1
7.46596515363283,191.81710251976054,23618.606435480277,6.216352897006476,411.4922320709899,420.78632472328763,18.388154599248992,59.900291124625056,4.169413750195874,1
7.36457716971029,182.4367343088643,13321.144379416237,8.408212183558243,297.4699663340564,358.92701057290367,7.234366408782858,54.54500398488305,3.4659263744322635,1
8.330820004386918,186.3384426490477,22937.091909899646,5.25370214642477,372.9394436330692,497.45988826245514,15.770863587366534,65.79100780393678,3.178564664066221,0
6.878063471052887,230.78199068482513,23334.456693342257,6.136270038064276,307.6978901518819,471.9703359182226,12.52699685942476,55.602582325075446,3.808049273509817,1
7.6539833293954675,185.35052702899796,8836.532483235316,4.293360423007723,302.3048330268978,384.6392496262685,11.806025745771656,38.5173588075631,3.139663932117865,1
6.9282640231892305,152.28920287377744,30743.566154128468,8.71124616099155,306.8645124938122,341.9918538383747,16.134972432610816,49.76048088487666,4.465402210404581,0
7.470082653617454,220.8138338620055,14286.35797652273,9.128227557101201,331.88454013468083,319.4411016593971,8.55272196154506,92.22739664234604,2.45383221942358,1
6.223344773310974,189.63570405876675,22805.856780896633,6.603223979235217,354.74019426115467,505.93019664741746,8.48383051456262,70.29090389198453,4.0405314438130295,1
3.4949387773336493,197.40198210006236,32222.755543973035,6.649240003595108,357.98903088988027,435.9373525508988,16.377125782910483,69.74894958855339,4.375217712724476,0
6.882609631586133,249.2110989313519,30129.711040531765,7.8360906056069775,299.6643815453273,443.5829003810496,15.894571717961071,61.943202609563784,3.8993778329962665,1
9.171439760066912,195.69417447988883,22315.098714262353,9.449681571657644,298.0137133493427,359.7075215440629,14.732585090934698,65.58586706179841,4.822713859715281,0
8.44153664129514,205.8754673354125,18835.977866962243,7.7656049811509895,300.65267762184135,307.9443142219709,11.367486630366416,59.621865976949145,2.9009622373207744,0
8.49913430234902,157.61878484102405,30321.14483022097,6.017883730889319,329.7556518977876,503.998802972447,16.74207609046683,74.70966293451761,3.423150188926631,0
8.89711216105514,189.14946510122394,27929.296050293065,4.562260336261424,326.18497646454176,429.6071745797462,16.531802572720174,67.98975563167032,3.7125729759243065,0
7.2103266587133135,216.40512110600673,16592.741645318503,5.35810050499169,299.44065880079756,499.5236328792563,14.562357944807072,47.92910032579864,4.5259251641392595,0
7.370054089886225,145.2448653686384,15045.07457119737,7.235686731493695,343.52347750344563,395.02274404627724,10.383067353397056,70.40123541395312,4.140435917115974,0
6.172051713711506,202.97177821071338,3845.275480379394,6.084582513342745,415.5492367332384,407.07275010419147,12.872427975635333,27.625639870007653,5.641825466539086,1
6.615372901640237,199.68300255783478,23364.5225833636,7.428048975465399,315.5395832092776,483.85162565271327,17.053229472605906,72.92655957891868,3.3414870003603636,0
7.985183590163578,197.72711866515914,21289.059848942343,6.2463800543467505,318.1128827817043,485.39104831655885,18.673002947473915,44.174442367688066,2.881908659107092,1
8.84971012263816,230.46141299889646,31975.341105507337,5.44812863855483,354.00616915152267,490.66127796925196,13.199163842824351,64.8852112910979,5.365489406687788,0
6.8750139747489305,207.3629939830709,25162.008587213873,5.260290022304147,313.5843792166322,402.3547867367711,13.45358247655465,47.560722697596105,2.8539303045327413,1
6.418221780668425,244.95422329897633,33711.58421802663,9.588520124809703,357.95637636929507,475.8715622745666,13.744809052437047,66.44452185663694,4.502788914891255,0
7.080776099519198,163.71071262242404,15900.13742008651,8.524600643710157,307.81186657700545,515.8363278051736,15.189895859495318,75.51945224898603,3.2066373672228643,1
7.963773920925799,200.8378405244671,31992.515726169233,9.854218363888174,399.9928026178436,417.7433737360152,12.35666723680132,90.09958313438588,2.3559316863388053,0
4.957533420283694,199.14642326863756,17376.958453622294,7.973122423193063,346.2401675094855,384.7150053234187,4.7002474594380566,42.09278978046899,3.6776686408256793,0
3.7046139988882603,161.22360479027054,28831.45352082706,6.440613574388554,311.37237062036763,534.7174338240278,18.22806539545189,81.7832085109338,4.6716099707321845,0
6.2707108312473725,227.80341671874254,9224.81965825313,9.210878657534103,312.5046819811804,373.32424027171885,20.220420415108038,68.46827816380274,3.017018550991003,1
5.2855527339061865,272.7820115633821,24075.57525066223,7.067752557848407,315.2112769371316,477.07799573182086,12.252956464705091,59.292978999955686,4.419353887952968,0
6.333033909458453,195.8110103317165,4613.874339117174,7.468929997058757,383.39117293823426,421.48889308688996,10.749377348878857,78.38293708478768,4.5650335777254325,0
6.862762931338317,212.97004317155873,19672.034219126872,7.05233748106068,287.9273385852896,277.39308253188267,13.826197270888365,62.679465098386295,2.978081689614943,1
6.4137248387361705,199.1481223000498,25874.77474574626,2.463891333531257,309.64058802959346,517.4116865929441,13.659362144857761,77.71545624363871,3.792346194804351,0
9.215127275671996,172.91447190015114,17446.6388885902,9.655481319425869,313.4815874727151,203.34784819627717,17.575166490409394,50.75190662397153,5.200118361415188,0
7.560314803965411,136.52160966864773,12804.66170804182,7.895786234613251,333.2130368814042,265.8726109253176,14.460856551845074,56.417636800687475,4.47746224357172,1
7.5216973086279175,173.17122561065537,29432.205227565388,7.641120436172246,323.9820957077448,468.82354372283305,11.656418431471383,81.28057283257084,3.766035877630704,1
7.994644501743801,150.6163280181166,21107.007924970356,7.022393821612514,279.88702617354863,468.80262356517846,9.916064718652857,89.82476625670556,4.293930475378057,0
5.40591531686227,252.3838353058032,17721.911536233285,7.378215956210087,319.3304082148598,374.68717168491634,17.14524915175312,65.84754695035957,3.435494619393051,0
8.607494327507794,192.58634436074314,22381.401176821408,6.176299281362929,330.1822383096952,438.1555031174052,16.264382208253664,22.444453647139355,4.83868262914032,1
6.968626498792874,184.9996316542195,45130.374801339625,8.094195376645489,311.0805442402166,221.6451380006794,17.79045319648392,63.26099281326467,4.838342850389669,1
8.065606507344583,225.59648622077518,32127.114789690244,5.054784615849371,358.6000661741826,483.3406872838691,11.075301855113178,66.91135987805973,4.064306613767123,1
5.504369867430972,159.49804124912697,32206.64074094648,7.413988123303464,367.0074206151568,446.39031660880113,20.365226137438768,62.729163849548684,4.149950802037001,0
4.7959746139563855,171.16317907079036,25832.624754259425,8.007286083502345,330.9471046717797,422.521601022096,8.508371181640545,71.70405911746543,3.1909384374955754,0
8.282297797296792,198.60753549020217,23473.70467629654,6.806102768559813,342.1117729487853,427.89420017155334,16.628779380838896,58.87913044179024,2.9154115868870933,1
7.633322003363349,230.1856367480898,1007.0854792809259,7.705971112104219,255.67943625579733,466.06986997815886,7.959281040578254,79.62899347289249,3.6762482997256063,1
5.75398421509446,212.86038743469808,16061.313137078036,5.553691660269885,318.5613458140714,423.87446788613784,11.664003126578072,48.000931689031475,3.9018266664408814,1
5.8015952705261995,204.53244743449704,17800.78358733887,5.593993701984377,370.09425594013095,274.7675748242901,19.446985899782746,85.9051041149748,4.798849447962631,0
8.73438913308971,198.93772995720786,5576.480049320548,7.494013051221701,318.47700188390087,603.6956078717651,17.031815682315525,90.84474305386644,4.689493645482282,0
5.331564517485028,209.5257525711651,11866.759561549545,8.192108454301263,307.1353630151945,523.2467142180132,12.472010424737427,52.00104793078896,4.114169652920093,0
9.494729241286265,202.9983309915986,4647.641067032957,4.157712264307296,416.09567778675785,322.3736218674303,12.562649388260212,51.99253075023971,4.898620407810774,1
5.756087520067633,162.51481132808215,21678.096117958925,7.944792603475012,399.52144965367637,398.3194604051867,14.613059186865312,72.87666509827163,3.2340807805247653,0
8.018436130644323,197.8846240150817,29192.399582604867,6.261741629405387,350.6781573371051,407.1360770934903,15.981806679417991,47.677534138354645,4.810322772077129,0
6.596930840648993,161.07785378137348,31717.436762918773,6.815366382054289,374.94022949888887,513.3918334695893,18.422727756679727,58.63165272271642,3.3534656028074155,1
7.966685523691044,199.0351831851501,25650.600779474986,5.003561680767241,253.33469399499506,251.71947733680955,12.769865444745882,83.78685010331135,4.93696173345011,0
6.280152416892137,180.57110216328152,13567.772695553671,5.774444760505001,305.3178909356785,385.88514215142874,8.944991439857361,78.03205867580171,3.959589757479415,1
6.840694428073728,279.83947394087267,5075.230380269055,8.646478014337893,316.7957224635223,283.9329690138963,14.799566155531394,97.62769630844483,2.411336392300565,1
7.1401511878317105,195.05867160608125,6611.21803254617,7.171924130888737,325.2516792269485,403.171431365912,12.765903927847212,69.09326600765529,4.539522587944525,1
5.606784440001235,150.2126454569816,10888.627879217043,6.515210125298898,316.07342308200094,388.02720282980886,9.974902437282639,56.76708470407302,4.601445692410609,0
8.169011787767586,191.9594964750495,14221.252589590693,6.935948402842965,241.6220498245992,432.650077585197,15.265284109685348,67.20811017876814,3.613867557498906,1
6.32557605728677,213.44132196911738,20613.53817595322,7.892954682969596,347.73092972012734,377.3300998160679,13.574593473952866,64.02522188752584,3.6804175288526673,0
6.743958124450173,251.37347291003346,13122.6790419107,7.815981303938074,353.4276601960611,365.51979974173173,15.29455540341502,64.24649438786656,3.8455546816900092,0
5.618306419325487,176.99469961401434,24985.96962424519,7.001457339373054,391.6726223280619,476.28445726137994,11.319389697380432,66.0246155233303,2.4683815861515086,1
3.313369521570894,144.35559249384295,19977.69477805138,8.846875395216736,305.2905031710328,462.9521041955699,15.8910118553774,51.70603900149486,2.125512024985788,1
6.799189188977752,223.21943256573635,22106.546680347274,8.653330966312533,302.33230347783433,470.7685000799097,9.920404968741021,70.85057399588705,4.985267997741704,0
10.626544669770986,150.98972053707848,32010.928852895566,7.773127806026025,236.92536067724407,411.914703687435,11.54020910010431,44.18538026744703,3.3272272194197505,1
8.233368303210096,182.03357063764898,11666.72693296649,7.206286616997912,323.17049452560536,380.0078051703824,13.47595389510111,55.09564439328904,5.417106005469564,0
7.05168724179044,187.90201464125363,25684.9693399422,8.158567330288871,366.3461797675869,416.6055309279015,20.045418953516652,64.52528190528508,5.038913404888353,0
6.693550481063847,194.08114839002545,21891.583492107715,7.61654252644587,311.6707094603551,466.7089068822316,16.877771969895512,30.766844259421326,5.192412345130396,1
7.113024862433709,219.0228357040334,19090.339072894058,8.796064113453397,411.2440957421674,250.3044323644649,17.845507189126383,78.52699652815936,3.4627668170756194,0
7.884265099307559,173.89894114124644,29775.335773985673,8.541306975246526,324.50666263456657,458.058185093269,18.97052498036581,34.02175337970485,2.715447074194147,1
5.3442051614959984,187.37251948127857,29720.609266256834,5.511158835759989,339.09230115418836,451.191456918525,26.205374369533992,76.95939788546427,3.122231800856403,0
8.718052891163243,195.9009334985536,13715.987498686374,5.404178190228104,284.5174546677812,431.2324147207876,14.417659813618416,46.012397497832886,3.621765312820729,1
8.131610533698629,201.28728486364255,20417.04626438329,6.01202571984156,344.16014327463455,414.14398237854994,18.981527055559823,60.01443224760582,2.1188808083765007,1
8.135733016790663,199.58557923264942,24479.537499901497,8.662299130305735,262.24738261402354,218.84189242280164,17.631822692070426,74.58669030239251,3.5991679624831496,0
7.724559336050299,210.7015098315662,19620.577048533956,4.629431785101432,358.850244094175,390.66545780885616,17.57686758594791,101.06466022219143,3.812691138541334,0
7.108836486810166,224.1070046819239,27143.106575073554,7.74371667479063,359.9608342891478,570.8145422421626,20.152733135713,68.23644768844491,2.9603516421623786,0
8.069106016871226,209.27588338144733,24479.365095183504,7.692818083926879,382.90479207552147,427.25255369487473,12.892073867441383,35.133982804293765,3.158421623368251,1
7.949966776599826,211.27935615774803,38080.575883286445,8.956983932724185,296.9183305037357,401.377908136696,12.629352570770584,81.43977224166616,3.797933153478975,1
6.559560154916695,144.36232450904328,8597.780851102289,7.404935131248942,339.5827149552687,427.576189665637,15.338423849624961,62.742646755373286,4.247903507682035,1
6.236805393841555,198.02098447157593,20940.665517606925,4.997729162877437,354.15633045622826,454.87919551382936,13.675263754938554,67.50242794081565,3.2751583189598095,1
7.22972875403512,212.13141310281287,14049.039525994973,5.604219162175966,349.76405840925736,479.4492639733556,15.334237823423953,75.19749998132768,4.19795703546949,1
9.357059622697925,220.33029706553071,27310.43900654885,5.252447075401437,302.50808419662644,407.7141940152067,19.45269847852547,31.305789619596894,4.076739886230527,0
5.258512598788766,173.6124300509352,7835.972090436002,6.270048533193639,247.33377451144105,460.54775306943355,12.697334347842219,66.50308608878404,4.006570970034345,0
4.922737859343913,174.70737903441025,25050.29318246493,6.831015523470196,346.3191451294051,561.7001513711455,13.271512633814751,59.939127355446,3.46142898339187,0
7.32219843661768,177.49931080342813,16490.310491229884,5.2786023885707305,328.2686616258795,507.5251271021577,14.85696942167297,85.66833646770704,2.9299639150924017,1
7.1548049217283465,214.00192488942847,15577.524062487862,9.443645945230617,313.3005247703735,615.3296604434025,13.524266009856689,77.86658404785199,5.293232544322578,0
7.3348122466245,230.35367027535875,9332.307554971982,5.026055432315143,361.3889854446769,373.13638734159775,7.944640709275356,40.74217967773501,4.461638614836793,1
7.438611200925496,182.97678627332505,17936.662212188156,9.24684340970272,332.15660789109876,561.6628741012378,12.359777502666509,86.3116096915445,4.754470689387376,1
6.751892685686837,226.2147212489211,31522.15558418251,8.992557589674158,286.1042907929717,362.3156631578551,16.55520543180614,73.48901064028654,3.904768845825641,1
9.27009925474506,200.42878132724022,21793.25501809984,8.539318028508676,263.97731427206253,454.78168031809685,19.038279745587058,42.00000000816276,3.8420601550370925,0
4.726671151639522,192.28472650467072,27517.10859000163,6.0238487601551345,292.9792675980874,485.4014283277308,10.458212541450123,67.27922644208104,4.3527145509658025,0
5.8621093735730385,189.42180036588337,36608.387720797386,7.6610723890995045,420.26346433287165,384.93409512219955,10.44277525854591,82.71920781550685,2.5389430866472487,0
6.9282155025809,220.9111155544729,24326.495875924033,5.101753608990023,359.90115260993036,433.3183932626962,14.38007388699438,47.25452812951758,3.1005780939045473,1
4.664512447603374,207.071742837791,17114.965627827885,8.559233115353324,340.5964500389769,499.7843616891333,7.40978033525436,88.12439458628224,3.3477355951378693,0
6.8214940254848555,271.17638180677784,26110.59763851701,7.003104045172695,327.214774091505,368.8130087074147,12.807148628112607,42.545844232008925,3.6154381904174255,1
9.522361143620188,168.35737598467796,17242.12049714895,6.473274060953037,324.83921915029964,561.1128773660454,8.533700782884887,53.922347424277056,3.2838373700132797,0
7.110703137795064,213.4000029457253,17591.700318316558,5.186483142283095,375.9624628385977,314.3207467557829,18.81159290247856,51.530926925904566,4.229589557695582,1
7.419130331406465,178.97516280749556,8688.840250396448,3.2055403325661533,316.04986988760993,582.9564654868807,11.73351387910016,88.1142449471532,4.033528842881012,1
5.227557795196307,167.79653673768328,30134.802463559816,5.479105445883506,354.62990364213033,507.127164953155,19.750881156782178,58.65667552661917,5.056434458006074,0
6.173948730181968,196.01279720566046,18629.916638688966,8.878221149068393,321.18781387646175,418.9592761769522,17.9657556799471,48.06237586803607,5.899532142547799,0
6.528461320923813,200.8847759981093,23610.5872036642,6.48352318300981,403.89726067451915,393.6703818499597,12.14068974462155,73.42097556047476,2.9849768126842227,1
6.612958807768336,292.29036475482525,12931.573500662013,6.852460405758225,360.6063066638799,385.23704608385736,10.731813602039482,76.82682422164717,4.084898066895388,0
8.96401637865554,190.31712703849314,25836.14313767038,8.155775886095755,378.79442328266623,415.2363543108306,13.63936357025528,76.92704421490346,4.08351018500144,0
7.899805859265933,159.22102516183847,15333.97591878495,9.9729568274237,312.65943074276703,422.2910494282393,13.933619673705346,62.120981364385834,3.9589255055835637,1
5.446156803302563,205.34386228404045,20771.697043834116,9.213507354814109,372.0210391081866,527.6448329905405,15.425746384482448,70.41400592735268,3.1238368346469088,1
7.442362024295047,128.1765819658509,29710.1927158606,5.583710693970422,322.4834518462358,585.2969378520781,11.709641711655108,56.14582423016417,3.2545859923988107,1
7.812385970290274,193.3473805557978,28946.858764984398,4.050738497128898,337.7566585369331,442.32189138805035,16.750567031358493,92.81162246104648,4.157516377294574,1
8.756019086626262,196.89675102904192,21820.947287327304,10.848190529378165,392.8706228161872,357.8747618855762,15.158235862049667,84.4441153520356,3.232626942820356,0
9.40339480925551,222.4885145874091,6512.478566122678,10.705006746421937,296.09410944882296,382.10987865618915,13.153292031270489,83.47822919397146,4.094232138290266,0
5.5878115380130335,228.37296333869332,48252.748614152755,7.417756682358267,341.12537300937714,411.4144336955621,11.923145430566343,78.92320828822481,3.778159168054428,0
5.888039458520803,179.81766662650332,37320.437139947746,5.112628571980721,349.60951004286676,342.96583267096753,13.668030705943348,74.59619423554118,4.0804931644346,1
5.231360547395514,191.41931733911412,28349.946405005438,8.641897923552424,352.57295832214123,330.9397452957027,11.576056856450744,46.77640362495785,3.2264256330611416,0
6.735990807112738,171.18760829782724,15410.579209922194,6.949385776100076,317.48864841960216,595.6788500318643,14.473432080064674,76.38716049575157,4.092826009020938,1
7.765546810436112,159.2905838234711,21018.201392161685,6.941489825491556,409.177584603204,450.66419903171675,14.5628020480779,68.20196267809857,3.2828569848882596,1
8.53138173938598,206.55624139824147,17249.798105450427,8.533244972106104,286.98116166380294,358.88451146729113,15.146251108306682,86.323251619676,4.095342574752396,0
6.9683519952454915,154.50724301762978,33094.605704924026,7.648312100059812,386.5041179451774,492.19973452060674,20.126262376013834,79.1330005061709,5.014728975502543,0
6.6098241408153795,182.74121377820288,24315.513219762925,5.246412440596386,377.6924709860818,330.9878496543588,13.841607977794414,75.07950001431315,4.173567403012536,0
7.303084248605648,163.65863193811208,15139.145096071923,6.606907742570481,402.47812085627714,337.64126641154013,17.605218940182034,39.83977494294945,4.221058898258785,1
5.852339934603866,214.43808633336084,17886.871772300237,8.164621627284928,276.38147265269936,361.3161435699983,15.039934283989572,64.99646153768443,4.607421083648088,0
10.151621920891317,255.58300736288948,31843.804319183146,7.92619851139993,302.38043002766585,559.9112182267033,13.491411360716116,57.602039061319346,2.8752244913108553,0
4.716738290136454,153.58680300525452,36042.5158455799,7.533986187486391,387.6988221581017,405.77476188444956,13.885582816461415,70.37981062436708,5.31075882750395,0
7.351568650976715,135.4612824671569,35413.32433334352,8.594808268071866,265.9438049516606,228.89565838841003,14.085284585653753,59.84680375934951,3.1466398057623515,1
10.05470114226757,192.2649680785433,28651.164231703184,6.548487159248722,275.7225753163994,523.9954280599197,15.206031112580396,62.04833511100857,4.656135577947771,0
7.0899957715031965,196.88598655313152,19799.26967148746,7.402298244846134,316.13255658824664,401.45132196203986,11.104648267125208,73.63896468037872,4.552589790059932,1
6.800642618547803,203.5573314131124,320.0,1.7865850217193913,340.71865552080874,276.759339044966,9.42972333079716,59.58518194902041,3.266310238026287,1
6.554555228468672,181.6994446642471,24619.360275532155,6.4095526937283545,391.3230141616667,400.61880733767686,16.44572437239985,68.31749857908218,4.756931186678075,1
6.814824227809261,189.77498624760807,21998.056850599238,8.326966595549518,327.08448983441684,468.3123248846422,17.252789885843967,42.43887448091219,4.358293957802381,1
9.0980872577745,208.4500671944696,23241.345234331464,6.503176741954915,311.7982371889475,458.8612131475292,16.748054606577277,53.27302871149388,5.444183342633761,0
3.8285629903456253,230.56896344123587,22486.620437829937,6.383360721086963,345.0336323483489,571.539914466309,14.792957381421925,76.74580705479069,4.120835426046209,0
9.3341475409056,132.10754691963805,10386.444585894493,5.474504336195787,350.75121690625963,357.2978290257239,16.819513516870384,46.999870319696605,3.885336201412374,0
4.986782985898287,184.24296063903586,26901.01902188242,8.70531811051205,349.72640717323355,429.9854529186124,16.64145007611674,86.04508447379928,3.5684852282238007,0
6.68802107602541,203.39789505684277,27556.87583486946,7.986571972194102,327.3475784446384,369.6778065980777,16.8870531781409,81.76627783310184,2.6101828883460847,1
6.449010702160967,166.1961254414451,27996.311040236906,8.424155064560475,263.12318784299805,301.58539222073045,11.434919881357605,62.17001391969157,3.7217824994940956,1
7.945173306562958,253.27354579619114,30312.948303038702,4.392581940106535,300.6173581536971,497.7694669560442,10.649089551418172,113.69003684377387,3.754799252478076,1
4.730757202730891,175.48407723688143,27309.949702906204,6.866488931640299,385.1085970215661,463.6468138828111,12.993835793249984,86.00374342266758,4.1744053823947995,0
7.759393819140456,195.0127093780706,18419.267842273715,6.677424607754991,340.5406714184743,449.1340555201643,14.22245859741381,51.42986217925056,2.859979573511677,0
10.055735146231672,214.6464463232061,21393.047061844616,6.6766967035742875,322.12405061547094,460.69891551723106,13.47924106919212,78.16716482684977,3.7835704752742347,0
5.076134213248569,176.93446899208175,22813.002669929825,6.146676480925629,374.19061133823544,370.81693877424874,8.068155003271631,67.43866055586258,4.419476085777251,0
7.358868066387282,135.6731439186688,22958.31584119102,6.573155250587576,292.9375849061862,344.9397799938168,19.97880254616732,54.151250327147096,4.496897546884163,1
6.106886198638985,182.28012570025356,30765.693779965026,8.46243875667651,325.63591844761186,429.252284145006,13.372907776788216,49.52753281226889,2.519344162612885,1
7.706054193103762,230.20771107332183,27657.282001561372,4.09769486171043,338.7585887629897,520.0474934288825,14.851651618869717,82.08946789118974,4.520997154749515,1
7.108147232801156,185.2962571825725,40226.637723700886,9.928125733488116,317.8286170309321,556.1587133160011,18.399457159425722,56.97040002287742,3.7776723477652365,0
6.137014243704865,168.54770451104338,41358.711034514294,7.884468977541809,337.42156841966374,490.48891703710865,6.51814178788481,64.7934098810657,3.825691515551128,1
7.797172258760479,226.79684552635447,22712.396210180283,7.053115604856864,326.9967413184174,428.5675854271298,12.586293283972232,51.87542111186765,2.1256780115124467,1
9.732391721386513,185.49742916772226,320.0,8.552797951269223,283.20774225301847,448.0112393348088,12.998641824450846,54.60154932880123,5.134985506795147,0
6.799371426160871,179.60101405531736,32857.68470200495,4.8261011026338725,340.33861065110904,427.14689977208326,13.166813749558365,64.39832651487289,4.10790313030881,1
8.138044174957827,201.282621667233,17276.486349542527,6.069772569861398,285.7733662547249,343.30351871888917,13.705759384736815,72.52163475625987,2.7754608673122885,1
5.17888875192939,221.70455939016955,14987.296116005542,6.928700816822925,339.76533062099554,428.20175463319396,19.070016182852434,25.581575990793667,4.262657228434844,0
5.674038526077528,274.6569237880488,18520.828631754972,9.27758538528284,383.4412686847849,318.34264487067384,16.509148878657108,66.66682523285965,4.238693183860679,0
7.774437228484155,223.5612508586995,18098.267680675577,7.046535401820039,323.62382165044335,416.18331935861335,17.451096739161425,54.633671631534,4.9235844392877315,1
9.261650561947869,234.49393969518488,27382.0002472503,7.831086380472531,291.44259968284854,558.4236539872885,14.435968099694158,88.51525904491005,3.7284427599531154,0
7.60275162271492,179.7388910392692,8342.157854171184,6.188465186420919,329.19066043077197,492.70525379312267,9.648075217258391,112.80720922750575,3.9793569337720975,1
6.619804695130963,162.6497153567833,12565.464345873497,7.889210468968636,303.71256415404184,351.61273872184603,7.396202813666717,60.734169618779916,3.468609915814432,1
7.078958365972331,198.41883146198057,25022.639971116216,9.770038556899642,355.2655553551013,420.3570068822071,9.217660436103301,39.24045559755293,4.436399918914336,1
5.2419006310645155,199.89267511458294,27475.583591760467,8.6929321728451,328.431686664524,358.7840502470996,15.470824480789524,68.2431498156158,3.3588775334934615,0
7.968637529742389,160.9192861913457,27638.63315573235,6.99129953931095,395.57084391515764,421.1582623935996,14.38515774902917,63.160379473892164,3.273467396677421,0
8.377029601615412,190.6080688020551,15113.961924247615,8.187275538679442,375.81044398777897,510.3419226533499,13.584358326589614,97.48819973475035,3.917117920531662,0
6.415427210735372,209.49556956850785,13437.410051783543,8.032476788279395,328.24767056804205,478.9795714948233,13.060010438690147,92.68211394503231,3.0138262583830135,0
6.389038042793533,208.2161308942443,17572.30588616954,7.920408521281695,359.64211171654745,626.9536831650306,20.938798414715492,80.04696328630783,5.219662350460603,0
7.470840997588511,212.94594174074103,24117.10959001321,8.876886310159446,319.5684361728547,522.5740988966369,11.55618911386787,57.147834339276386,5.473268047638663,1
6.438021988020324,205.93401067961776,35037.61175620738,8.865074772063197,335.00720182986913,442.69527079488824,17.351082399744154,77.08837874867127,3.6161997333709843,0
6.982785056500041,179.70462536979326,4063.7372817951073,6.919089416937683,320.71776814389966,480.9304894097114,14.28633181822949,70.57915028250716,2.8884558948854115,1
10.166591030074777,179.47808640205253,20078.9102201319,8.134168917134875,361.4797183889684,409.85056709424464,14.07829021598835,70.2056669160314,4.232541790343608,0
6.716872219903385,156.9604675479413,10330.191591490604,6.514710024567526,385.56819632028413,335.09638179294024,18.174670285921422,41.82671528808469,3.5939600359842396,1
6.553239976528803,255.03555553801408,7528.498431826165,5.661545613821388,362.64314620788787,531.7298052914146,19.12097556670868,83.144512487414,4.886251283371865,1
6.128113545716316,196.81211348503618,30491.621309766437,6.694199865987701,367.09878877045276,507.7466012508464,13.487091297711185,68.10013733746818,3.3560256554866754,0
8.173962198104906,188.97908005602324,26788.938908287837,6.99948052025146,367.13842842169925,406.73040891866174,16.92536100069149,64.80973194922205,4.394720313494186,1
6.8136004653693885,165.8406042826577,25954.377004018315,4.494702037098772,353.70238903317636,448.3467469014214,15.484480408716678,56.935532073710796,4.058914999725521,0
6.125421633667504,292.86507524951406,30088.935372864755,8.479325443878418,292.6061982061409,526.4902957325662,14.304616929460817,53.88466780046625,3.4425160217215405,1
9.022316927441327,161.08970758083342,17808.28409670503,2.747625832288211,395.2531107117123,494.60365875170845,14.956083860194756,71.40316782676955,4.1572388662237145,0
9.166816416635047,182.27376868532838,18221.057387675202,11.409410764388388,398.99140727688103,307.97678788651183,12.002690822863586,38.815702614698054,4.655255395610383,0
6.197377358364103,210.0385568087228,41176.893034848654,9.492969031398184,325.32759113625485,445.8969339365927,13.266811008074109,78.85039543968118,4.03774184486321,0
4.336186271499894,216.09900018401441,19852.34485596383,6.707606215807744,320.3829773440872,412.6636964252853,12.358097224018541,49.776757258578044,4.0458820387984815,0
8.561045124060275,227.85722665493952,28459.16231553122,7.134893649690762,355.9125571363616,516.1515864973968,17.263556931379725,33.93460557854255,3.289228926274134,0
6.073594156132794,255.78609165037568,22070.038437379804,7.598695560267908,353.68637586353185,509.52856372102684,13.964884307559082,95.13128913215336,4.862479742365226,0
8.24221963076927,213.0074021349936,5809.982367340617,6.189126586977472,326.48166907526587,532.7666985950677,9.984566578524221,52.86796723182023,4.784746330951684,1
4.183947387963602,161.65826760509566,4088.357259003409,7.42433825318736,288.604072807064,335.87295848802,11.885422791330178,55.011550022802865,3.649763832824533,1
8.392118087299984,187.92421373724704,16938.002177416267,6.892480035231376,344.82804103369693,362.8459469329153,3.69043402434769,84.29166947999734,3.8730550016032637,1
5.299577263957252,206.4884500845314,31273.172576678677,6.971049106775074,353.7089164896642,516.2390016641048,12.643229487770087,95.64437530114743,5.073092124698455,0
8.15422325502779,264.3525899842964,28925.22426080887,7.406708480299409,360.0111762901221,378.3991016621769,14.404605165471564,42.22456510542391,3.085814759582985,0
7.100981409719558,150.42413392419337,30028.014736499874,5.04462607860069,346.40344079288104,303.2630008123148,13.829390340250317,51.321229689846945,4.44134494525985,1
5.677709053486932,235.89868972675322,13360.42912864417,7.182520164131164,323.98189853820054,469.24912216409257,20.83431090356891,52.480154974527395,3.53428125695772,0
6.481656619997633,202.2837853269907,36180.81577157505,7.378247439655614,369.70323370775685,381.98927784210673,16.18293899542877,81.14182222071048,5.35690074386628,0
8.08888813172635,223.90948969299302,13554.648511806927,7.323582401742344,336.15976470203225,570.8429921486219,16.035795633725087,92.24911365744875,4.019488448358963,0
7.235664846079394,193.01743366417693,23879.97045275131,6.778987406410876,316.97768226085896,450.14467380780775,8.84077949557238,49.3644171039137,4.9530952441492335,1
7.939087081294552,168.67923944774765,21923.329093352193,8.917815286031608,327.25118677286764,439.160552953513,13.07303480087229,88.71053397975884,3.37616466820032,1
9.985367659237763,221.0511882589218,20489.69822632335,6.561228963287149,270.68067916635414,396.3714011185306,12.669146107758568,55.21853206119238,2.9961476277870713,0
4.780564830784755,217.88114786096176,33749.83515262939,7.479174932780641,327.1937804741876,554.7654033346386,11.678071231945493,71.70065817945168,3.7872776233831327,1
9.457302485203877,228.32151246386465,15832.223894285387,9.169730103602362,358.66009582827047,455.1847859036964,11.632394997150822,46.34917516002332,4.174893097198533,0
7.233403228159123,195.93267663510426,10181.790313964713,6.9945856987679065,346.05975842011173,393.19915393779695,8.295113022453226,64.47715737781189,3.571629288027198,1
5.758787448965002,176.65385009347656,22189.395026533504,7.4588519625987315,388.73680321154006,362.0400956692138,10.056925892504802,64.64775249907328,4.561479792494475,1
5.124438970163685,145.13267147356635,18508.717060361138,6.967712274622462,324.2760866074724,420.2726424606655,17.17324916315198,61.42995350940814,3.806236217107865,0
6.801993025557761,223.30279932374228,51624.382849668946,9.075044273830487,351.3914977127468,347.2063590895201,13.806952369502566,72.47099237541163,2.346479013822048,0
8.434825664528955,210.30324728793383,27945.186642668843,6.712795192693654,362.4296299716906,509.35358606207546,12.603807995511954,50.51912326127567,4.401193343770541,0
6.892502793045025,164.62472485776166,18425.30702872602,9.147700232115366,418.4508522795069,280.07787861430165,14.262088482299536,52.463683587593515,3.2816210938652173,1
9.3013977474636,178.66708335873997,12754.9169672759,6.956331126457638,339.0118248489915,414.9358713704045,18.14406314650081,73.30524372585134,3.687954042292316,0
4.946771735624209,181.02763785115616,5529.169038209035,5.762053636952134,296.04307535585417,475.514891778556,14.29393682409885,87.56389716948725,5.181442338760697,0
7.0622292466663,147.62430172073792,13025.758474950206,8.19340960950711,364.4241451462599,453.8566703390614,16.068638373381734,66.04022804486426,5.35279314481445,0
5.238981636712715,169.49277962358926,23021.810949619812,6.638624822666063,401.2073866447,368.2463629506038,11.477737971694868,74.34288809749846,3.5211151206276075,0
7.614538867458703,159.10099617177514,34527.80857412121,8.100391420576678,322.1230896124099,479.5655060889562,12.23233486302836,78.35492176238905,4.420673571892835,1
8.38372446344303,182.8118148792435,31848.196699817636,2.8075410718205003,364.1766868052358,354.6091570245348,15.451663489560765,79.49706682475016,3.5392258974703372,1
6.461480163288852,172.08901322990727,24022.61708085509,7.128224313794015,378.18623191597317,424.4010959084928,20.544683774595846,51.362915073556216,3.74623907645909,1
3.251805630758113,142.89034825110997,19180.804746223206,6.393823627963181,370.5367487590813,478.8853174317325,19.012554784994233,54.146548669668675,3.497495176379129,1
7.372453775790847,262.85254087881884,24370.82975550733,5.440051275280581,338.3176850021951,463.6179817108385,16.20916090989982,55.51752365351046,2.625011929290742,1
7.722005671048259,237.54101382893083,17467.0713893133,6.245879217093117,308.53715837817685,371.6600974871928,14.781245746131976,96.81455504009782,4.044143074512293,1
7.674313289793695,170.7636316146381,37079.38237458092,6.21354903201761,330.842557134789,522.9795318835662,18.917539567125935,74.41420265074093,4.194769001818011,1
8.896599821978567,205.32449130800416,20355.41616701968,7.044182444136082,350.35382040313755,433.215788321746,16.910385249279358,73.70648891047172,3.4466186386573123,0
5.5055510909158984,210.09207750242598,21257.14613904355,4.95962419116977,366.6031620206751,486.2514591579928,6.68797870595311,72.17553782770756,4.818477534920945,0
8.07991767501216,235.5209920464042,2587.46516068605,7.619712572810347,345.8487740346853,549.7766523492651,10.791488893599215,45.571088024920506,3.6298574306657287,0
8.832986043342624,169.46245277368322,20300.667750520228,9.278619360625145,320.0501260892235,516.5168355464759,15.399244476934753,96.96526372415391,3.4729747766099686,0
4.46547625151042,232.26754998950236,29347.738828890368,7.563867025177566,353.8514207732526,516.7276573256116,8.365137358026281,73.95678736051038,4.380672432124323,0
7.5498881841008965,178.36035265071806,12653.120590910356,8.398202002581835,364.8634743482255,441.7804651311358,11.308980394254785,77.80423497656861,2.766708047821427,1
6.338855648418723,152.4602027749777,15432.352161824576,8.849408678289798,347.4991074388193,490.36789712077825,11.963612536492105,38.557729273797804,4.677209644728189,0
6.960161670540581,220.17236870466752,28963.969816005116,9.073653429251,303.5601976805849,443.47073919054236,13.43209085032629,78.69498355174115,3.656308057232397,0
7.591084430801354,238.7972294009042,9067.896490255818,10.074819134657663,327.2239859053207,328.4844897588264,13.328606010771251,60.78252966148733,4.74164313958739,1
6.363774010753078,281.4345679599536,31288.074727351734,6.3312608427240304,368.0342428595465,450.67472587233243,13.323011386077802,45.53971248856725,4.9747418101467415,0
6.08670912363243,156.9350305364847,17348.662121757676,5.984795303445436,283.7977363919747,446.9265310959054,17.01176788206544,51.35914698920176,4.46931968503857,0
7.130204053707396,219.34349004860553,18607.42304026291,8.35787572435308,258.13254627078345,473.3811697045782,13.402109005358732,46.45261833269042,3.3366608316719173,1
5.481748469871681,182.89983311650658,12160.789530230739,8.239060627058691,388.2821142042049,415.8665644330055,13.006874262844216,46.1862632430426,2.9943512689421645,1
5.483837060538777,222.1190008149249,25328.50851581115,8.345566973392788,352.2625473164907,364.6767764579132,9.81424033528496,67.35483912714359,2.851423322598516,0
8.07867872594606,148.0350084510288,43580.35346330913,10.105066277715398,355.7072222910766,479.2622565813901,17.67058592857308,60.30075082170187,4.830270347327023,0
5.391272768316775,154.8627574727882,28865.656042716437,7.137964455901621,294.8638345731182,320.08446646714583,12.05734322883382,71.66827384128509,3.8648559124838573,0
8.059479376336542,170.86699456251768,14436.702322957077,7.793327364240972,360.43426421368065,544.0971743685612,10.681929614315779,92.83013948674244,3.502607000265938,1
7.7600092004953085,198.96554818110994,31970.336865738434,5.57098656265611,343.7274875687207,407.5091064740245,14.985329802816294,64.3577264360969,3.8669759217996647,1
4.543064108677823,175.29765876888428,19237.68758449887,10.493807375882014,276.5224013365589,446.05113158385893,11.741424421512061,30.99809583427561,4.812884542984252,0
6.0839799610665874,218.0331162844341,34064.51596372114,6.588259024489605,385.2536025918572,471.3470843666838,12.539096431280885,62.58431900389094,4.577417032580449,1
8.835340822479637,230.12402610213763,29086.407553347468,6.633018833505889,339.51481531558085,473.94350090385905,15.135503176996117,85.21983026199445,4.312034801452906,0
5.637686669224668,216.07811378073484,320.0,6.572135172206977,319.4655254658952,312.34997872090025,13.199342515289668,65.044734518725,4.467551124792596,1
6.3973257344052,249.57954971565272,13211.092919567694,6.101064543341947,320.1194505800942,492.8044365737819,21.9314270322451,90.51754440871815,4.110534437287621,1
7.759229513080288,210.03822131019712,30293.732457199112,5.967489462820714,260.9498803376739,450.7078608710866,14.032317521613454,73.54288892378341,4.205648184691212,1
8.231584048645416,156.3706051311187,23343.704186067964,6.292547233034551,355.22318471067746,374.8745275138188,16.325044504490222,37.41048628855318,4.1423996802978165,0
6.710237837514591,241.18418600000524,13038.586142577302,4.962042433679508,343.2435194698605,365.6294136940607,7.852992702798351,68.12811208941292,3.9699522284105084,1
6.201660013803287,176.47851453563086,16459.26499207718,5.879197685984083,326.7659440174819,399.2151704389863,11.431251373362242,71.08371041055479,4.5576316293884,1
9.170883696696807,226.2954560846647,5301.675117253781,10.199361716087239,379.9844553973034,321.2586843050061,10.68231566982568,83.43721098608538,4.251800042836308,0
9.636182505782442,248.09864369816634,21239.301062399954,8.282335126953363,283.7673350534901,565.3864278656615,11.121003115868298,95.09566873431444,3.283042275736573,0
8.518921334649239,211.3813349127082,41395.71528661719,8.582928599229795,312.21264270407437,546.3058885848336,15.655430759600478,80.7148314458062,4.38252202070767,0
7.205417669570585,147.19125981127797,29071.126171230168,8.979989884118726,303.0607016729596,462.7118932408656,17.707720374343225,73.34636640479641,4.162852711775858,1
5.891849389187838,166.18836608682315,41217.97964532918,10.017932611692578,323.704349431056,408.1571739753956,15.42072697034023,77.06348904279052,4.446902505753777,0
5.859246722361849,239.84861062651441,29750.26823751941,4.321152368718726,336.218366712796,410.28170349477904,13.529806295995517,63.750532662290325,3.888718607380278,1
7.848095734740664,190.81093732292064,31022.23772342202,5.176784677847266,349.32068875054233,487.46928971591836,12.191869821861891,43.33041651354685,4.603157444738383,0
7.695045384706365,198.985582093549,39321.29189355881,5.850116615786398,321.24037940478104,568.2599917487526,17.966015176427344,67.05439327973451,3.9221013303243977,0
9.14034993163125,221.31255855929783,25321.64376520295,6.377826921546435,302.0723637315021,380.11623947318714,21.135855553252593,72.16062846402694,4.534626155548425,0
8.036161636028124,219.25813247658024,20372.625010065236,6.645100362875307,394.71229116470386,335.89787189560917,14.727034382834017,47.418319239368984,3.6139522175586016,0
4.870471956413068,205.5341498331101,31067.635959454004,6.413775466566456,420.93667653123885,551.2748509142339,17.389291742076903,87.32082325491407,3.6679418378028172,0
8.62636299805269,189.5110706379833,34760.2417421021,7.466508082748645,338.9583803218164,281.7913307373004,15.416555857823022,82.25533171415795,4.439600968103897,0
5.612850877847813,186.09258818877743,17806.129585474242,7.175766717377441,306.4299575358658,344.71062538510364,16.7807212404011,44.76732248091031,3.7112167528791,0
6.515562230230043,224.56913438732644,15687.927894236025,5.977921023618365,387.10291229586846,406.26141370619797,10.425350164455514,87.93917519421632,5.690510501903566,0
7.447794303189991,214.56583048619837,23231.472773208985,3.6826329323596396,281.49419817728926,300.1113714666754,12.664268912729568,61.537882397560715,4.411827089687641,1
10.013631209982428,187.91254897969327,29304.031811129276,5.551267445501657,321.6812920451675,516.0827657654012,15.589003846550883,54.12318801808365,3.989440319200277,0
11.65158027732788,231.93903172808453,29011.137784557104,6.252202927766131,308.6223297643446,495.4565149095171,18.29334502491135,83.42020921461273,4.609522605871902,0
7.971882896930189,192.12864863568402,9528.085090607276,6.7296144898438035,291.8743852067193,379.7609593087302,11.571975726379296,65.59487191077389,3.595069280218317,1
6.8107009704810295,168.37586432962848,38773.58005933957,5.335125414289352,323.6599242222072,529.6156169707538,7.549779942457179,96.35015250959745,4.689951559001754,1
7.8657233032664085,171.42263312704705,16392.849596044052,6.344525782935656,302.5488210586529,543.3273211393132,12.630744748479465,52.949955547905944,4.668283468997555,1
8.38485347603454,164.198788710498,19690.20420732854,5.3330399261927734,334.23733233433234,417.06467991167995,17.623532664492707,39.091760846951246,4.947756565068049,0
6.608618590430928,187.4158827542368,14100.311615483988,6.921205424553634,334.7621828396828,389.7915045707293,9.037305593499218,61.97748830600995,3.62616856554811,0
9.718960693191114,236.92251702891068,45670.959520292716,5.424515701187068,311.32507151191567,608.8084398618696,10.384395157044455,78.84603881018366,3.0162680617725592,0
7.418204016011361,169.90652139952718,24136.379242668776,5.778730642934666,320.38964729269753,484.48708684262056,14.79609051982918,51.77895511810449,3.4940793814220124,1
7.811682340964349,202.56519826466504,14553.395743396164,5.052279073037161,325.4371182999599,446.92359520641304,13.896135153359554,45.424316963245914,3.7503281975412577,1
8.058908650520058,174.78462120922694,29588.306464937254,6.877468900999742,363.04783664885605,536.3981479479471,16.24768405394118,70.01018514062244,5.270425048664369,0
7.6997323176032495,187.81364181340786,28757.280278440303,5.751012523475211,328.4157614455403,450.6090146145941,10.212914422925131,43.31765269565827,5.682109382719644,1
8.31324253569033,146.73494536204475,20368.244007059733,8.552719141347179,363.5847209120095,385.3508004518703,13.20432085330171,71.23654387290354,4.238836597622306,0
6.172637815776023,189.12090840762463,29383.88239051586,7.761243421374781,354.95128122566524,432.68771024499915,18.236063681954253,61.02837448213165,3.9773246742545076,0
6.259296421699335,190.0029041658109,14778.565562244821,7.009634048269844,354.4351193859928,510.14365295830777,10.331513599062244,74.19773652131693,3.6970718922301153,0
5.462773277531609,214.1292647204533,17692.562112316667,5.859972914196814,383.93675336830347,265.22148438332,19.16857970078699,44.57701976210903,4.613258473164477,0
7.726066809011733,203.70924361870402,4390.058239588776,7.721222082399759,293.3252136059828,402.9342359459165,10.746849776708439,86.87203289827036,5.6770934857533835,1
8.225036660162807,156.97885085282627,10406.706335897723,8.211307405170846,316.6791625380609,537.9748683793795,17.091453021119893,63.513546171649516,5.362963695126852,1
7.752926113243272,232.00759628171124,37862.005028400206,7.345447691278576,397.5056186428264,384.8459145076328,13.045507331194553,78.44075247285906,4.8576217578325505,0
9.54150387702088,203.282660932097,36404.872307825906,9.65384893163775,324.48058166870385,551.1510327684622,10.490353667214986,81.53723602446271,4.846175974268808,0
7.071773852321302,202.891194909624,22590.874214094645,7.846226962558209,232.04142984680257,540.5354480424664,12.635264153924899,48.14709310118889,4.61920171127821,1
8.063050233720993,196.06817604423048,36593.39247174616,8.563499403757493,326.4447240786354,420.9145921773378,16.08371561287247,80.31320092651937,3.933113296347343,0
5.475199712075208,179.35131270980565,20610.680158773073,7.331033356546846,338.6567146200998,380.26633877191983,14.257313276876065,43.926696955973995,3.3954923864181796,0
6.510963437362631,203.52916290754064,19880.05589301756,8.187549836146022,239.197531936036,402.988529379968,17.982133751877466,44.792927796676494,3.953765010324206,0
8.102440503621693,212.00259188897252,22509.53185254668,5.8610856523827035,381.9884340255504,641.5374970986359,19.032299601694458,97.37226795153762,4.299424889662456,0
8.328180102792421,138.94953862547163,20918.87364183138,6.395730586123786,307.9864315558971,577.6822395566754,10.364168497797914,83.93392762592278,2.8361655589997303,1
6.647868586933652,178.66093127643384,20127.41433619348,7.67199441450216,345.65427098287677,436.3428444317025,10.121749130346757,99.10168404659032,3.8506984310943575,1
6.974749099768641,187.98989308283402,32038.52418694477,7.660517180860663,325.61302695126557,377.0651114935547,9.961132609315014,60.561724737313256,3.325772763418807,1
4.8487255923792105,204.79032780917092,23330.363809434442,7.922026680250331,287.21897970996594,435.6680860853219,11.303660922081056,68.0153000325102,4.76079610563315,0
6.5551670748142845,235.59413276482462,28260.581499596985,8.858620769800392,295.0918360142759,445.9136539399007,17.934950063913355,74.71638435628478,3.541227446317766,0
8.388863250374087,171.00287942420377,31056.440282627176,4.868545548531649,299.9861062915084,325.73418041378807,16.13479805670689,66.20767591481429,4.226011858945171,0
7.925551373676653,180.00199409509753,25417.404153238047,5.5803649747757325,373.01618279789665,432.67813496528515,12.47595873362675,54.633434953625596,3.4239841715102504,1
7.815978610430379,179.5230037830479,13507.498123357513,7.4827247728973205,328.4479698820605,533.0734934880359,14.243250425038418,52.268744314431636,5.216205474249515,1
7.153167320156012,170.02378811326372,10153.20359229781,5.975505461750532,314.91978023181986,280.8039865908968,18.928251222099256,69.77260741171254,2.6434095895030234,1
7.090382843183419,184.95797990565993,23318.484044901652,12.456873821237192,300.00323389898904,493.006250222741,20.595515916740887,49.575620296985456,4.341155493938294,0
6.109327924974033,221.70626897100462,20512.64658664969,7.934836998288815,377.0088690059542,537.3074239601267,15.138562143695674,49.13400272537474,2.973739018616853,1
8.107277777697727,161.73042726737395,22780.27075737136,6.996237258690352,386.6962339890024,380.9113609429241,5.4777792808031105,72.60663061590793,3.5727205326218163,0
7.698830228252403,210.43225916867593,21873.34054547862,6.305558548527503,376.5966444992594,563.1163430194192,15.26402028365551,64.89933702707185,4.130825628873914,0
7.8032677065494145,140.4284736992973,44664.87450062213,6.36134359255499,351.57668543703153,370.42386198354916,17.37401630878186,81.17974288707319,4.169178484427134,1
6.3067287812786565,177.9188200569447,10351.690464753592,7.167622244877981,344.2544577132075,461.8538899049392,15.023532965483607,59.69914706299358,4.148828136054422,0
3.914585907789271,185.5396867018348,4567.773364836143,7.296931453541587,289.8360072583509,401.41969935233203,16.684764381012133,57.23359366888581,4.088364329960891,1
8.692814486277932,251.4226374486853,24928.114146138127,6.39841535138425,324.8960967606624,401.40162437769,15.46188638946387,73.07943705547939,3.4693614757387152,1
6.376108939667646,187.33724824277914,18713.906886737735,6.6884194504985555,309.06529225105976,376.32606217285235,10.193323668135026,53.59436772828615,3.8420384079907275,0
5.811719626856613,124.01512702766833,24785.12970953252,9.243969628870662,267.8059923812926,482.6618846084598,11.346550785566937,56.02132576797108,3.9946745326195536,0
8.09941400051357,130.66652163147074,27133.126749458963,9.307517840988634,371.9815491686363,494.8019690392784,13.216986260599182,56.646974263716636,4.122381109471929,0
6.50374141931888,197.4885525032154,33272.13120671328,7.518213688297106,308.63270573738316,421.00404205216734,17.806522915968944,63.092997783719134,3.918769231210549,1
8.638106484548533,216.5446480298143,8799.894570755325,5.000809630965954,377.00134053471197,316.3109686531435,11.744923733858744,94.3513242877764,4.539080528367875,1
7.986998745877745,208.7112340402078,17133.216144369744,7.970834987489689,365.64631492346683,458.790181165725,15.78903771578491,44.68804023042564,4.042841836717735,0
8.084846905104701,201.87802937767856,25773.1385716972,9.575766257745421,353.89978767553174,460.31298038397813,15.28522248587916,86.83015456999233,4.127034254744859,0
5.072045104535215,234.57347297001127,28768.921550016923,9.284254141100558,355.9296303535214,408.69725992986275,19.53031294741192,78.03489714669199,3.6715311683170166,0
8.86155765851801,178.63363657437048,41244.56670077484,8.280392847439273,311.54255630185617,577.1009603170811,14.142039934391637,91.1112564230248,3.1490952972407507,0
7.464038280913768,225.78570997660174,30392.966526668628,9.3674282693516,400.9227044676446,299.8288761033781,8.471749635505583,115.86553898204224,4.090142565971327,0
6.537162605308081,142.72567072918167,21516.211318487956,7.204347150516854,335.3385530746432,247.03130337440913,16.421141238808335,88.97401413782448,4.911807914291092,1
7.290781046993109,166.62436473132578,14207.434953728509,8.112402692337254,344.6918111001899,367.1512317554312,21.356962750508554,80.99776776850698,4.316211759969723,1
4.468934207639469,136.9725493485912,17066.831074546233,6.044374605206215,310.3223813049016,483.61940659993,16.637988871507968,45.70193253487348,3.3323547258524626,1
7.6807196328765865,187.33583496698392,16817.728029485766,7.581779420726026,300.12768747552064,340.8871948489713,11.672840131107552,47.69327493597086,4.605497220138512,0
5.566823882972355,194.84939378845533,27758.6739249147,9.220664105473428,351.02947775837254,346.93774007390783,10.698759139917627,72.08019920743955,3.708608687120714,0
5.091574679810004,200.1205160494857,24267.24571486346,6.188711009850712,341.64093774322765,503.06203417655666,11.125673161090488,39.621339147308476,4.527430104774624,1
4.842131996259701,198.40410580940014,10409.349773025324,5.758919381446427,305.2528054962808,463.58849764128615,20.91096232406457,76.10547699286253,3.6823392253809946,1
8.71565191123519,165.88132201621852,18192.441563146283,7.274032523657441,281.7952583834569,456.68029210707095,13.196546171874047,32.732281782698855,4.245579023065349,0
6.1549828112716005,190.1167834441376,29707.751237045897,6.761873718116081,287.8849796239824,489.3572709820093,12.086650366429229,84.57072049035399,3.5655720774330097,0
9.334579733577254,147.14892800292904,25097.19474839922,8.145653399291264,377.0082725356726,391.8501574460182,13.755574707938857,61.32678608080715,3.5854190527531395,0
6.292371849313122,241.17933641259708,26999.52813684564,6.403849949003673,311.6170071385464,395.5842969753575,13.231037669115127,68.39643383006488,2.7483130136653235,1
4.570183802338368,186.38981098384272,25371.252704065337,9.835134592652288,321.53184515927535,491.6482630156887,19.468922690896637,54.598168885449,4.369418358945705,0
5.438709073275471,180.30031326703389,36273.382329384825,5.082311765221531,386.19529695155245,317.52969924507124,10.922079504736036,36.46023851079004,4.258732315159863,0
8.8966430814102,248.598468595957,24083.533830452932,9.10090096222718,293.22547870788094,253.05680921253344,18.18792909679608,85.87114455289351,4.3026253186835355,0
6.850829678433099,155.53735644223684,18629.73934582408,5.911538219273197,307.50640699858553,391.1963059291331,14.684124839253089,87.46401099843584,4.184757837682813,1
6.2740176741588165,159.37195156176918,13985.454930722615,4.282347279357243,305.9967668158165,501.4338704893985,18.275257759445637,60.85703794273769,3.3754449740078236,1
7.315226792003598,160.33723792157028,24202.473530299932,7.495842747031211,392.2569949093406,446.8617792751236,19.51846903475971,76.83862923585531,4.723401426304993,1
7.817620622166292,194.13906768353803,615.8765405434424,6.717719382098064,405.8208797110484,495.48772644818087,14.560680168252343,60.235642303281935,4.744367854071971,0
8.722576259376618,210.55773166618783,20398.385934462192,5.366817198713211,360.94149496603444,263.273256774704,13.23713945222676,70.94948484407871,3.355174777166946,0
9.209293867942602,220.6831326370332,20209.444604901797,4.463424511089883,362.0915239309342,451.70529708062134,14.49905193347349,78.37162516697013,4.385056713252967,0
6.551140090690044,280.91148608605965,10051.460198040966,7.106789956111099,312.80597019690225,479.04879062015056,13.966309075663014,75.15368926052999,4.652493124587022,1
5.1307099014594035,122.4311552304209,13875.769891359992,8.661822288765633,404.1564515167207,317.05206027883054,8.79544103150481,87.54709080346538,3.6033233467918975,0
6.472206213148784,216.3791388145196,29112.543788041563,8.044226519076583,343.454542632522,495.87287389206625,19.418710037228593,74.58274825587314,3.7390921623894053,0
7.462612344676843,178.05711807955078,24036.792967842484,7.20959650516604,364.61140495721355,417.19815797336685,15.093548407531738,66.84289441069865,4.386608458405194,1
5.663274378470402,177.09453405602602,22906.491732928895,7.876579165684022,329.9663287128177,674.404718856781,10.43014169748101,54.392422876573065,2.7919427798568455,0
5.672988155104287,175.99809014429505,24699.909289914845,7.077001670842986,324.0933022939801,250.26755327245476,7.436497810143266,58.85397015229177,3.1209565672034802,1
7.585368185878331,166.49874092054193,22826.17736789344,4.861035696012014,393.88234726180366,536.8481320517966,6.5756465390005445,79.17451052635352,3.197975493861742,1
7.008481043191437,251.74033131341545,32910.5519469683,4.87498750334696,353.2856137857424,394.35808421972797,16.830290245435634,42.71619579672436,2.5688732354361137,1
7.128211583255032,224.056313138947,23096.22202470768,6.798993724204207,386.23270916308354,295.52796995610004,12.231184248572514,83.83858117481981,4.816253023866235,1
5.965011857990898,197.13245181518093,9229.600242134838,6.866167807541602,343.0075601268659,383.626754848513,12.774278788572008,61.96636344075082,2.4192571849305,0
6.741310950117522,240.7778877842477,36305.814331945876,8.46455263204069,303.12003337366946,448.6330974924806,15.895790615623506,53.490584887487586,4.237626317476466,0
5.721377277925592,146.65317291062598,25260.948301933477,8.3165406735641,312.6979864057714,510.04768156755114,12.571880603303113,49.07311973215627,4.603113047909072,0
8.388591664353436,152.62972233315247,16847.967013761558,8.07611016489914,337.501163862671,565.3619341239611,16.08899581713713,77.03477997967506,3.740995155557652,0
8.601816522043917,124.78020064276062,11025.228853312365,6.677153313338055,311.13828219219414,541.113180498198,14.595324053086927,66.16910585052167,3.448673252709629,1
4.366103842510002,173.38024406614755,25485.161035410005,4.93856957122598,293.7563446921952,348.1974789068698,14.001531079776028,91.45482757033426,4.151617111574579,0
5.713619035517158,201.68503057278522,20986.816082828507,7.771072396564318,377.19921152878305,517.5386087820249,9.074196157161172,46.481296991206236,3.971429740463696,0
4.880101995017584,199.75096145663582,35814.99692690691,7.949767514954226,314.08839564043825,457.8297373849378,11.566689210187374,57.28235966431443,4.752733792684804,0
6.12446481642186,201.27886861653826,18981.44131171937,3.346120289285256,338.7742859051783,373.3115298787285,16.274392060092527,64.9456723363307,1.9197535104895933,1
6.95734618440817,149.9885619628579,14672.580019272187,5.801745665199393,344.4822679384657,409.08550494108476,12.022507792799988,54.543219147594144,3.2534081686044605,1
4.949021527043161,222.7696963897229,29867.74147840458,6.028134083717644,312.5241460509146,368.8476146902718,18.269773229646663,66.49649133351623,4.408029969454524,0
5.72486607470579,204.24655652451585,30126.249168283786,7.30699331777503,386.2118927123978,429.207432151885,22.04658838241815,71.43852708637274,4.009349005364079,0
5.604182663040198,220.46549423178737,23492.695329653136,5.850690516230204,293.4064967500653,367.24634653181215,16.452635345784778,74.04031645107601,4.5565866441735565,0
7.384682974216448,134.154907222615,27943.867799086885,7.059747381257068,343.235137025809,343.1377989432987,19.22127356041867,90.15225565404796,4.174375581466936,1
7.181936175443288,206.60870452868335,21683.67834441503,6.7873547942422725,342.6746939084497,464.9276167161258,16.665607158759986,45.84423979811449,3.864905090671776,1
6.019045796594238,157.3281565639109,24064.4391295213,6.86854383497039,331.8192386524897,477.0177156048613,12.511592704955056,71.72648024537986,3.734215014387067,0
7.339926682044915,183.30998468863675,32227.833015340904,5.988097015952821,286.9095781563505,411.0502864225968,14.942502010512575,56.19771173509462,5.783542912382957,1
6.27638027565672,213.93457421817791,27496.39965758334,6.11040361457465,365.25134632434555,536.7299018710659,20.94409233158253,73.18131100297194,5.167258093744579,0
6.680666987820702,199.36424683763187,20530.022066017063,5.4131780455465055,360.6504756258923,405.1646043053299,12.547037111903137,73.20210857878756,4.356493976514273,1
9.53997457273885,168.37988086465379,33870.56348352013,7.720506556106654,309.3649533767134,401.7427890084052,10.839826640713575,50.83628132642614,4.031201836889764,0
9.050477746131811,196.57619864378182,1280.8590300010728,8.022342153174362,359.34858766840176,479.58411466335576,10.525816459488457,52.18882755666044,4.389743388495679,1
5.169615581716432,146.02843418794146,40005.08869809773,5.902423638801965,347.32916378291003,415.50868848072895,13.559977739510952,74.4686111109152,4.6149310799408685,0
8.299706654282387,234.179289303177,7057.5542445011,9.522611351706932,287.4986770666495,433.0625044826026,10.958507386591464,66.76908913443495,4.296684814849518,1
8.272752935102641,189.62231427915822,16516.222973871583,6.622929713041563,302.9190090273911,222.53336718927332,19.821004304817254,62.9365635716626,3.383923503758485,1
5.392052965533651,233.13673666767255,21655.356557911735,9.537693285598566,374.9174914183094,427.5601237606757,14.996140129497162,76.77645230555135,5.361918398825118,0
8.283603136319645,179.06290344515307,20729.860269171942,6.105439065346067,344.96230093103367,278.55429629294747,17.496414085307265,77.93920036434582,4.162042417648135,1
9.340759920066454,179.16005726107562,30837.527062452013,3.9180071129728917,313.38609153840395,327.54498435758126,13.291417557181198,58.047733122694154,5.540865423704055,1
5.4298591348207115,171.251180323214,12739.793062221795,7.755472563361515,302.75468129302067,318.3025856431676,10.505947275427248,52.96312201937778,4.11597503976432,0
5.731270853109033,225.1698371347514,24300.292665242036,7.5127012660879995,315.15366813610865,341.9588553629315,9.945906040615853,46.499537735270394,3.7783903853420835,1
8.575962356259948,173.05099785861302,16944.771546124826,7.1743421965859815,317.71650979021973,381.8571196031176,11.27454733339042,66.92757147557742,5.049629296756242,0
7.479098106913702,217.55785186348686,24601.65884827638,6.105272684058497,303.20689600077884,386.8965317377693,15.430309385228412,43.95676242936714,4.2049258273006584,1
7.890670124602099,183.79878968861044,21446.216700732264,7.065375883732406,270.83264497846744,479.8900792560183,16.000812504151906,67.96798678627188,4.074069654917246,0
7.5806661481087305,131.42008633256248,22828.878242271785,6.312210056566147,374.9800801705244,444.18115926022483,16.276579001824246,85.58951620076341,3.0337159195987766,1
7.654323003764372,177.62377659185887,17192.772511073614,6.642287685195834,368.85870092817754,272.58417540721854,9.352493416682051,60.82593942258531,4.4849698880059465,0
5.130085971382708,157.61271299389318,17542.242034799125,8.44977896410882,287.76454797170004,432.9410396601575,14.278645594676725,57.94405849588163,3.5852179012943917,0
8.61955702873353,197.48438252743844,24532.67420315668,7.411063222657548,338.70629022167094,451.92820647640673,10.88373533974618,97.90601208010008,3.6207228569223004,1
8.799297288868827,157.24129772837952,30287.860893529563,8.083723191984525,301.1731113538883,399.6585398215984,15.608852352704787,90.20799768858919,3.5873719005839666,0
6.74279560622,226.80680156048945,16768.837472840605,6.753647759531252,324.326960552593,421.2898042061693,15.865745053696566,54.34229158134112,4.312446391062336,0
7.016088883773622,193.376336470196,14397.40512019405,6.579612593628456,321.32013580336604,441.58896123333614,10.400107214342489,68.59223786530005,2.772406506610962,1
4.829271971243088,190.53241965228025,27392.4363682831,5.297497601195943,318.31807144395606,487.9972934849312,17.484177999819913,71.58325588182927,3.8055406326738708,0
7.835954491346217,217.92917456907784,21729.120893667834,6.535342152142249,406.16650761851696,298.9439482131364,22.02150393645849,69.61172486639184,4.734617613065315,1
7.9209244393197915,228.0536209230736,29295.258155225656,1.8726390021691603,317.8666297558025,406.46674010753,17.04330629140523,95.01740027043067,2.9983782819147944,1
6.988579205011013,195.70935402933156,14072.757497016075,6.187449293237097,304.5693453620813,548.0986400840451,13.741019329085843,67.77561540345427,4.104845589528977,0
8.73279943900964,171.02064615381482,6413.339669859935,6.990638800038474,306.22030713797665,540.6904003235578,13.232233722375753,70.14119398870115,3.4775084521887494,1
6.588906470459488,138.05961871839432,17341.12062368971,8.010604373746848,371.5020992043594,494.97421313356074,13.587998220663996,77.26020439445898,3.6551193668168063,1
7.909970711063592,173.81954448625365,15295.300413473473,6.695488953510568,274.0730217326173,469.59080271045815,11.761970967168095,85.16503392207171,5.261018763104127,1
5.58109342212259,176.08223345268152,21323.333975163994,7.669324196747099,306.2188078000203,559.9210340183728,15.115438064018283,81.17490029417576,2.6826184368348933,1
7.04537833821487,199.8889784798568,16430.72153209221,3.675933915003412,386.06817744163084,581.1912970098347,10.511688823279252,74.88559708013456,4.567191663773861,1
6.823699240882831,185.02502201699306,28510.75604626546,7.030197773513019,342.59766083423494,415.77904616593383,8.025100326360949,41.819304068938074,3.597215950353774,1
7.411202645400184,218.98235679133046,19487.810374781442,4.4663855871968225,340.7160612620051,347.87016425787084,15.006881566802846,58.702068091598626,3.5584220915863796,0
6.5367954146149625,176.22123987333245,23333.33453988551,5.210880445258255,410.83577306959336,404.3676778127645,14.350281447717967,79.32227243762712,3.1029813728591513,0
6.886735284362649,194.49505684554381,23396.1084298002,6.8242784343751,342.6830150195587,676.4539644679196,12.389427245592886,70.34878745609466,4.558041717073436,0
8.294289342019015,235.28766725788176,23723.306134848903,9.136497100840216,308.18615212846464,299.390313944377,10.034274179159684,79.42804855538796,3.8207043992984673,1
6.437956571259821,207.60579478269975,21802.544538945844,7.706506686282693,323.5857351644887,388.18573213462776,15.239052729085454,96.16060879255559,3.7222178572401714,1
4.718331661914141,194.3965660046969,26490.643690986013,7.148804975476645,292.7454763516352,312.05042796707045,11.002520622331808,47.83929025621446,4.055672804779179,0
9.65188833918197,176.58408619359074,15038.398441068366,7.089141984641978,379.16956462616724,436.29216775912147,13.820094198635742,84.34484345666829,3.8371760419213956,0
9.110737495675014,175.55568398997872,34283.10882909772,5.992466348736942,354.54466047177687,329.02053795500575,20.12205683715853,61.19016819647544,2.4094634537922515,0
5.180373838194741,168.4103423754695,19940.31235640988,6.26050620687116,374.4163273799479,417.4218298448153,16.435438137294522,81.15046664996254,3.5871571372776607,0
8.093870473710435,178.5871043217161,10515.437051740542,7.79525415184386,377.61723917777425,268.62281011888405,9.748170887516583,65.74994887708479,4.668443894939693,1
6.340627087289525,221.2087361195256,23662.972377618982,4.931130380857699,318.81042237727894,476.1199259454906,10.06024129994928,99.94286157834254,2.7948391579923997,1
7.467326206536658,189.07653252262313,14551.594938871936,8.057025399447173,299.6366319283987,524.9877201751771,14.782521196981842,68.45147098484762,3.1198484381120437,1
7.512509469649836,152.00295920943893,27847.230890982246,6.506158833952213,331.9110881573272,395.18351590105186,9.72768854238464,56.29909068190619,3.6371027115891503,1
6.735420533535007,254.4897246628751,41386.21029444601,8.424380178293914,302.2384149017022,415.2901441282125,7.654288657114511,73.02142280142618,3.4040137334630294,0
5.927864471587998,206.88725583294152,15118.03156173127,8.638527662426691,339.7415414772821,413.00506168460265,16.042151357392154,71.50857765192713,3.948249323929546,1
6.064904653095098,150.12377042513214,24928.074691011316,4.476527260240931,374.69398127336564,440.8293916649343,15.342297346802072,84.34779117412177,3.117400133690582,0
5.733197884242574,181.84642576159413,6623.168737541129,6.201102394100996,327.70343319178306,423.1255156772429,15.771480476533927,73.46579263399968,3.667473471428689,0
5.857221353901246,200.0148354035701,25993.581544715064,5.768266253053815,339.20082254926564,488.28153092592436,15.150646451817261,105.43176935969991,3.9325642653525197,0
6.981247913627448,252.3999421066848,14248.833402982165,4.2558898151844335,330.38841942968753,525.8518923741709,14.063821544364373,64.64315678470616,4.476173524642218,1
6.027832816007195,159.94634349703097,16536.021188222654,5.488597423589131,362.79057446789835,360.4249045104067,12.088155907190252,64.82899339196193,4.940935721157685,1
8.082616536597552,228.45245844522998,12358.858047681566,10.977184235519237,309.6463442704212,401.21316449890907,15.988406737751092,56.87671699066334,3.7659932199943174,0
9.266251848343813,242.3711188545809,28433.02819360386,8.083025636015655,254.40043210421837,499.0698676676086,19.343914346621048,67.75098969584538,5.442686988171744,0
6.227321735186037,175.7061329921989,30845.358981970312,10.149314990397091,350.79720057782623,311.3249242263496,12.620931985362166,70.04380233947819,3.8265544271752714,0
7.431924615787004,187.24812734806414,22219.113555510507,8.429975535228971,369.4803359860709,266.95601321405945,10.90134990421053,70.8346900574042,4.616522615640094,0
7.814537112145313,162.3065150388242,14435.462256179519,5.947887805606609,349.91196520557344,444.498592153726,10.522754721748798,67.45954964254037,5.476576033086888,0
7.773843338251334,189.68223229269037,35949.804047820864,6.5168015092550124,310.64206989378596,466.31975347860646,11.411122927665394,56.7831194122105,4.07866055920403,0
7.191654243836648,195.16728754334787,15435.071815645546,8.049729164779686,292.7606627715554,367.8409218114702,14.950601116015804,52.496140930141266,2.8986492351695228,1
8.171743154988793,218.05269543696753,3059.0555591071607,7.811259801487397,351.6511407985408,379.449208316526,7.197832764637715,60.483510359343285,4.0409050086219525,1
7.788905960440566,232.20433069244208,26032.89187976591,6.207799615180833,338.8930493590591,364.77885848011795,15.733654104870999,84.40204890190775,3.49291854720017,1
5.260636239178872,171.78008235588646,12328.276338009886,4.734210790484854,329.2338544364279,356.15377140857623,16.411352064080276,87.79673104020063,3.7559430189614877,1
8.357659414652232,131.70402513889155,30681.45067262977,12.314662676074207,399.6438252157956,482.2513972630577,8.328360628589067,65.18626926033434,5.518281968346268,0
8.384317530782111,195.67168410518994,18672.568151593903,6.896983517698367,299.56264459628665,330.81391726572076,11.038912755921146,51.551236618808716,3.016244529885377,1
5.957969426857485,206.01857861006923,27306.98283389629,6.605332548771461,397.92983794354654,404.75309756757105,14.543744043288319,65.11989216530421,4.20436412139857,0
7.135768618107975,204.56835939420733,34301.365883302475,7.299068452970377,334.9286703220249,353.04978430312474,13.805115192692442,99.38556391420916,3.285377401349055,1
8.084493619432273,185.63225035437773,11415.746296331268,6.736488828888575,267.44248296588654,308.60809785742276,16.000000019969033,82.15372276294312,3.730026805863287,1
6.772308685218339,200.47060151595352,17052.389007926176,7.313911674174665,327.3036160729062,496.5290983012865,13.812837120780829,75.08521224546828,4.550977021459498,0
8.657277730216038,246.1826708505384,21350.664301668814,9.153376712063942,368.4561882083038,384.2029237961563,18.466387133625133,81.58154114191902,4.218167875908958,0
10.55489256709046,208.9176021337977,35494.15605077747,6.923213402095451,320.58691111442835,441.43784289880136,13.216929289165412,90.69473546085251,3.794474830209961,0
5.9246005320265756,184.09737987014861,16241.89728379099,5.282917505862137,280.4815035196444,304.34238815328035,11.026160813957615,48.21930000160193,3.46315574629359,1
5.04986443336395,179.92849775205462,16801.939361764984,6.864602804723795,327.8344448208864,366.2538727419392,10.760007422673585,60.21753127064638,4.216540989879819,0
7.526613335539167,190.786953003133,26206.05839823015,6.386245185372341,302.8017904075537,487.3094616389634,16.71440076572239,58.06205985016342,5.301995639379629,1
8.140696882535432,250.16964254537314,16953.39299908851,9.369760320850025,351.55417245531896,635.2874063468595,14.378045979877392,75.65879404180941,3.266945484753574,0
6.74062643044819,190.3449056778739,23351.31949631647,8.970368122285361,361.73066935268344,266.5119798366189,16.377599631400393,68.92494874538646,5.461097830657063,0
9.21629317508192,195.71935989560433,8411.404576765612,7.289889500680662,295.6063874639834,409.95847906266147,16.309435472448598,78.32702905417197,4.905608011565619,1
5.112249474406824,180.51635292332372,41427.629902280474,5.099597349385575,308.2722414481204,459.5263951359762,7.594296987351687,58.4063864925939,5.038095626710659,1
8.098590375856467,232.4935829591174,10198.41320475449,5.183090223764886,361.1250586889647,376.42294661673344,10.506326590612401,88.0356838392103,4.210577257125089,0
6.1893845934844265,260.78985056345743,19193.210040995928,7.143894753303595,302.7413677822756,494.85987176899516,10.901731115932353,65.30660742248551,4.883481224897718,0
9.607485522124726,211.18165093480974,21729.321288134113,7.6513902915276235,294.6708049711762,356.16933288394006,11.578827536092266,77.35298335438056,3.1831115996885115,0
10.008997569157135,199.09074534742695,38783.06679217693,6.528095945464833,291.1821024968833,438.6424294221068,12.888623869031699,85.25156048801477,3.448925751878161,0
5.953014815958479,197.57905172643711,10398.862324033054,6.36133205695257,346.50267547230646,384.02136939748755,17.587185158182884,83.98551045535565,4.5673347748579065,0
6.272151010214388,117.99783585261255,39405.68040769338,6.183377211577738,344.95295998336115,524.7522258135751,18.246976586390705,72.09026400049633,4.200759143074577,1
8.343594193860309,220.86310890904196,28652.433341270284,7.083037542814565,309.0585764621014,371.5529845096927,13.31053135202808,79.32110071365274,3.85426417837174,0
6.510917944809414,200.7800500937834,25670.860641143216,3.3552354837245573,333.96378621607437,397.77507852208663,13.448260349015095,93.86598867084297,2.017965065326211,0
7.01324550963961,210.44960320521804,13381.580000165572,5.379903926543858,388.9705643633664,502.6311311201451,11.94501437337038,74.49949145978096,3.630330242530227,1
7.117320978197343,172.98423768046862,27021.41663143346,6.129259664193186,298.57746592897547,343.1341959587057,14.57521127785958,54.89347623948889,3.054238051367353,1
4.258080460389445,183.732902388023,15671.116379322459,9.027855048024035,263.2440221103623,431.7656920870643,14.95034412184933,75.59471002730047,4.354956762822972,0
7.059658513241471,182.8596103371407,33119.200538878715,5.834174445752292,350.22643130653415,278.9309996866857,16.949434087057497,65.81207519183107,3.8208885477175563,1
6.066100172125664,229.9507474864808,13500.56584654581,7.405139664093307,329.79010193659656,338.29409720818444,16.92283218300225,29.372022110443503,3.4799255755501264,0
6.355109451072336,183.92016417085634,21022.003452649788,7.477937546470974,308.11969336250223,457.0900284047358,6.65998925096144,73.68570883379778,6.031470176446957,0
9.202139045099157,264.82704478774906,17145.883124578282,9.170708078944005,357.34617977800633,346.15173425437706,13.775076223321138,68.23958075074613,4.779776091821503,0
5.232934865409494,210.53244771302428,13356.24905812118,9.114872303003358,364.10959672833,382.20306137931937,18.861371102246242,84.63670825651461,4.793580270257726,1
8.275411624519526,154.4383109659403,28513.411338389575,7.029145309304032,253.97283236153342,466.0563121494938,12.829839590620724,54.57102302140942,5.687727812852095,0
6.669924492412242,192.14468334080817,26708.57999405216,6.36873410892068,310.19511155675997,379.40596793391654,18.050890418782483,42.65495862427832,4.595709590492826,1
6.6687525523111235,174.94943873471863,32613.76048611079,6.071143697535409,417.5350365954543,492.70386793661385,13.265644541962963,69.06009715290374,3.368655872611165,0
8.241846687196016,124.24064821701582,6409.51555506411,6.739120108504066,354.8642536569466,443.6377098567488,14.8589966772329,72.3953974025379,3.277440845680446,1
7.579875403016269,248.94460980154025,31343.91930668547,6.434227300168712,358.21438548805895,461.4175522746191,10.516891808158816,67.87974554873043,4.722624151828303,1
7.918801105912711,219.48229536277154,43979.93680651212,7.994731306786006,376.1683992297416,526.4924300340608,10.641487274454835,66.72657594171882,2.3637036617753626,0
8.503231450983305,213.8965245393504,18054.448693735198,7.784089511626623,334.39686734271805,452.0549016898426,16.681377104190577,49.546175932166236,3.909331887812539,0
6.592976676720515,201.80681831405127,38629.293766540126,8.055045882009125,362.57216554571113,550.5642495428276,17.1988185074642,64.20927674990547,2.2765229855059705,1
6.180012000273607,150.94308251707957,19706.894600758926,9.109668264069146,359.73076226427645,499.8491050922865,14.36747967952363,60.90564006871538,4.047097936543815,1
5.484828725960037,180.4735046228128,9981.858176560383,10.06333321181228,353.2609596926447,383.90980914507753,10.216894756866925,83.31661684190253,4.636174795555323,0
5.866646520930936,224.0393340671505,19334.540081957868,7.31696816158394,322.14248738188695,530.7092959424689,14.42499308236988,72.38196099076279,4.187944116990834,0
11.415168805203827,161.81639762104913,31203.93527152171,8.857152758805132,339.99820945431657,447.533013149167,18.441447719831856,62.015985390078285,4.701725299997067,0
8.909678983683076,113.15074257483576,14665.603998808529,6.56437690954194,312.516613065953,394.3159327431447,20.048888015871327,93.58566450118701,5.502565014494734,0
5.093920681674208,188.90502552424095,16750.782898598558,8.992311034061165,334.2431089670331,448.7063480388805,13.231696744001223,62.15932594608931,3.8580400189356334,0
5.1359868035869525,191.7104291991148,27217.786716983832,8.797184468337834,291.55073915953244,516.0971306789771,8.785837415646714,75.1962966356848,6.159967610957528,0
7.788343110726182,200.82596949755148,22040.918747273918,8.713297232509927,305.20684895539546,462.98219406571394,17.06160351452632,63.767650569297025,4.135882565812721,0
7.884479252145612,220.3164078123228,27139.613887730327,7.268630349082608,323.577242804833,573.4775647984784,13.366562150733946,92.12327516199163,4.710348748898481,0
7.886859237916526,217.32810304803982,24099.196284622703,6.063994100894396,299.674485708117,514.0125343838038,17.401464523567043,67.76977866458066,3.4933710826392477,1
6.705214983476064,204.87576349836772,26219.075490332136,4.9166450681725475,315.52867583526927,468.48656229922875,15.21034906480832,68.23585237383593,5.233064904111933,1
6.895582237795737,235.66711672641014,18224.006074735018,7.0567412121166635,327.8557152000556,343.293438233687,11.355800009928275,64.19424444215431,4.7825339548632515,1
7.561982900514256,146.44146330466634,24045.72846689712,9.54215981675371,348.3177611361706,411.68581554284214,14.47278883378255,69.49899307303916,5.117732016003038,0
7.206262719251196,212.9556042418718,13883.59756327244,6.630445055844764,368.0861588889641,432.00117913326625,18.610599994949823,85.31671171547754,4.012513448983685,1
3.8176284520611237,216.9643160028853,33310.08390822038,8.360500005026886,317.01883281839514,482.5047916134061,13.786300296518423,79.73895743067753,2.9907742997810343,1
6.742194543054465,155.62558765654254,16453.257674477743,8.453443212819911,382.03068086808804,477.71288306520586,10.8547949089958,66.84276137620202,4.329110002907817,1
5.828432541637339,146.97064309260986,31910.955558267633,6.671775770935067,367.7014043815253,439.91056054973967,9.021587801945067,93.22989692882143,2.6463245456076576,0
7.337560785795513,171.85088230274698,19966.00404346219,9.19982484328084,351.997951086454,435.9354766616292,11.724134886478002,80.16698356397232,3.7077750731748775,0
11.468330733827013,174.62513278452235,23785.06178708191,2.5243160237208038,339.33287953277977,484.43012169109716,12.92244897353805,59.48988375025781,4.119042740573156,1
7.620198048247228,221.1348977653249,17674.621940494522,5.188054559593684,345.3130272251291,356.8276471068408,16.994197139886126,44.6319064616158,5.824234948158399,0
6.619111361326575,176.17011018007372,13106.624376000722,5.673300971753633,376.680028585083,563.2246333535809,10.569988923543532,59.85523234566809,4.2184679173147135,1
8.435048207906561,168.22182420409683,6717.374386975174,5.824850263869524,378.0001689037001,260.7784440099399,19.422918741765095,72.9185102377375,4.078839225884771,0
7.789551194197543,176.26559907484986,12761.820377063432,7.651295462873715,382.0249747637848,543.8216402543217,9.854026182115655,75.8178498448576,3.920834709252472,1
7.697538900964207,233.13944482364894,19174.306584819773,7.578259728825165,335.27355170403484,422.55855744796264,21.99721896636313,87.83360126567284,2.9231690942832866,1
7.972070372027036,196.79873571577042,23871.68349300396,7.742505104036512,353.83651334304983,507.2284747912875,19.9914664228573,49.13900997237337,4.036944155210146,0
10.103119040299426,190.4780187965183,30872.317826796425,8.06180876072933,382.3357707493209,455.61194549518603,14.747260285474253,59.474520383658806,4.050248487386683,0
5.417594000070904,192.75411925769643,18106.031825745275,5.618834780749874,311.23890249812155,454.1730407457019,8.82613439991265,47.828575096078936,3.2144853735461005,0
7.776239152912838,238.8400231893128,14281.737128693905,5.195281814444436,322.2724149066205,470.9993042077031,14.096546354838184,45.28713643339215,3.0443384207458757,1
5.7182197389271385,171.74472534655143,9365.47764671344,7.746185097572424,334.3595650013071,491.5896771011834,12.999556429064665,56.499298376316176,3.594374867441168,1
7.896603590123105,239.61075752320122,26222.918152797396,6.124233323638626,366.2914983905757,399.6371809034851,10.062109291701441,72.18147509251672,4.020647723286701,1
5.729530828115442,203.28901334554982,34140.87445063088,4.638649428318606,366.854321526971,509.8321177378251,15.243241866189033,78.56489023822029,3.613107738522463,0
6.466470784000526,191.09701491447032,33116.29871513441,8.65472396957554,325.4365710213066,338.5739289085985,11.553741240177818,51.444455738576195,3.1503171492718134,0
6.646217826070278,278.57459936709984,28238.233687538905,9.324261012273631,279.2588543187172,425.77923636951584,11.913661646265885,53.637718751263236,4.195632356563358,0
8.514450577436723,161.67112997032015,27612.346127448014,9.580314205723882,342.6770877468562,493.7647295804427,13.605823719565503,38.332188525149455,4.390316122851999,0
8.430128032595348,184.74434908303252,36897.54813018112,7.415472199930059,300.5920547969516,506.61737060876,12.377051776984121,69.78033432452823,4.064612213193343,0
5.248795456623815,155.85998516867932,24925.524550977305,8.108972711637186,279.93370556430233,463.4463468280038,21.158698402634197,54.85416951592146,3.5308734831759923,0
7.160753143169778,227.6774249715239,27678.857479529397,9.28439179291182,288.10368179508345,394.419957088797,12.50678456477149,92.62600483440085,4.433975996561162,1
6.036917613518717,251.8936402491307,19201.7041028553,6.106563051762974,345.5754096235385,498.67295556997493,15.739316147715714,72.86268477047412,3.821380914012955,0
5.229997781307258,251.26036182477048,10072.742497741045,8.874870740805466,382.9678902241116,372.11851421681354,14.761679449216297,63.69630062568666,3.0425147082707835,0
6.760984935876175,236.60119551590918,16018.6294040731,7.55512604994627,335.1856478167778,567.7413672496494,15.447603245606865,56.289657017623995,4.778270596901091,1
6.626530300969945,189.87421522354663,21933.790602587815,8.563664410701294,341.4192968589051,419.3677447730521,15.700282615952185,42.829050627537015,4.245736255027863,1
10.647273234927917,184.36452906990874,22547.0093413546,7.414026972983978,376.5298230910482,301.79284765121633,17.197306520666263,44.828662077570556,3.8769535615573236,0
7.716450943280224,141.43864957812008,38902.28113526385,9.168085601401843,277.9633995857203,329.6676289495824,15.161936510297705,56.58883714639744,2.7445792802289146,0
5.054902273891271,263.2891631014255,22726.665622019445,7.473167544815628,352.57917587663377,429.73684229623944,15.024405081073718,55.37830155047672,3.389008982274535,0
6.249782213868715,211.78530942874013,32349.281607764944,4.77531308604148,333.3611451947178,437.50928017585835,14.473559096629542,50.64306003831867,5.544481255658683,0
8.581433444281215,180.1993765369401,18199.667755334875,9.41404407905726,354.23731656219087,585.377956710898,13.821836908754683,72.34678385176578,2.7934931917330563,0
10.15001087611879,240.02322994100163,19281.555824042465,5.622901429264063,316.3068915502861,342.28886852739436,11.261949011703157,74.50996839238233,3.77394756187948,1
4.748604531010201,164.39523033409878,10362.374372705468,9.099831972185385,304.2197463239869,429.39894032575063,14.078525670739133,59.16736709455175,3.957258105364177,0
4.316511153845604,209.7356662648993,15505.929575668135,6.9774162473242916,338.85799180088173,340.598156093699,15.078595012128915,96.91735127054406,4.219971895741013,0
9.83031880779652,190.69568035586028,26634.257063806035,8.978097356612377,393.3817744253074,386.39856131182484,15.61116468225595,38.85407789004123,2.802206670055397,0
7.652732840735228,217.36331758786548,22080.371840356856,8.91293441148949,364.89329117812844,562.2917797499032,14.876742598597682,67.31724468679259,4.1058574799955885,0
5.803609684141741,194.2803377669522,30281.049756521625,7.799625899418286,315.43198328569144,334.38266980676434,13.508918905485352,62.95299018153342,2.6548377392720903,1
7.86590475659998,148.67800021917407,23603.185053549176,7.923485801850867,285.31727061963653,473.6488982889216,14.091065520421578,57.71544709137637,4.045994461032499,1
3.2054508236451897,198.85419536966415,18924.047070373643,7.787753215164255,272.990088367162,457.96084368195295,12.447430136136878,55.39785691837406,3.4611296231725257,0
7.084961994697827,230.84616434344315,40848.702713098945,3.938156885075897,381.34383418987636,424.25670703599314,15.316771410231725,66.29024264647212,3.294621971804108,0
7.561897124079335,195.4096567395795,21190.81581527191,7.30696174585916,299.26332610677116,468.1856735201243,13.548065565604256,62.84342616313634,4.6211573837607185,1
8.43867710512061,221.84803404663324,32210.386991629435,5.356618601806406,322.015945254363,332.4687529351628,14.877656705433624,60.220107167434946,3.7862271301761723,0
5.58957295012997,162.00344580589388,18496.596608105305,7.390475687118148,381.52857009644356,560.0574218556055,17.592658073596247,45.91919135621757,4.339494427827906,1
7.205960127262938,195.50680772521997,28235.311843635987,5.31415077671452,275.45360139898924,581.7567644609317,11.932022009083589,40.88237663312844,4.365324990874698,1
5.719625799692407,175.84234134123847,30150.216727384442,5.247775932862801,387.7104393724286,430.0165306259301,16.255061710813703,61.85009518616594,4.96056372138498,0
7.4554141208412466,220.92326021424182,23841.98705918935,9.655796512771165,324.61343399632494,622.0212064148812,14.389925695420583,60.058944432089724,3.027558961535601,1
5.7638409061263545,197.4051276515518,1371.79668564667,8.80972687323622,292.27019898727195,393.9645528514509,20.9701508146123,63.292728713434435,4.68683221676541,1
6.480091766434476,219.05272174118446,22174.11352239154,7.113454715788236,324.84073749283823,458.568909423526,13.564045912785783,64.68703424728245,3.982840065501677,0
5.616151369658363,232.12304170780905,32801.81624452269,7.411934467393458,307.6653523201506,541.9209552436184,16.580994770230028,58.16013806850797,3.675062827311717,0
8.037170275480776,219.10350256424005,26638.63578374571,6.728292679326046,349.71122753245254,389.11784956938664,14.330819925312284,63.0503349263869,3.07358459503158,0
8.341923141485298,205.34740293523208,25922.86196207611,8.020404674047647,310.3564938392957,314.56702055195257,9.684712077482335,52.9398585812079,4.443140872003433,1
6.735107762162602,163.55876306273012,6914.667340899621,6.051834100852888,264.69325049738575,295.9671439273404,12.556519093831632,90.43262541050498,3.2506648733595696,1
7.136209852591242,196.27842054237897,15697.694690725504,8.690109615331373,325.8088700064591,592.7453946289738,17.194359358967983,53.788097863675,4.373889137842172,1
4.950570620488691,178.84731848573958,25620.55696455983,6.720122791197705,284.75446181036443,383.45951798188037,12.847781335386616,60.549634211731586,5.473708002914363,0
6.6394753274300236,185.06061774313207,25612.014575744342,6.456641746586659,341.16412060733785,411.2006121481511,6.930951597880877,54.98585079567411,4.734382091480276,1
7.006199212948635,184.05906246483926,32663.353034784588,7.154306569206051,290.87710979128065,336.2875348308756,14.176056013979892,54.721029110968686,5.055318773617507,1
10.932565843814064,164.15984635690762,20744.009838280508,6.185988008717535,316.1432172933608,502.8452971625917,10.664366853782155,66.78859750588042,3.4091762737644755,1
5.445408472111979,132.03228057516577,25572.043107409263,7.639318112204443,340.37872324430606,363.05214777606125,14.716316694895138,64.7877665101449,4.564931775982957,0
9.232340540966083,174.4081380014663,22157.646745087295,6.270967108884829,326.1017416772615,386.51103473468856,19.41429683942744,59.15430964378294,3.0775123349936155,1
8.545382396994738,202.7263825847471,13361.336032261457,7.860267292453761,342.8305504276577,450.41424509301993,16.82690369875761,61.92958361318851,3.7878833359918014,1
7.4925355146005,152.0554205167984,2237.048568286198,9.041290331480132,358.3655781690397,340.2244486192853,19.366330793129325,55.04854030083613,5.3281922038509135,0
9.665172111766847,196.8854751128223,25792.851103133573,5.983471734843086,291.93227609171055,411.77876680055545,12.421395209018732,72.73521330694156,3.4958830789873425,1
7.626995044732088,258.8318231071014,23539.125184013054,6.913690777473629,331.45267288182305,539.5225569277592,13.806119435666387,98.81038955065556,4.836857823655013,1
7.652064017631855,229.99786897114112,16594.407225648138,7.848902526595967,213.45173275805618,460.8172378633377,10.82291618856625,52.603753058032154,4.762204451739778,1
7.001912640064209,250.3932094047918,7818.427403722415,6.431345379129377,342.7186255228064,436.7591226511356,12.015816196917285,72.61280003829472,4.808298175172254,0
8.878646257155383,209.22637331477873,27535.16116290972,7.853626486106131,322.90857732825316,443.5732171717749,11.212011205132743,67.10884505221661,2.9817384586254074,1
8.691809773702,234.7460478815645,19682.70754791053,7.997530199829749,298.23812554790607,394.7639928941339,9.95474697190842,76.94429128575095,4.37965675349223,1
6.160254387380568,172.57327930952383,26896.33877218768,8.831553606545,345.19009992179633,587.5190689593956,18.800985429846737,77.38842498702306,3.847853118584847,0
5.140706623939812,175.19053542298738,38356.632197281884,6.162535727185839,376.1612904394683,360.579582281542,7.355611423462542,69.63935823513829,4.8190275488727075,0
6.7816184630283844,106.33446142426128,3239.6729431346757,5.630415120435851,316.5767186017742,443.2549431483052,18.81515977490308,65.77202951466488,2.6790996882130607,1
5.90394331033546,235.35860173177036,15880.528801920376,6.634027724489285,299.6344043226642,435.50521601616225,18.404455041485964,59.548720351544006,4.256874553471171,0
6.986618875315428,247.00044921667967,20178.445841703397,5.590951303515582,339.744012984535,507.7280982014286,15.934313755835483,54.33657523147683,4.146572658215252,0
8.899034057985684,178.18706394543523,34768.88567876374,8.011907162395046,285.5111750674005,515.357485993914,10.59098094260863,64.87274392679036,2.4177089449458307,1
6.407766567022419,188.02260741072288,7667.368357922331,5.28443294572127,309.9138172688456,423.6225604093998,9.043000381122983,46.14203412854319,3.279372122245918,1
7.017049629471985,171.5905523229781,38986.22886017777,10.806165940839248,377.9576141220491,449.6987593084655,12.4647838150176,57.03489103584752,2.542481273768856,0
7.165293420168341,208.94782223706514,23205.16993588903,9.167566021286525,336.02715736541603,452.75889346378614,16.349148710485146,83.85508165793242,3.403442864500133,0
8.327193396841768,233.3465327641175,21172.430118427066,7.139869715968497,265.8560639229855,242.59823281333922,14.29014063992863,67.95353772642673,4.398389326038815,0
3.7770726790426306,139.0850852185302,20277.654502114307,8.490483298936802,268.8367218673224,297.803750223771,10.826016671236351,80.47731788661362,4.122385149005914,0
6.188150566695014,209.82824450221085,18189.271656380286,4.533853054388949,339.63777693225444,377.3148031527575,18.080557837212982,89.57628409260334,4.102132062862968,1
7.390587027650825,187.2757988635917,31203.170695367313,11.106929863611303,364.9467954136652,380.8272109619852,19.85530881628089,63.60824548022334,3.158996475033522,0
8.844116065947485,200.0972736639451,12646.12278918582,6.1874609127232265,275.3191604852509,329.29598748107844,13.529956767111681,69.66952840523373,4.843951383378215,1
6.356903402165878,211.45713283503395,25042.415575733445,6.929614086039012,350.0326136349238,486.78376759270304,14.641905150907213,61.63989024921105,3.955320650878155,0
4.321467522118445,190.18378583753739,18645.88097496383,4.187625406242271,381.8586143606784,426.38118960242195,9.285710857186366,53.58520715729969,3.9962889735608567,0
7.990975825570221,192.965100128552,15332.290766183745,7.888333941490614,402.0072238248252,408.8605336256697,12.908379969679093,51.37169055032798,4.703511663777982,1
6.146017288426325,189.33992324247902,44685.92913951112,5.371976231818168,345.7503905413359,324.70009226705804,15.96955632718329,79.69648137584667,3.19675031679982,1
5.331190011137169,228.2642935527808,25688.00417325258,7.280616103274326,352.0958457671264,422.6103295203786,15.454575148253243,69.69005221325868,4.1482672605001,0
6.162212277121561,210.13463988939083,27390.73008111952,6.26004639597923,256.68671478551886,213.94760486775215,12.59961941911587,95.52093044671821,4.300300743449108,1
6.808747724245901,203.62058088542705,31989.240724781717,5.417164582810058,409.66505708457504,413.04150052378,13.37225398694296,81.72926024380976,3.5444568427707988,0
6.191025343128827,154.59381692769668,9552.788118904875,5.8491088272150655,312.9817836987061,431.31587227635475,12.799732462037532,54.86877115501149,4.478851236992625,1
3.8378178960643683,183.92608384058363,37376.83619441195,7.476745093855124,300.044352334519,445.75914988302026,13.358281797592145,79.65219618217618,4.342156073091062,0
8.398687309424083,225.90925530034866,320.0,5.095244262867258,324.5568503013519,299.8149364932394,15.680907196335,61.58895874835744,3.891082164423609,1
8.954066310679721,197.60908635858334,15274.138066917982,5.936877559782748,388.41187718866144,444.37744049203803,7.767452247428204,85.58987761296436,3.8669223056948083,1
8.037737327269074,218.048799405395,17989.65374395575,8.167971942397875,413.5787841582238,342.0519390822463,14.033903105985777,58.73051475587758,4.378367173139618,0
5.40760206447552,254.4352428767693,27114.19253707037,11.231918202301415,338.312269676257,360.55431285245646,15.43841902292103,49.80324260697306,4.585007411210289,0
6.783807445097149,230.50898149489382,23931.643344463635,7.874590334893748,369.8507619978961,484.2260352883295,12.391695690528033,53.850942434741576,4.01906193557718,0
7.070413666612697,199.43211456019054,20551.586800906825,5.670726605359886,335.3413943194941,588.9705299847009,12.693407624476242,54.656634488916815,4.843747779117341,0
7.960227752656008,179.57378597566645,21908.90652025948,6.539959611285749,296.2740716051228,430.36030129884455,12.789194400900861,53.149229671963674,4.483650250695855,1
8.062460518415579,112.43482477764263,13439.537207482235,7.169910629721074,387.1495162622888,360.1805159872828,12.694344587592,57.36996749370747,2.5749981192130846,1
6.000764515795611,190.83518759831733,8887.509234106523,6.567908577995582,311.2963128599201,441.45645886328293,14.299475304684735,79.910030795029,2.874180575917129,1
7.200533467927934,185.65396926250017,28383.584490693378,8.546831903444355,389.2740821496598,502.0929462175059,14.706999129025624,94.72361716435773,4.892143470836896,1
7.752202194784404,209.201336809776,28095.97104101062,7.463608103162475,380.70928365785466,476.3928132981757,7.327297613266123,45.42291133972125,3.7775169574527,1
9.220058813555747,191.31113518934202,35905.71662070822,8.554406768157595,355.9712705794135,647.8809512237953,16.441034029573274,86.32560068547878,4.0980571417820295,0
8.115624613542343,185.83894309631256,15087.828408288804,6.623178811329746,399.8791476910323,368.40357104145994,13.320103692811564,58.866612399083266,4.858646603774133,0
8.239913330442013,137.88115715422765,28088.16029620656,9.214290347159587,414.4569856393326,446.5928258922785,20.678108110800846,71.88610751705923,3.964999250449964,0
7.2032251430561605,165.4732574558373,19526.767859878873,6.856952776835158,327.44670486246974,551.378059815725,10.335643336245274,40.31411709785911,3.999068735479692,1
9.153374943449151,212.03751971111433,32451.258004437852,5.585520006761973,304.55018056043014,546.3065279434676,11.409188976023161,74.66403222352838,3.2923911984224516,0
7.6823513100604615,252.77188383533166,30973.872714575904,10.560166202046709,266.4052880815511,268.6242027575648,13.608371280889404,34.7762235022107,4.258595715637466,1
5.814200772044852,193.16434063628137,23865.81138116263,4.236535159801436,414.90281671124944,425.9386707245691,15.647776238460777,71.35075609033132,4.427479530794122,0
9.14295385608403,207.14514998838143,19037.35102457326,5.952792814018214,317.8898921976872,546.1741230882334,7.822960146400329,70.45692786165264,3.5192521671377723,0
8.10591781063237,227.67795701903873,30438.803424259706,6.129295994107976,374.80023201565683,659.8028600541543,11.535678827495687,69.41219039283952,3.250823324921424,1
6.4287252889411315,169.7159163170978,27685.650743430662,11.08312391142937,306.99103101820725,483.0837453659036,16.23726973149942,54.81046692451871,6.018505619052279,0
6.375145337923112,208.42717760279248,16013.443573617958,9.974837036951488,389.3729202625609,396.48296723638714,11.141709737308284,75.06603565575548,3.8975313935183395,1
7.51596605135692,172.03009020486195,10372.97363591093,9.480406466954673,308.47775023179094,344.6562932515345,18.81478730580531,72.56735540350164,3.436719975104753,0
7.760881649043349,224.79677929319953,19484.455697155536,6.597559313445396,290.7112705110692,605.5066507220679,12.77764528780957,63.08904460197955,4.5211374273279645,0
7.370019630477874,201.34661818617346,35300.07146433528,10.953361246070004,326.24457758533146,485.09960760229797,11.303074703558321,76.99507934415281,3.9303806525222447,0
7.537623749961041,206.18011112556994,32065.606612659056,7.701996166068735,314.5616261672464,357.6777116383894,16.299908493283308,64.89232260866198,3.1231022678555593,1
9.578937340627279,170.64598410285097,12262.059238079995,8.664076125078934,355.3302742465682,409.79293403656715,19.601213550388916,74.73881579599119,4.346781785888127,0
8.655168433785281,219.6101536604065,11776.092150599736,7.4039187021478075,331.92258733126215,451.27617242492755,15.658271616442297,64.4148830069952,3.3045656441208617,1
7.360234319159586,264.89451372086353,33189.53648742548,7.041842817309263,356.4651645391064,470.15501570069875,18.452021311428986,69.81739039979746,5.199637241681394,1
8.4637265537282,163.23994257127487,12057.708826730019,6.722189695196321,323.26248396269744,353.51181628372467,19.82966297750835,75.46338078075689,4.355713611206874,0
5.562189861814517,185.2021214186259,26479.19924029392,6.788768810397724,309.74301961138036,376.57727231127893,11.228647769439714,60.124918714043595,3.7540332688696547,1
7.664952763421809,203.9829376759052,16612.85195876692,8.081416804911365,312.69012179903586,292.6363580146411,17.38607531573723,46.942397034771346,4.0552906740572485,1
9.739680334107671,222.21917218830248,36191.094773614226,7.7001756820651135,407.68408816084127,510.2331906229624,9.237312614205258,70.7537659174944,4.674564734456591,0
6.75947253377321,177.97771360253518,15259.598588254416,7.07027523507818,341.91767749068146,398.60381170029075,15.686427380212933,85.1567020407259,4.115049777777423,1
5.833978124929946,103.24829436300814,32038.203508466442,9.50504790846419,262.08683375036696,463.8934524705018,14.043937782395949,71.11761084353893,5.625245376642168,1
6.121429333768201,241.0465586731715,23634.788337637652,2.4325301513896456,314.9796462537695,541.1427100780529,18.394165172069226,71.4171043027618,4.8559766627885095,0
5.478239435106689,221.36783615073077,24225.140291888467,7.925621851715488,337.28073841367814,443.9777062052385,18.160152507979824,65.73488280054798,4.350333746697675,0
5.926399995052276,139.07931467290334,4739.941496318559,8.254027156521188,400.47274448038866,417.0808558385558,16.16598289026887,78.05590115423338,3.2391510186633825,1
6.535353095072658,176.399213814206,2700.6419623742295,8.932201331843167,370.9571715922609,441.8807945469907,15.267796347288128,63.46779848750474,3.855427278956447,1
5.013816481807396,247.9161564585632,20080.3376715102,7.01750312313569,300.46911738954356,431.3166751271368,15.962700319949658,59.2420162216294,4.3435224766409135,0
7.102958950905917,243.95906827471006,24178.772246368022,7.448513706466653,421.17937693410835,526.9125934785167,14.484461584256366,83.83055344783664,3.3281680957086524,0
8.406347445466372,227.2230975454569,12149.221848723002,8.67779844563726,332.65386441607455,451.32885090510956,14.077442096932838,58.03341072052441,4.978872962471101,1
5.745598415184027,190.58118429573932,12469.264470869499,9.476042918762685,378.82235937224846,382.21695360782803,19.054933750155584,80.4269568255441,3.2101572734131283,1
9.3133473677534,199.0977964563672,26936.64968439057,6.645153143417547,292.0379929039675,510.88668228726067,19.453165303134764,83.84060223507308,3.4729639555241967,0
7.830864370135564,192.0664687855042,26948.764686698167,7.541821737341545,247.11038573763253,525.6454408373185,13.811108055605693,75.3387030186187,3.5314066357819924,0
8.594953460867364,233.45524167604668,20806.482443135155,9.772146863671036,282.87928593808743,318.05950204663833,15.066576493965565,46.699555856339586,4.550183079293844,0
6.1129832058373585,167.58106009850573,28854.297936034192,3.7640372201114154,216.31294817028714,550.0742657281106,14.550278793997883,66.82823291843879,3.3421496336067973,0
8.336152083787924,169.8833653439562,11719.58840689346,6.029780092292955,410.1109082869201,455.6823583929777,8.945278157187884,63.21446004638561,2.5660182750731373,1
5.474857166418889,229.57772566929984,18893.526716867596,9.436020846192681,341.53321968855505,449.1010446713466,13.166398238104257,58.578091743362116,4.818670291894136,0
8.388663826229667,194.91183895733496,36461.41198175479,8.84620977710112,300.3633651732881,507.55533647931435,19.57502090546922,68.65119253245317,3.623378697617662,0
7.332603829496491,241.68022197376666,22613.085827272265,7.945463433264177,350.13783244348156,380.3926378429442,11.798241853644706,78.53038410003634,3.1365640469214893,0
7.893279293377632,174.29739375654947,23121.500867262577,6.4112169404875905,340.62253206755116,503.31603439176854,21.27913886021731,59.16862454973101,3.381210328502019,1
5.351875929731468,194.56943529566283,42230.854086893945,5.726726771603038,356.2205329174896,395.7627742904839,18.159738084740855,63.697295226704156,5.309074944363793,0
5.764247331853391,166.05028518817926,9745.735383305682,6.185879321597049,377.49246483706474,307.01923557260756,15.60895887830795,62.59850061346956,3.4575059161271295,1
7.9579254808324755,196.61201133839265,28996.57820333571,9.565852988893534,323.3022495296759,345.5813150853686,16.136391276581953,84.75424638823381,3.873772877806017,1
5.685928433790425,147.7701621808495,36602.640431921966,6.127060551134553,301.9826074775103,472.0310343169097,11.244045835131065,62.345523257127056,3.621403677416908,0
7.760913249385711,180.3414894532104,19165.985841064154,7.2802482834986595,363.69579624740106,349.80670344503164,13.402092830136235,46.93342277709728,3.00852321612167,1
5.070307424503438,149.16033545981279,29550.670823437413,5.9291419211184415,362.77630659274456,556.3202515149555,19.051031055165023,41.5869325891196,3.390679521447369,1
8.326816092620003,219.17925667499665,13404.49920346764,8.451582967556462,337.42059210550536,522.3159958724575,12.245907887335603,72.12024526474535,2.9551354425349343,0
5.268190727290292,219.92429159789975,15993.349139610049,6.268812477052623,412.4768083789231,533.9652190071239,17.792346115500525,54.40404896199934,4.7155873950309575,0
7.891880908388899,139.49626404897958,25389.1791117653,6.965801653556025,317.95710847977983,436.29335702373163,9.721996972963336,76.94578544814699,4.048685670398605,0
7.999677472459622,240.21482445460384,29015.307693495357,4.460256229792336,301.25913290510135,447.04779729360564,10.314095654707714,45.40666078124254,5.906488654495971,0
6.0557454269085245,278.4600352054206,31841.59821966341,4.570878186796195,348.8898241900886,329.7461450585199,20.573583243090706,57.90135513255072,3.417049634507341,0
7.935579053614549,197.88222993202353,35775.38483627353,7.13212364544798,309.3877458511461,506.6792654558268,14.240819045944527,45.41692924306727,3.300089008006417,1
7.462850127100327,175.29657426641592,21422.77050843825,5.026251694787536,351.6879671825965,456.90434150154687,12.497565374048731,73.25381098420652,5.166332619317156,1
6.2879024713966745,289.2057465262701,32478.75878830177,10.446036890148514,303.67508163396263,472.0539675798675,18.790672137366563,76.63232571565074,4.795222085013145,0
5.5974246144079745,153.01550546079648,19013.024707367316,3.862793482862646,319.3152438948416,562.6424774835074,18.4036693469292,71.74011873592919,4.270116716981398,0
4.194940233241309,197.03089956598726,29922.93200969601,5.855723028110716,402.1149727802154,377.24213126720167,17.327697611001458,49.27478422723141,3.1013206182311484,0
7.59398556953055,202.27418410141132,23833.192013193584,7.14638737028273,319.12207292713884,416.0165013544139,12.393637886745928,54.63930575537481,5.331097088827789,1
4.779739926097779,240.58500228427087,25921.450717305856,6.5430899582826605,304.9095051992149,452.60827716982254,13.330302823646294,70.09513160040422,3.913759535379129,1
7.2201559731787235,208.19462011241754,25727.080938362225,5.375450178471008,376.0883314238529,350.6174648848819,15.311491406528855,39.78431799387879,3.634073399773872,1
6.692731122359094,179.9799038454336,7945.272096950328,5.606474013597476,295.79534391663884,411.0501392526186,16.578461822507354,62.597301927002775,4.861508594796258,1
8.078339879894147,165.10456974534787,12158.655115340063,5.554766557551203,308.7370316624849,466.0452741838358,12.596919369998641,90.32159742210686,3.952609805422091,0
6.6359931157498995,185.13431676850954,22913.094387411376,6.6669797221843,354.61691889519506,399.9127070603615,14.845139836154505,63.562100989425495,3.0607773332071315,1
6.595711754069776,163.27229764573312,7221.326234597558,10.20404796143753,367.69418885878076,531.9894342002095,15.165065205639413,42.92565104246613,4.001436027608894,0
8.155849935303795,197.94201826132254,29301.508920305994,7.243140928561972,377.88801677367,304.1121861595687,18.53920789360209,56.821156164147354,3.360547934774804,1
7.572535302753653,177.8248715679858,29655.221614320384,8.988982773232287,306.77540298355166,516.9411439232563,16.777281893775243,56.453982024064636,1.6227139087071247,0
7.544749257058684,147.2609777345659,24882.46948630675,7.9210226264084636,355.3197534417184,479.6403982198813,9.292486555595186,100.15266945802257,3.2822660501228973,1
7.7698233570185335,237.62664206388308,12184.850249328363,8.879902588811909,316.9348496684733,380.24296183955187,13.572883678913373,92.66775909970414,3.5583662547230768,1
4.822708978885554,180.0115041548875,34114.08550901621,2.6960564019021342,311.8916054049257,351.5085436013338,11.205727045354891,77.92685179578189,3.0685968147514227,1
8.192479359580863,154.68634322046148,39874.78423685797,6.638956326585798,377.26410995204316,258.10236170063746,16.16036936222464,60.989692572208156,4.41869229504895,0
7.980329127199996,190.8393222493945,23303.546373889167,9.185273968578128,313.9191041336345,361.95190724683806,17.335637590171697,85.33392975365024,3.3635907492835506,0
5.585475800992549,198.61737337335694,26490.07108601903,6.216657400056053,343.8343141001982,510.83234549079214,14.616150312369909,48.52534149217428,4.343172436650876,0
6.721201703698924,138.96363873021718,23782.77918648752,9.904707600493987,339.4026420179953,421.6777124594203,13.392499528621816,83.37759272140198,3.0080106056327147,0
7.022218287187382,207.27125881842383,26663.958664865942,9.464546442953063,295.0829368391265,520.1904849444647,14.508952014949104,81.03414268511409,4.67919075844438,1
6.882289726929453,161.949930717151,20965.89088214236,6.3787734685186095,368.6945957925774,376.1182187828299,14.971522795211367,64.01327776458085,2.9743436292001366,1
7.570774150855746,252.6115169581012,21711.057359514212,6.325001639906756,354.0285514975574,483.3512487982113,12.161270152817037,84.36496816154168,2.1436062806749634,1
9.18410916929184,213.59258203196228,29954.724518608517,5.518502769079939,261.995457287003,368.22893796555786,10.2460662564534,59.34732278835509,4.935064816427317,1
8.670197089679059,183.22528732510676,42578.71652090333,6.1252411136552,343.80599896011756,348.1818837481829,7.49403976914178,46.44960011799086,3.3024028330896864,0
5.1510377856558325,171.8763353896687,9739.343471616045,5.172509278613114,305.8447400892183,417.55304958043763,18.474372856055705,81.82250825500877,5.340404665395539,0
7.9944428857498915,192.9197114523837,21103.942072367776,7.797521665084149,373.4283015737523,372.4740562202311,15.922972266431737,65.05571900747073,4.410381682942295,1
9.033531979717052,216.51243167584275,11664.721420058733,4.819446540512635,281.5432498987434,301.53454213630283,15.47991144754921,75.89008011402,4.586405388337377,1
7.6486085254131275,195.5320079934045,35971.73845154319,8.07389816558055,320.89692235372826,411.47714903505977,18.46780831912426,95.11538154889183,4.785468550363537,0
8.683741225023372,189.23199000941153,16861.256043239508,8.112364341102394,346.8635672727231,434.81104600181243,10.1244008879181,55.01005327831041,4.057889890074274,0
10.038037555180125,198.28863145918424,9361.216704697374,4.495297039809403,335.74385823028734,528.7060593949972,8.535061800919888,64.13890520867359,4.066763225914061,0
8.584853032777263,176.52115693024132,27609.222201915178,9.568713397998776,361.3533113976429,501.9132667691226,15.551807643678186,91.15313613719056,4.969445218871561,0
7.446483635593341,185.08882118466937,37306.86673450925,7.931502685176051,278.9042294256243,524.7936099300051,15.250728252717753,76.94589939558783,4.056859626644517,0
8.616280056904587,127.81000253319253,27832.005141181977,8.304522873882894,393.480184134387,484.4220894451794,8.549374459983184,55.36442612389352,3.4020220594986443,0
7.2929851146524305,228.37638120811732,23809.600093642344,5.92130898156242,352.7587279686081,453.0884370507474,15.470014715684961,51.33937081518243,4.426891676926535,0
7.115137473628884,206.19148303917632,25601.122572389377,8.103359007187528,382.9202162178524,326.89896210800634,12.95526202755743,58.072168305570244,2.3213581367797373,1
6.563421073500813,170.94650640662115,34418.32350434409,8.899701650560864,365.3750397160893,438.3211723151495,11.608538522268605,54.755200105258616,4.999255865216966,0
9.3782176374832,258.7814188371467,14349.783933953844,6.96419872957261,333.3604104635947,474.4369051461031,13.176367525585214,70.14297984434991,5.015542526052771,1
5.876909861065258,199.23023171049775,21033.500713641355,10.283037485612411,287.36907665767063,543.9855606886249,6.198540430259863,67.63691217850615,4.904570001136002,0
9.33258055527683,162.3119607891753,18045.251349282764,7.189622123162442,313.4131880296719,481.66897705734783,12.322551320572684,70.8035793849223,4.874622130654602,1
7.814800261898346,224.53095904373396,11775.1462419529,8.92244156471491,391.2268188496535,526.4453853504641,11.948784975007282,53.14038211940224,3.9043432462339243,0
5.023019923041145,209.45384487665947,19135.148574383227,7.582953915468675,383.8497214290616,342.814250398775,16.124009099358624,65.28294927832673,3.8867877400954427,0
7.62044446069739,209.33984412286628,31725.735624330202,8.045124021913852,311.38765671905264,399.83219163097243,13.756258248148967,33.98161456471047,3.0108807299787324,0
3.992961033752113,182.37541327510223,26981.621353453156,4.47929501713706,231.92648309665321,460.9058311709673,16.394655971877096,68.68674962478876,5.333472176334618,0
7.9994967847416225,211.177794440584,27662.908345863616,7.706264906380274,326.09339300221296,520.0265869389063,5.841024768921585,84.936698970954,3.5916858250395034,0
8.381290279993816,187.76600500043264,23298.275376755322,5.95873934001352,323.3824176230137,414.4740731297569,11.502584883289831,43.93175700961074,4.235110541606467,1
6.209236745191482,214.64379551559884,26602.189967651564,5.782690676871253,324.7532178008605,419.5475420411569,16.12035024070148,74.02366319731047,4.168155320704727,0
7.261615113054706,133.7544757966703,14995.13033285542,9.875683031456246,352.8814067541868,481.7378081281007,13.257658072802856,56.76430367273592,2.924473038348758,0
9.95261142761292,182.10857927187405,19300.54564280222,6.782243008061489,365.4463226166849,335.22837845840246,17.078474364145155,79.05544319374444,2.6091534811839,1
6.336552344734953,252.97723806495537,23697.435306478892,5.534783107058716,369.5694256321768,556.1043616712313,8.30676436992167,68.90187030561765,3.9743575642765316,0
5.5234058470267975,171.15649274099212,24447.135363465073,6.552572027587978,349.8879283244921,355.16701231596795,16.69997687937216,72.78218385665515,3.6160702282630233,0
9.258045201620021,176.52183516139897,24821.25056730669,5.065288638303376,268.7001468325159,271.1687886821727,12.164449189131515,67.4222728833733,3.9002392497901988,0
9.96500317008027,181.6455108051493,20801.272765447553,9.385537459750108,321.4490416604643,427.0235149587097,11.843187650693348,87.34779258668125,4.801024191558522,0
7.085432637616336,156.4393223133403,18705.13223490814,6.020824424216906,417.04980477746767,563.4624477389693,17.560365725329866,71.87866323325177,4.145456437418878,0
8.566850662050284,123.78381088537736,49698.99712584446,7.956293895630997,347.30419279576154,473.601277462259,18.125892740156033,55.27546803018135,4.56164758179649,0
9.051969595830395,188.79062508052886,29964.102582871114,9.262648608452313,347.07299920356127,486.90562678012355,17.704855994048902,67.95673637510224,4.317355966496951,0
5.988548178168576,200.83569926956406,25636.24894559611,6.3297587636807275,346.7718218634272,429.5543834520379,21.02790477190976,60.582745952425405,3.7232593292729312,0
6.366600422009234,194.6441583971345,19969.497458269958,7.960595442991002,348.79181955736647,413.8963744455162,18.473119943947438,68.96104652581393,3.1885935295894106,0
8.88938553433746,191.60784166877298,18058.15076385284,5.492464033251,247.6543257755547,301.36587384318034,11.647104907846089,59.78023163597537,4.176479937128506,1
9.556970989701508,197.78475342485225,20867.331110659223,10.98431591919962,325.12359118683395,243.6289964987627,14.748822204129002,55.72669470043462,4.0354362430899515,0
7.9074348644563015,229.9907991698736,24581.38782235848,8.599480612694263,332.4105530589399,442.07076766940617,13.087744922914863,69.542522795043,4.683821943253703,0
5.786672900351981,190.11003386850666,5527.879085023833,6.815681826757927,380.0932437290183,532.2771003946336,20.99628743643141,67.27980244328306,3.852297945616456,0
10.000979834198178,177.49990569114146,8254.890457743213,5.898922705195437,335.50289841164977,454.01944468715595,17.937119550052728,83.17858367637302,3.7380735948098924,1
6.299472780216412,187.12940531172862,16430.395613222703,6.93988544651339,274.2750784882058,476.6030777810732,13.65480674747846,59.856145786075544,3.7909904806503523,1
6.587347461677966,215.41312799320522,23830.12908430817,6.5828257186845995,349.3234221040471,554.1902148631311,17.185881430562436,35.16193482499901,3.2533932246957527,1
7.583236616699743,242.7833234977166,19916.327286095875,10.205652395319222,304.72977721250714,452.7776492649519,10.201423076503623,60.66175750823356,5.098589756959957,0
9.364615818450718,175.72291529350912,34973.11875709618,5.183655138900455,289.8053669313175,416.2982413441413,15.108366351606515,40.751186931885584,4.858910428600295,0
8.33534468553177,199.6219535796394,9017.576417147087,7.332986248798521,303.63349205166276,360.06501045541825,11.17547654948379,72.95514703150302,3.0238367334127236,1
7.689852285532009,207.491809116435,15426.871458529244,7.091025854718739,353.38610286007554,589.6249972137742,8.690759815923283,40.00262966993962,4.597079550738589,1
7.761034139273616,163.7439609188236,35341.08391436941,6.934491725455106,379.27163120492884,468.7603260334089,16.87681494622375,50.81338834572963,2.530896050132755,0
7.143966562905895,197.04111228628864,23163.643276871688,6.948385685197419,351.23308821871797,349.95754533655884,17.287436525070795,60.68598559300542,4.7385256018265975,1
7.900465086342204,148.19330030916535,29771.7084372118,6.936608120009637,356.6213193015191,331.56794076498204,15.793373825861673,90.74810103708326,3.4268466481360136,0
3.3615466857893748,138.22131651608598,39997.84373844034,8.499444384804718,350.87585616036534,527.4700797731255,13.67437909572488,49.48052287517575,4.2507224349890365,0
6.643987035167396,208.4249544274185,15931.347093238604,8.082195425458048,337.4419641717373,342.3743365132432,10.088352852458385,66.59562658422168,2.464982442157496,1
7.434743244327668,183.75203725245717,21143.378358279562,7.781880345969003,358.96707314755406,576.0183382677544,10.435941857925911,75.54623061861598,3.035010699291199,1
5.388009297079325,203.01895699850948,19625.660701351837,2.3262968078104747,246.3654546201111,203.4602413670996,11.07168326706458,89.8036349242904,4.335588314454539,1
7.647895277182993,195.78179210573555,4877.723573304094,7.593675901177799,337.79473301615667,541.169917933408,13.506541404390502,78.66582323464664,3.4232916169614316,1
6.779427305150401,164.275730400421,19292.769830206555,4.504089810931269,296.0164092487518,465.55596968999834,17.842151608232268,83.65091262724398,3.3148289611096855,0
9.66054927652377,194.88249109443225,29738.56484106939,8.141185857754603,375.8072989717452,435.79361532722595,17.78993793867034,80.03012231808881,5.058772124012636,0
9.392338996065838,155.8379601041617,26753.562848662532,9.449705840761414,328.4618072694626,412.03120386427514,8.823241245281377,47.33213074108289,5.6945481847928425,0
6.395265813396301,242.09126140750604,27441.734535153642,5.6565422021100895,334.89846390999935,578.9998790648835,11.985397655466905,72.07234448507984,4.700870870719197,0
6.858268563996958,151.799254764453,18721.91639966796,6.706386458698524,279.38670246446753,483.3474263474012,11.896267025217213,79.78338321575596,3.1183331540466503,1
6.971297078555663,189.93453814326273,16261.934629574262,6.173017986016265,370.5282683289244,353.22211636515857,5.900459844660876,51.31599043184071,5.345545079597806,1
6.416060570045355,162.11053290088694,33141.946404339746,9.071982205695745,356.45163826669545,287.30488645330604,16.153860334404193,57.25718674406217,2.752082837474262,0
7.366686726521347,215.11974396836936,17653.99619493865,7.270144058729875,353.90809646778575,440.537387794434,13.465210981505694,53.73365750584633,3.732496665821246,1
5.965325358735242,185.475850825977,24592.37487296903,9.850760421294806,304.3973541226187,426.12344169884153,13.905498203751469,78.58426448871589,4.012726658250151,0
5.417995457641837,179.32142492605084,23446.082712476535,7.773731640656872,305.82065600393594,303.3894638996851,18.734833203223364,65.3074367324096,5.470749518194224,0
7.995385499133395,224.4147347858446,34829.299276439895,7.5030712854045944,341.860884283675,421.73364920577245,14.572302833971222,61.340260246335525,4.681874127290346,0
8.005408488806061,197.33738354844115,30530.68556455584,7.227766716512481,308.6808274536354,379.83034230127384,12.85428216096248,46.18806541438239,3.6082689980563747,1
5.897655833299812,213.35210293791525,10658.259763128599,8.412427516826593,349.497031671159,426.960730419864,16.173576925526362,65.3371926271339,3.2329341087917953,1
8.396172483221022,164.11381646667093,11602.538249654866,4.374455806772358,255.68461853601065,484.87188705730733,17.78486581216511,57.44913164189052,4.751710269966539,1
6.151580738126963,150.19366705310284,27089.525524270255,7.254843449722406,316.16013973146573,546.8278098545687,15.261307643622935,70.23746494421584,3.5539800133681227,1
7.452152899915832,199.8939257122592,21450.02704776795,7.009326618909816,398.7146702405134,499.6573230290021,16.56121757169087,48.37540727736125,4.139057268534681,0
8.28590569854031,185.8895202948882,18023.494280567043,8.26616174690927,349.6630178237669,367.91037300622105,13.798171079351052,69.2055817124128,2.90157433837789,1
7.030589529885542,216.96090768356115,30918.333253392844,6.823431462719022,339.80792303615004,456.0220315606872,14.009050859549516,59.477746349233605,4.414021127074877,0
7.748469140847468,193.743409160982,23657.589518431363,5.4787995940229814,405.5260869991628,431.3096864877704,14.654098551089122,46.69858748115675,4.351182213683034,0
6.32084842348527,203.11082640064228,22473.99597605874,7.131614066373125,249.35863621651606,318.5606591762769,11.787169654067888,45.46873072266163,3.0015363519066263,1
6.7911941223606975,143.00941624083134,28851.027054086895,5.409111964388018,304.31465631155777,458.3911913309825,12.39971605643662,47.83838848088212,4.77466602803988,0
6.7773866366058995,258.4429222051206,18725.423166260935,4.078085704111773,319.28160157304933,576.2476916271305,18.840781614419146,63.14508686416266,4.40270173042937,0
5.9825298305858485,190.97136595199711,35765.65670500454,8.26885352074708,364.8008135608148,428.8303938843518,20.926334677304283,68.3080979999124,4.547218917168476,0
6.8201419802198,219.29968371504947,15105.095236162875,8.03491728485758,365.42622096706845,297.38409765139033,19.550175095466376,70.65511868258815,3.674630619654898,1
4.803531100670293,168.8876667998809,27773.538218306345,7.858003691509848,302.48251753736787,428.6560113122875,9.900018149096107,71.25010951257762,4.109586000803425,0
6.358003991701106,206.494285485884,34584.83227808375,9.178626906674381,369.8460692022317,328.12991720097165,9.580271560523741,54.438088174358015,4.019435517714953,0
6.661233024746584,153.54549262294162,9939.023667588968,6.069249613319798,319.20420430899344,495.9979610114809,10.338751780261516,83.09101386066092,3.8544270842917006,1
6.703415763831791,211.22946984359538,19003.99154621113,4.858839654421417,377.56865607096086,468.6243399813076,14.724822432621082,59.42610345485143,4.10299255696936,1
6.724998754569955,184.6691318462377,32028.08492112805,7.009352952643289,296.4602928898688,412.39875857870595,4.983121599296133,73.49886171614197,4.950025519561178,0
6.98920662620561,197.3294918643621,32159.919116203877,6.570949526464662,329.3235188097489,399.4486156761911,12.331066814489452,63.81126881380251,4.808461498189063,1
7.784779031586514,219.31240637037632,20510.548627408218,5.789172767503292,316.0653532222911,409.05934608644765,18.937498647123284,72.32354682395697,3.048148671574292,1
8.365540098974808,155.8563999701894,15573.05954738343,6.993838337489282,371.9449376283849,426.8786618878029,17.531872529712683,63.02004639689471,4.7386134171874135,1
6.124845116533048,173.87075681475736,30394.999219612928,6.153663868996756,314.88668683329854,363.80568792539,12.59489670660169,72.60762200358091,4.899091830743468,0
5.3112947425779575,211.402249119322,32390.537198626524,4.219111652296206,332.2459101615151,314.06567352427385,12.84559348972519,66.28347752198731,3.8520814147851543,0
5.548194714002639,265.3385398683516,11803.218551021679,6.422940828545859,352.0961639115426,518.2282618823945,16.157570049530854,79.23426579916136,4.366588740962266,0
6.363811705843458,191.8312336596771,11459.102139372484,5.3245272366079055,353.4856415765639,395.06574708928076,17.375739579858298,53.489336868559406,4.355321300496354,0
6.562675662809732,215.80064419615965,23988.967139987075,7.486003953145258,365.8344672340804,439.70875324790853,12.515315643781394,38.488813633005584,3.3070260389940453,0
5.948105782689738,192.85384778575175,27531.839426216786,6.0834650819797655,341.41004943516623,449.2636344738452,13.50424846810866,51.0501534955243,3.672074095727904,0
5.174708503552655,260.21161269963955,19392.082543898505,8.876377729142861,318.6644842017869,452.2324749609378,12.40650779859872,83.2568434083038,4.555631986304254,0
6.409502383612944,138.93882380685204,27969.615157363853,9.654108386283228,321.1418873427347,331.3537676544763,9.873233349048043,63.96260741037035,3.5832586552714685,1
7.346697131567538,199.4801937382818,15788.159036437099,8.193422569358813,334.70779747160304,290.78535630256516,13.552648194047794,67.8518224007693,4.7308896562246,0
7.954693314778281,142.93836761681507,3474.0848373927765,4.669378632466355,342.8002720853282,378.6377570796401,13.300479841908992,49.78415059648848,4.987878503862814,1
6.260588111930768,113.97899247645813,18297.651801613494,9.498209678228882,328.46121664675746,458.187448934614,10.107267976077548,67.4337822456199,4.862064036744767,0
6.472893201449152,206.14757768598264,22568.460771874055,9.60963831159055,334.47401163369483,367.38437120940074,16.418527903580884,50.270244602973584,5.514247590472176,0
5.717753485994454,200.95529255936697,19595.73762839699,7.149689007866547,278.9464454789241,397.5288054075649,15.879791446251694,52.58892929241806,3.8992288198129326,0
7.033784419549079,187.00740985641386,11856.348708746653,9.210223333330141,357.89821998019204,598.1169040051026,16.582832209797203,60.05283232186741,4.10821683769587,0
5.832809907739502,192.8794002603933,6095.877829205956,6.248353281886248,340.32539812046394,277.08129586894546,11.737687123412941,73.41918375617064,4.22011717725486,1
7.922497885464564,298.2111023979222,17506.955211681634,4.171331422937649,369.9875967453749,365.1957027904726,7.714364505440516,75.1026363467324,3.922889618507224,1
4.4547762568568565,187.88378321290676,29884.04461088078,5.9187505869778825,333.785800737692,579.4745747814591,15.826866039127097,75.53153804047969,4.392899599799283,0
6.55134438149488,213.13778775428997,33027.46187675082,9.852295368350715,270.9543115122226,422.605981316066,12.081786914575648,41.35591350575022,2.635260857370649,1
7.522627788611861,175.02537837929174,32427.046412820186,4.764093720693872,320.8257547184567,369.159338776033,11.331888478956728,66.29490082884558,4.129826203180166,0
7.350236738994082,206.07429474158462,14860.823446159553,7.1192436254517615,326.5545325785004,520.6582161836686,10.119154322930203,63.296750487554256,2.8955994130913414,1
11.03875948605133,188.53925910092187,11899.281308278165,7.173947351477535,360.62852545837023,430.6731715720386,13.36868243203152,42.23748329839545,3.2191538434660893,0
7.594206036114824,182.87625747267379,26368.199895490186,6.309500694530858,258.96031410128586,398.06319859649386,19.500953353237065,66.65206400120907,4.541654052603333,1
5.604039742642245,256.1571947534247,27582.157874681678,6.419235872257358,335.26822774253446,441.7553329939013,12.606962084313245,62.45076278102228,3.8146893340097647,1
6.939667556779063,235.06406973986924,25522.468967801957,7.2341536320932,352.34422229877003,373.02822711377866,10.672751923807448,74.4667598492991,4.5141392902783295,0
4.468917889804316,200.8648623000127,4356.334040204456,6.231783499743131,309.87382782592584,343.9865472080144,16.437899557409395,67.6812663923017,3.797794249191119,0
6.961518368533762,120.63055366552182,14413.913460872125,4.873147574474669,336.47705627478086,417.030232277836,14.852008646042949,57.737215237433105,4.832996926785102,1
5.8554075962088845,184.50362683168805,21753.80154714106,7.45975046985066,311.1189005593246,344.51133565625787,7.265112472952032,80.99927384370653,3.7835170496153836,1
8.425623705073438,285.2185160419951,26285.64397250972,8.815919200263057,307.41323419341506,427.0741265262736,16.47236631838338,31.371147692776297,2.4451635781407637,0
6.2721757963445635,188.7881510175528,28741.2501286294,8.493924579472406,319.01970661625415,454.8495947176013,21.325228313740297,65.38653892466505,4.1458062139687915,0
6.9083541037809875,232.63276159340376,23278.79380815677,5.840617961524098,308.0955913922422,495.14581545353064,5.672226080209931,38.593532802487175,2.2782893203520107,1
6.145729973135527,243.766646752182,24914.14771219622,5.143059893703272,358.485965793379,517.3576180796148,10.18981306048677,52.0147121130795,2.8368776960247226,1
9.636111487224397,203.5673439141859,22758.124992507222,6.67098314619545,307.2188391711694,393.4224333030977,4.851375336563182,74.67631209645745,3.2813017073811155,1
6.60777313380667,168.69932296049384,28025.07274622951,9.59711058547715,301.1488323452879,466.5676944675562,14.030742367347836,46.30590573344854,3.183986607339254,1
9.773858853914426,116.32128365429647,24757.05512572066,8.140044964756083,397.6729420195807,466.0108196879356,17.55817844318358,43.94796999903895,3.5448603725552976,0
8.276803090313852,218.85844466697634,22590.42718529638,8.23226418933489,368.5011440273206,452.70103042508964,14.629207481825684,103.9632723884644,3.1571870976457377,0
7.788638089183018,169.58897018718997,19661.23901313878,8.525973983821082,266.5049071457765,387.4648850010934,18.887505760752937,44.96401165910401,2.8733569224031754,0
7.622037726556754,202.16006535354845,22726.79062037519,7.784811168779367,306.14127400472944,343.1318400747752,17.029121460992744,92.42871464169734,5.172631880975804,1
7.65888202837789,155.2884054376976,26262.614074301055,7.310561505229455,342.5426117980587,466.7767726554687,19.914107640792203,63.68437186458507,3.4410472538143213,1
4.246321308361953,187.65164204474445,24359.10825380875,8.166444896703789,345.48050812974617,288.27843634917963,18.120297642434483,58.12344475490737,2.23000123054503,0
6.670041410598388,197.47834533459763,25352.88279970906,6.257057555335529,279.91358783226866,404.56589545415477,12.94625844290254,75.338221379576,3.6884836690527796,1
8.322382217640953,205.19867100892608,33786.041384493954,4.8851484420412135,375.6505569105987,219.85107762543674,14.500864570137319,87.47808857133676,3.092709774738508,0
7.008121140293065,159.72579470172616,24338.843098421563,8.262335156706431,363.6036105092239,318.2153201684187,11.404679409757978,48.326508552951665,3.2797252507116057,0
5.014370925198745,235.71246288578564,16324.170701352119,9.075626207083776,351.1959249819378,355.3288064340636,13.516528081046758,58.353360815981084,4.524067135454938,1
7.00296545765112,176.7500684258601,29760.87392237166,5.3531935358174705,382.812167654336,514.8362832185225,14.484662834379975,79.75513571597067,3.62043705734753,0
9.585035108895571,141.33018883490183,10036.314948038937,8.418635942217122,350.12576033151294,481.816009452109,13.998956759097977,70.94167030697379,3.07097465105005,0
8.912930821836039,192.78640018580094,12533.0901659811,9.77560982715334,349.99171297616175,381.44653819870837,18.72285917206495,83.77724418921461,4.318077737766651,0
6.988854106231933,197.49991640769974,24958.54021467173,7.116451001223749,390.07452888365583,485.15037314443515,13.18714371310239,74.52331552138916,4.866953847875087,1
8.478630437275388,201.64857466835574,26541.458357718526,5.827556548108041,373.57807564749936,497.93881167076984,11.194793971125147,94.91569262428207,4.388760286859079,0
6.541234680058964,241.14329210912857,11098.43956175907,7.314369504172274,303.3679204349372,413.22667360283873,11.40158747447045,69.21634220360667,2.0562266541126686,1
4.5753087673647235,188.5979267364923,18657.841096168537,6.250156330242892,356.663673757203,314.33840216609167,16.448381899070576,69.89796180917928,3.100308188130329,1
5.721034997449555,192.4381029469985,16700.41364364884,6.145566426268886,309.7733593603968,409.4086062235573,9.63561186922541,71.47354603668916,4.00700985389624,1
9.37744648970705,160.10832938886824,17747.286741742777,7.804430826289037,352.000145471343,418.29931473803964,13.614073776800463,64.15295080827218,3.779446463894068,0
6.677230169710922,223.34159363992518,30286.82873207346,4.586107429452765,351.0048121436961,326.61536067700945,18.674025812457444,79.77433449429058,3.714725379927427,1
6.722225550318724,202.42823893624725,28208.185895175382,4.838592302462281,283.7814913278406,455.8710513366707,15.248500855402147,70.13814010031993,3.2034497795841497,1
6.639237851475926,182.5636886038409,21846.44145112118,7.150479590990829,329.37649960721916,448.8215959461733,14.033056162016923,78.82959874421893,2.873644415199597,0
9.87908078667232,133.76334282579023,17227.516213740193,7.084752508518359,343.3663888321957,462.1739005784492,14.161136563956797,81.294762691653,5.536069739894156,0
9.470159605582232,243.84782885146072,10181.400921755878,7.662816231723099,318.01247249747115,448.7497754821011,10.872141199728057,73.15673032820636,3.9911465434483513,0
10.341606943168756,156.0161595683294,34465.178000837266,10.082856113803754,345.15361731800203,485.1886156676418,11.44288410846167,74.31206643317329,4.470854995316586,0
6.846203540711925,176.9346918320178,27205.288749994943,7.285132176999798,362.9051456608186,411.7185020675803,13.633948662652749,50.46709924960267,3.974875915395371,0
7.514567998458229,208.14878407906824,15818.559430696841,8.065111997528975,332.6743666587005,442.5162545266467,15.17791372966176,57.720923920081425,4.006151984937632,1
4.850535452351437,157.03914088636952,28322.984303561876,5.578657961728881,341.8970250882365,394.06860763011855,17.418376539064987,79.70015705366384,3.921559348148756,0
9.251093606393864,147.27833358881918,21398.423366989526,8.33334150835613,383.7769461990129,378.9766183855902,14.586375642837448,88.85066373727796,3.096052229921943,0
5.363364059636136,126.55584295662915,19496.93493568572,6.288302433125129,350.88132451775965,534.3539526618833,18.75768252174656,35.799415343733166,2.788698222733287,0
7.398660078731065,220.06916984200825,25829.68956716645,7.232844915478127,341.03778982883546,261.05305122964376,19.593205430343527,57.44479816784519,4.27125579152109,1
5.46696528437972,178.44972813584582,15513.20429841766,6.948019172390724,299.1550112197612,497.06097472355606,16.912334473316093,66.77249690007903,4.11651707767151,1
6.214365764694117,292.58936793959833,19000.297529455376,8.75209929116417,358.030880051593,376.06409185523614,18.334688460664978,52.53384173298772,4.701859100798572,0
5.849224226356941,163.6855489927132,23078.967085882185,5.050237044087501,345.7116191710246,365.59941486465937,11.000738244205408,53.428865211254866,4.543581444780781,1
6.186423366806547,166.08190485989135,17635.28651820097,3.5124829573082375,380.1743431339689,447.3480764873255,10.476151526182512,73.8894864097283,3.339360489655257,1
6.287489626371001,177.78553306671887,27880.113928013743,6.78277633860108,335.47419055498165,305.83464722591543,15.994491875520447,91.33829903383351,4.85342122095906,0
6.274044871460137,204.36183611440214,38400.62592304316,7.860279385910096,268.1401286851574,360.2671755560273,9.840595522720072,34.358142516799845,4.566721212220524,0
8.305000850317052,180.91441625412682,15400.98478286268,7.36058561377585,272.3376318005466,357.5910251652851,13.31886919630726,63.71159113055866,4.508856424488721,1
5.4558516941980955,216.49735987426257,7415.553548484293,9.06688269511398,360.36750280227676,408.3188067560625,16.832645206641438,73.70593099003442,5.7244748977434705,0
7.404195897710384,164.20379962107293,4464.373551497098,7.811048825203876,313.1732033791887,361.22763341973473,18.958264380708034,78.70397434159781,5.564287834756387,0
8.870399953889171,150.9570802141021,20694.901195840946,6.229119635661421,349.56478652513334,555.5964009865093,13.438546197546502,71.43263820019874,4.5081327379128115,0
6.325601344165308,137.26268151562266,16199.973510508027,3.445836156459305,337.9083677723151,571.4269046981997,12.128684382531544,94.17731821249254,4.410853820553274,0
6.024659230601025,123.28111709990435,23836.45082077034,6.745046669971555,327.7504144095417,262.81270342672894,15.340727967203337,66.85585697674777,4.813691041780351,1
6.741128800985031,179.34107132985488,23176.604288117393,8.744175223567321,330.2975031388416,470.19671777211914,10.726571201935926,87.09012630448338,3.514516059657111,0
8.814196056290244,186.4767771316348,7958.319165859499,6.500564503385959,302.5048232876655,495.5985925118588,13.706447674148755,56.206781838644076,3.5255331790789812,0
7.365338217501436,175.61466490662778,6102.586043655734,7.164746016610867,333.20979432316585,470.08863420522516,14.253519840205508,67.31439106770617,4.495268697531692,0
6.29911498692683,237.240748553542,24608.604782759496,7.7857492018046,312.6564073388104,373.0278486232601,14.187372984259667,47.27548325465213,3.301948650480494,0
7.791298677246418,236.7353529898194,23201.42574262185,5.515838048685291,320.326649362657,406.48463762196826,14.572946498337188,80.60663222745765,4.432360198708139,0
5.459630539740457,185.36502580269922,18280.84567018082,8.104712716689331,322.08332352421087,365.7419251474144,11.51775582805621,64.50061605614866,4.092329089898229,1
8.081598480351133,137.4038130093802,7485.531046120506,9.706652428202695,325.58730522586023,392.24846364205507,11.87365319443304,72.0428381559388,3.3021717184181476,1
7.680652742321598,177.74240309823043,26146.885620651112,6.8469549040084186,367.10734871816607,328.43272603340546,11.807045175982026,61.458176684634395,3.9901758780248735,1
6.62752154742584,176.65387078194618,33165.12585162716,5.336078213504964,329.0893594325423,416.933915323712,8.91748773726436,75.64797747116269,4.987963641867965,1
5.84727887628257,174.76997378992024,24451.22598936054,7.014770377305282,370.7766024443661,304.76859370943725,15.41145836531061,72.66753376770521,4.034248951509993,0
5.776579044243318,173.4359796288647,14584.091482421249,3.6054731083979874,389.35807794093904,410.0371266728242,17.241316165100535,50.71434694935408,4.0375071651420225,1
7.866181484428488,174.8906746175256,22404.689082560366,7.652307157083054,364.67769968916923,325.312113703848,16.915786374245204,51.627177588165935,4.226608517545586,1
8.88660133865892,183.66437708544063,10037.05364621577,7.8345935166847545,353.095692857376,442.92283019636335,13.4111353918749,65.96208712251689,4.328167047855455,0
6.143157611867672,175.47976408193267,31289.474909188877,9.767505344275989,345.5917160507344,371.306105280205,11.595572657374532,76.801481308303,3.71194443645667,0
7.753828454220682,203.21756085852323,22731.63810501741,6.813488227744733,365.0540637450695,449.69179791174133,16.7436814662205,95.77786287260538,4.243203617414298,0
4.012070282654959,208.21531969179279,6512.2516785697135,7.765406834271423,337.00949709286806,513.612538659158,16.394835204059767,71.17816580961855,3.151725119519228,0
6.220611935933917,166.43709598431155,19378.008726887332,5.759164798230277,369.36235423289315,554.6532069066214,14.999662326464138,82.28877021724429,3.3467245756695676,0
7.0343433686797745,238.1499172658512,26075.960899570855,6.556845149570376,355.97378380316917,221.92194916125416,20.053670245521033,40.96534075876907,3.4465036957010144,0
5.742765377036704,164.155352138499,19094.18490595477,4.710207010073727,320.77536574739673,358.7987752740596,14.192531524275022,98.14431374557391,4.336414897914604,1
5.7033356290592945,143.19289382388988,19595.248754118064,6.812232398372488,366.1560508069154,401.7176141085781,13.429694153208617,75.95167154950738,4.094981605493897,0
6.098364051990737,208.88617520576926,11279.474238308949,6.637611537440668,337.0860874160293,463.40909100340764,12.956604634143073,65.61773685902605,3.8651995297497166,1
7.509523310639769,169.50179462180066,26981.085138171908,7.592735630420456,329.9443892448909,292.8448525192724,9.113494791548527,63.80274333158852,4.508800591876524,0
6.80462634294263,206.93085064379534,16328.81137551622,6.13471692907443,316.5701623431806,346.8471126064745,16.469035281310987,48.9394591877636,4.265512424539022,1
3.789800087012291,117.36141308182557,3108.0373973601672,7.251685654540645,339.779921162187,436.74416554672104,13.930843434707759,53.44830723149291,3.74381811161336,0
3.9625707756264528,242.14002679654843,18759.191242137404,6.5932595121398885,369.7921589210252,433.0698187977699,15.967872408890992,96.52756991874395,3.1625199426005466,0
6.187908188549952,218.468284322288,30616.055220839866,6.596230966486767,365.90629180213233,456.72534342280767,20.376616186922003,50.80340000822959,3.330627135043133,0
7.752799281498722,147.04933582901214,18621.790547885543,7.246972475021588,346.55165184016664,462.06343548982863,12.986611641615717,50.499617458447744,2.8258886169935447,0
3.041167881193905,147.7625959391726,37251.404101124484,7.184026248860876,355.45112117580277,453.57181614009284,6.541191147419965,55.325982934588126,4.079644249117644,0
6.345396641057103,251.33738026768572,25774.950667553014,8.32265498170159,379.7391220456252,441.85928613699093,15.872342923080655,47.504689525800735,3.297531749686136,1
6.306415650919391,172.1323225720221,24984.060723089293,6.929384006074861,328.36021823708506,430.71433108250375,14.832304580544756,66.6413846853137,3.583648074052581,1
9.120856533966418,168.95034402215867,20888.39287109916,6.5671811483856555,293.4687210724183,479.92950528062573,11.855577670534931,83.57211878473082,3.8704792691094863,1
6.514017936782091,121.88486766531308,21415.40911070268,6.834324236762183,380.80283285773356,245.25033531494495,15.594951570907156,56.77253601469003,4.784316249237935,1
7.642993807569165,184.8399203818769,19704.59440347123,5.990830695391232,314.6338139716098,551.0075890821455,16.88197881954548,44.74267610817185,4.6944566666871195,0
7.287647995928571,188.8848562603488,19364.02471765231,6.551340472164659,308.83118022235124,248.065805468361,11.146721197199778,71.0026529062411,3.9273273924219003,1
3.948067274683415,219.888258090813,26668.324509289967,10.329230766655705,268.8654131222093,339.00293357594796,13.282591538754804,65.52043869478935,4.957092721732233,0
8.209264608448654,150.3822920655763,13809.44236724326,5.67796755810053,354.42616954135764,407.8854600227018,19.16805484579995,82.21296615478722,2.4003681627297286,1
7.396632863020743,146.39817313905118,12581.48134799381,6.679722992470691,275.1807021486827,480.56384772897013,11.8914305470308,59.2324041200032,5.43423202881788,1
7.827154900321647,211.1931418051028,12166.780654113863,6.50776791203389,306.6656466900206,184.16248255448298,14.500676890419628,62.29732758528734,4.510149777157577,1
12.8515694284614,229.46121744123363,39948.81392003158,6.729468852653849,355.0388777537742,423.93727338226034,5.59319904039474,64.04190615115266,4.050186562315545,0
4.016353978937075,144.7262222187552,26663.728197813358,6.596641891972136,359.87023406203855,490.2434431351855,9.375091391420913,67.80359482342841,3.274739449013391,0
9.61530407514883,231.91936801667248,24683.643165336216,7.56119935992918,310.227412083393,506.57700895626124,14.801382916171567,60.209302348070814,3.628307454418238,0
6.657452146481478,197.60400032967183,12742.61565716332,4.417923339800965,328.9316987624944,369.85879029682036,18.34463964972834,57.653262416114444,4.445293698550873,1
7.502373489472424,232.2576414953836,27479.075318745377,8.758730926600567,302.2444338156816,401.8995004611638,9.771681752576686,37.21954390941337,4.463021919154503,1
7.013096999407174,194.06185671691594,20992.082194233983,8.119480823434673,313.96094008850383,376.4190697041867,14.526807045420243,57.48384371217576,4.491346829060814,0
6.456372589904876,113.46272485217108,23891.758365758513,5.156262894020247,343.40101950192604,394.4779612485571,13.036373721032197,77.67907093764924,3.401772547194161,0
6.242345595489025,191.37483214327182,13451.835068151557,3.534857908735206,315.65048902829596,342.82809643563513,17.434721462025152,79.80837184044734,3.2447187838481364,1
7.564377841292323,231.21692731972465,23419.203934817102,5.576226009096587,324.9540684480513,354.3495327507251,10.249071059382242,58.970547617965195,4.122260090594955,1
4.849754665892632,166.9925683527183,18298.243888829973,6.736586990945146,280.8455005263411,461.3119990691124,15.703557016096376,86.89289419132639,4.57048608706175,1
8.183351376256995,183.61759147201207,15301.800895750228,11.196861199931424,374.7250357960938,436.84583831417024,12.11628382604239,65.94733678928542,3.97248418261379,1
6.468194224818677,190.58049173827936,28450.169090479387,7.978346004659352,352.2138066772023,465.93510567838615,15.018255862175632,45.302162716462504,5.125557712570431,1
5.418798071610674,101.06297876872301,8532.651969821507,4.264008354293297,362.43560013819643,443.5045028317246,14.508161783141043,40.341903429716396,3.995847220508287,1
6.418481098746154,251.30719480462983,26965.61340778295,6.030344302256509,380.4159712316534,483.1276023587372,13.446611264587935,85.61192743971309,3.969447257810271,1
8.928009348787983,166.7417814017799,28015.137364669834,7.035924350688687,303.95680667777776,497.1784731909051,15.861557211151663,60.51773125263287,4.493036793130282,0
6.293057422086152,212.9935236653809,14302.051578396897,7.520820015790993,320.8276233833672,285.4618799486201,14.424490550542801,47.25420247114543,4.92099950732179,1
7.606926818768142,193.52013365480838,14822.081705705597,5.042696800709532,265.30068595557884,357.1732371500153,13.84041114012614,30.77121477646162,2.917580897352455,1
6.005494274698254,237.70793838253218,20058.772556430762,6.906715439796243,447.2748839710948,407.5125088752299,13.10026127238472,60.159556931499,3.0979508677322336,0
8.19414511938772,209.71706474421103,24486.766325450695,5.986130162575346,328.37398670443,424.37742916536797,14.536850670057065,72.78292104637262,3.72565607855965,0
8.0876963760216,188.64803919510558,20673.975130116567,5.37606147108834,371.3196263029249,372.0599807297647,15.014964144363498,55.39741065839136,6.433974591979158,0
9.797454984945725,167.00015890889128,25815.23180786805,7.530161121784348,289.0328562437165,499.91063285256496,11.005939714933143,49.790323824688855,3.766054521218073,1
6.821921000116153,222.59535255443092,37470.53809911546,8.34272593403966,369.78947770273834,586.2096276415632,13.123250202493482,57.73634412907192,3.8750093044517566,0
8.062922562994123,134.78998433901177,17562.820310007555,8.44884521759936,400.91333428211885,441.25374763055993,10.787334523270818,86.00513814191439,4.452314505250176,0
7.2241592831222485,217.6004181144686,6976.712705449851,8.027530434791524,331.6014537301287,433.0255988119374,14.148111650595599,44.432679889262246,4.73200454419451,1
8.98493151933863,160.24439901639136,29255.152014853833,6.334156137638384,297.24674271325176,494.854559974981,12.319380401933167,56.28037475023691,4.10243239083471,1
6.023316390215166,237.53256396851475,36772.09604950911,8.24898862311234,328.7638980698283,275.43148938201034,16.831292219817957,85.49364955376942,4.8781910461314,0
8.175157809929603,201.6719159673228,25457.58057559271,7.608306012204775,253.30483848804582,428.51057507682793,16.50672629637464,74.1931600842126,3.0387024772397826,0
6.793794974708478,217.54234824923307,12477.547180979062,7.331628175064181,332.4107746250706,505.32588505603,11.225702254601936,69.22484562329414,3.3724510287006746,1
6.985643379650508,199.06497231041854,20927.89715627345,6.153524867711159,363.44975241477164,374.23672548617816,14.272362686731048,56.17400444448576,4.876739821452119,1
7.214876152139108,138.76936488271545,12207.737353515251,6.334935718800385,332.4877187323412,327.09163953812214,16.393489877312085,66.88106092467176,3.97853562953111,1
7.450793382747216,168.07783239919524,27650.151972336775,7.236741359076795,323.5111964935407,411.19504864783687,13.699729460257064,57.918435590491455,2.9852885280932417,1
6.909143306610722,218.47143752728613,10167.016242750205,10.975001657837092,352.8463117162888,421.3060101429528,11.869599992893646,52.847480713014264,2.9384204133385783,0
7.395628379260674,201.84797671661806,19382.7918962562,7.595963118544397,355.60945796875683,352.78180909841177,10.664144322171726,49.367493614491565,3.3374661718311307,1
9.399833544616412,235.18913818739745,13208.829279181275,6.154322166444548,273.7910129710627,595.6007927176773,17.10762562882438,78.76518755479431,3.9716579228831748,0
8.528611037854372,209.62563488703185,23125.991184255792,5.8048246769482805,336.9900618567554,387.5265454507479,17.26798052082325,65.44739529495155,4.334556064386895,1
8.357657250970437,164.59450885260358,18802.288257947537,6.3430087520031995,421.8165023896448,332.98278781121894,13.591693447726898,71.35988173976853,3.7133332000435715,1
6.4103568967449105,170.20337179312276,23563.80401447881,10.560123647127524,285.5325128822804,418.6444612059039,16.8159154047833,68.79188614008814,4.270299367606825,0
5.772815982504364,199.7528946264988,22210.04245601777,6.48917449940538,330.69296338141294,499.5742181328999,4.465153146079521,73.35328991453784,3.6290881403789803,1
8.484291820609497,120.30737155057655,13363.823372366349,8.552855444684251,403.95470485094853,427.61724546154704,18.67420589384757,62.38308468192249,4.924657757261196,0
8.367788785018798,251.37603478042752,27510.065397683546,6.526033372155257,373.6848901574884,465.4508446787558,13.760512694532538,58.80426199686937,5.9604352737664374,0
9.244825893353944,210.8902152247303,21586.550314191485,7.532671575221814,315.2258439567531,355.7832288719375,14.74928041624631,53.54302920550201,3.6637620689741497,1
6.192148479825232,236.70262720499642,13347.428826367843,8.370957532933781,341.2297326195609,546.4301033538679,13.21908633466564,44.101706766169826,4.344347592423178,1
6.7425634766202895,144.41554846560263,41660.808531364106,6.21639349730032,333.7036838853485,471.6018681660894,18.899791764981444,48.70553689927661,4.280760442837088,0
4.669958281087611,237.27885682087725,26191.06285054738,6.107043586438624,306.7446849918149,510.8747637809996,10.768978324707183,60.63736253824951,4.078182432482742,0
6.503067474090517,269.7193692054821,20670.41947842101,9.741014117239422,331.0965288352,455.7186307103184,19.160463681068627,41.120067330452514,4.4795357373662075,0
8.544958650551788,152.95272845874757,34421.51358263603,8.675656773935359,323.662023960372,492.868879088863,15.591656748328317,44.601351291774805,4.343480527404266,0
6.394251792534549,221.7259769984868,38161.71106508254,8.36926226353135,337.8547466220937,355.65862265248325,16.341018554689104,82.83454610685675,3.6025782150997823,0
8.021505298945211,196.40648388187134,20739.778184207036,8.363896543134205,306.73343184982605,386.49912422731643,13.190332895381287,69.93531047614431,4.996905702645697,1
6.799960434183218,145.60445940808023,25059.803664995437,7.846129271531484,287.64301824315794,535.0190969268828,9.949794454963012,59.27453479623048,4.127299673039685,1
7.556363831485694,212.57109615477097,13352.042053920077,10.308085784816603,332.2881128495997,552.2527467600171,17.359990633924497,102.22272921692492,3.669855672532317,0
5.392893656970969,223.77053734300364,20723.617299684167,7.189375116965908,395.7643724049811,333.5156288867014,15.310761642436685,40.40710193589554,5.875697968600973,0
7.2052578909618346,176.610970213775,20268.862806799858,8.032074540177453,336.7508137551374,446.39117164407463,18.786973647002185,81.78538982980294,3.8793535658186324,0
2.6830301227759366,234.69367602078918,23634.511113978773,4.82755757282146,321.7962008294139,391.38543148278876,13.63860038008604,64.64217987456861,4.168856196310525,0
6.805262647501882,141.58348681883908,24931.477651120756,5.81656211518584,361.0326609940913,369.8828869606255,12.892344135844592,78.78019155133505,4.106843468772663,1
4.683204331738744,147.2373654662002,26922.234771418833,5.222705980260637,328.058329200803,449.2278957816739,18.8745720632794,68.11820012136063,3.8686822034580577,0
8.85281193932382,200.8599563930023,24097.557825592692,9.133020461955516,401.2907099080222,518.4112145644486,20.60836968448654,36.874695368392295,4.319958469934332,0
8.222788808563832,197.2044140869486,11399.23092153799,3.0869865598072153,333.6386019140758,462.7088444660957,14.310939153770565,67.90541157340273,3.3109000709085326,1
7.766006343490139,172.81622943549968,13786.333036533588,6.484350164050698,359.095963862536,400.39019892204277,11.788372685402978,71.69171582766647,4.435303841487985,1
9.31587915392429,222.9813691103959,17223.608726409504,2.389943567796216,306.5085976203071,467.81593195056024,16.962856824833406,31.83239184227,2.598483857853905,0
5.68509271438749,213.82049610827826,19539.621815272912,5.806565125138613,351.961645615587,397.12032541292734,13.439191925975067,97.05764159325594,2.9575055940194392,0
9.64862390093587,224.57703126160112,31226.469882655823,6.344300659423651,343.72187825674723,459.5129566420399,16.26355995207664,71.30774376010461,5.3940651467914424,0
8.450321599462766,192.32250536997097,11818.336426293536,9.30809632819459,331.73786865481617,539.0583932538278,13.421796524806325,76.99724666195254,2.9901795791570067,0
6.732263727788149,216.17681340844806,18880.550067226395,7.746672143969903,315.6464745113263,258.35472793190013,19.4568864002811,48.01960152638157,2.441232095411249,0
8.749361616358929,181.72147453940408,30369.343463027166,5.803636393140233,310.72158981332313,490.6359582450201,11.964689738282184,77.29103832423641,3.009495388128374,1
5.4537485367548975,263.8790203431464,19384.995209269066,8.804222677176284,343.9842252762246,301.8389717878904,15.870553182947686,83.5814853273094,5.327244669973453,0
5.86796418255432,169.66162053609034,26050.659897771504,7.148174962157017,356.50985942443054,525.471162289098,12.662396478531669,70.39877095773383,2.5723478425872823,0
6.18537310683764,265.5711265062947,20790.692814981197,7.1793556367574585,329.18433654193007,374.7319604661741,13.348213281697253,66.25221052212756,3.2244649375785905,0
6.302402769145898,197.51676682082888,24265.36787711503,5.219779017720253,344.1618629584254,327.80997597562,12.916095782742492,52.308115270351976,2.8326098622327507,1
5.526860265142428,151.15695705987542,20011.01865973668,5.555778332033039,332.40976353228166,482.39470624104166,16.724792698769203,62.99041690655696,3.7561792262697935,0
8.877932108630128,241.33876825056032,27862.40642446821,5.816346266086072,337.3407305400807,455.63858280253817,17.31978191043111,58.325294560131155,3.6299036994190255,0
6.699484031456348,200.50837863654232,8468.22511329408,7.19340881158362,326.5359183260451,345.4657063716684,16.12611552376615,75.42037120168264,3.595009924752914,0
7.598182303484613,224.3464491137584,18828.850060695695,7.243059448629467,334.42952901837066,324.9550896232221,13.922574725073154,52.997456660898564,5.417784363536007,0
6.241583491371889,236.59814404249505,24614.21086829464,9.559666408367992,431.2871821093818,411.05962099582945,14.743995902615271,75.30454187811111,3.0347212522427127,0
4.403713148193679,207.478599064747,26693.118989177336,7.728387165341778,345.0424635589003,328.90773355666556,17.251458391600696,53.169197675753324,3.8902935318206535,0
7.476984316835391,176.9030434310028,35103.14902278604,2.842046203998069,357.1010320776979,340.4323690580416,17.356021353657173,62.26270022089652,4.234108972130173,1
4.268985186132928,228.44169872398825,18585.88680991611,7.534974340837271,349.6101730965574,435.553316073956,5.375187660219799,76.11502014089213,3.205436775583728,0
6.9791079522543615,196.39483353003257,34985.0468870395,4.828974157255298,324.28180000604425,348.1579132358456,13.378944611432376,55.30112572582009,4.3495401853723505,1
5.068576892915768,218.91414649765875,16236.276536194538,5.593765939113773,380.54477016836086,460.67864002704493,13.537703400335303,76.65896043117678,3.6581478142484203,0
10.001295718869288,125.57687603947467,33662.63867868655,5.836772234672399,323.257341336792,546.6285039833438,16.495225987257594,75.12071786647748,4.261961071628088,0
8.41970320159684,211.06228903811385,29181.01231720377,6.071925448850563,371.90967139878376,414.2052369218839,14.05898859337743,62.12710788084561,3.885760583809991,0
7.2354580731690765,175.37968392748286,14005.588536890988,4.947263960576321,321.7017590898785,436.72750731905506,16.66049699094214,84.72132108538081,2.370585644058283,1
8.937648816152363,250.7142877740583,24705.97361201129,7.441501565454614,299.08659315813435,589.2923969804357,10.709632847888871,67.6266590729791,4.988756995957278,1
5.835915513125368,216.85088112511457,21564.893645647106,4.890932389556284,346.985418965656,330.2399537047366,15.140780446175182,83.78290082425097,5.584957485976176,1
7.878914686645037,204.25412410606637,27498.734017205275,7.683534819454758,293.85728561046983,522.4737161225557,17.259680712921135,94.68294186531311,3.8321317380908457,1
7.373721337566509,212.35500948142177,20056.616631739835,10.654414301757376,353.1380377321002,512.7460024873077,9.39979270255693,62.594682887770325,3.269597399544049,1
7.468109519560495,163.5512491659423,19320.391672991696,5.019612686884179,290.6231061688598,495.2473841786334,22.600159879771468,76.57094009811205,5.144689922517037,0
8.950359645156949,249.72644741765714,34017.25709883595,6.670473719144029,322.25104977871104,530.5961438177039,18.22183243778818,56.345553817658256,5.444498664236628,0
8.15676339108631,261.82634565336366,21148.58121250139,3.1329373672302974,282.03728876759584,448.88326299911597,14.284479431161275,50.11251676205572,3.8383395789598023,1
7.504423784352785,209.28506709171987,29259.52459332378,6.644522237107189,435.84539571981463,379.10346746062316,11.537969165039677,63.31760120301603,3.7994291201279986,1
4.647315468744405,248.6465652990155,20038.381699775942,8.135493101157744,274.00590151546635,514.662467663534,13.700468152594032,44.911793588350974,3.907669343816231,0
5.6687319459391885,177.66209870963382,36626.110126197316,8.258609985544481,334.13466857792605,517.754979128519,14.557385810313537,51.61392531496193,2.6638518663886623,0
6.899617867614285,170.1688770781849,16066.974287650983,7.242234693848873,375.09901647428666,515.5304163796726,15.738593063047876,75.72689209129325,3.7429218146192826,0
7.217257390186678,197.7151964907197,16629.752408543747,8.525036211119183,371.2349867363351,429.80621327221746,19.2471874117127,58.29975502637183,5.307654672288411,1
5.418600524729332,210.66651193115283,35379.88276579478,11.142766166789611,364.54750429533715,368.33432135490705,12.704114066144179,77.60480715391176,3.838422844598963,0
10.625164713100279,183.41965778753863,18113.142653351413,9.825441406151407,322.31536604967584,441.67398375475926,16.14256956236518,71.12172626253577,3.15877306825968,0
9.309099261222752,214.04644041741207,36051.07668923365,6.294416931532774,382.60835452061923,502.3516077196568,10.002059471793626,95.59269955804145,4.357414783057495,0
7.965113930976951,206.4410222757531,29833.06148464103,4.827255701382553,366.78995402159086,508.9878681385838,12.910981635583365,74.66879899353425,3.449584937174593,0
7.185894186087105,163.55565629618303,20658.240453148665,6.478280761813391,341.4525081822496,391.48787217110197,15.526932766447576,83.9712189683048,3.918167343539017,0
6.768052814245307,213.4227264836381,6116.5290733270085,5.6237672303245905,342.47458858423903,451.69528373605436,16.568078845239143,72.73772113752142,2.9802979511731222,1
5.680679863767313,224.7541733316824,21844.721983238833,7.83312912562612,322.7962355151804,320.4476252144899,11.786800502240109,71.31067551200121,3.1614331542743495,0
7.193896362222728,202.00619646919614,22905.104054239848,5.2537142077013925,300.90517578639395,505.8038178239028,12.820979486200564,84.76784007412698,4.545374218793603,1
7.458896234009844,234.25754315421182,32247.3563279581,7.004940556507259,378.4906362538008,362.9108193690476,19.114442463781536,76.94693603669523,4.060376087932848,0
5.254611954042012,156.3539373077552,35940.37173694759,8.44406220616737,381.20319688875935,489.6664856069767,18.125917530968827,69.71270317633865,3.3646752382626035,0
7.571239333349999,211.75153037547398,16008.649853395562,6.960900520948861,301.8282956431786,333.334697101101,14.969993388443331,69.64317408171165,4.063237401637824,1
6.851769198227619,157.90287318073803,29038.234796690114,5.624824160058481,328.2222041316166,509.55871939893217,6.876704542839431,74.88787624756567,3.496425567192738,1
